--
-- PostgreSQL database dump
--

-- Dumped from database version 16.9 (Ubuntu 16.9-0ubuntu0.24.04.1)
-- Dumped by pg_dump version 16.9 (Ubuntu 16.9-0ubuntu0.24.04.1)

SET statement_timeout = 0;
SET lock_timeout = 0;
SET idle_in_transaction_session_timeout = 0;
SET client_encoding = 'UTF8';
SET standard_conforming_strings = on;
SELECT pg_catalog.set_config('search_path', '', false);
SET check_function_bodies = false;
SET xmloption = content;
SET client_min_messages = warning;
SET row_security = off;

--
-- Data for Name: accounts; Type: TABLE DATA; Schema: public; Owner: phong
--

INSERT INTO public.accounts (id, created_at, deleted_at, disable_date, email, enable_date, is_verified, otp, otp_expiry, password, role, verification_code) VALUES (2, '2025-04-17 14:11:35.385778', NULL, '2026-04-17', 'customer@gmail.com', '2025-04-17', false, NULL, NULL, 'string', 'CUSTOMER', NULL);
INSERT INTO public.accounts (id, created_at, deleted_at, disable_date, email, enable_date, is_verified, otp, otp_expiry, password, role, verification_code) VALUES (8, '2025-05-08 11:08:58.873873', NULL, NULL, 'cus2@gmail.com', NULL, false, NULL, NULL, '123456', 'CUSTOMER', NULL);
INSERT INTO public.accounts (id, created_at, deleted_at, disable_date, email, enable_date, is_verified, otp, otp_expiry, password, role, verification_code) VALUES (9, '2025-05-08 11:16:25.04038', NULL, NULL, '21522458@gm.uit.edu.vn', NULL, false, NULL, NULL, '123456789', 'CUSTOMER', NULL);
INSERT INTO public.accounts (id, created_at, deleted_at, disable_date, email, enable_date, is_verified, otp, otp_expiry, password, role, verification_code) VALUES (6, '2025-05-08 10:59:23.342558', NULL, '2025-05-14', 'cus1@gmail.com', '2025-05-13', false, NULL, NULL, 'string', 'CUSTOMER', NULL);
INSERT INTO public.accounts (id, created_at, deleted_at, disable_date, email, enable_date, is_verified, otp, otp_expiry, password, role, verification_code) VALUES (1, '2025-04-17 14:03:37.543768', NULL, '2026-04-17', 'phong@gmail.com', '2025-04-17', true, '803045', '2025-05-30 10:00:27.709892', 'string', 'ADMIN', NULL);


--
-- Data for Name: profiles; Type: TABLE DATA; Schema: public; Owner: phong
--

INSERT INTO public.profiles (id, created_at, deleted_at, account_id, full_name, image_url_id) VALUES (1, '2025-04-17 14:03:37.543768', NULL, NULL, 'phong', NULL);
INSERT INTO public.profiles (id, created_at, deleted_at, account_id, full_name, image_url_id) VALUES (2, '2025-04-17 14:06:24.94946', NULL, NULL, 'phong', NULL);
INSERT INTO public.profiles (id, created_at, deleted_at, account_id, full_name, image_url_id) VALUES (5, '2025-04-17 14:11:35.385778', NULL, 2, 'phong', NULL);
INSERT INTO public.profiles (id, created_at, deleted_at, account_id, full_name, image_url_id) VALUES (3, '2025-04-17 14:07:38.571169', NULL, 6, 'abc', NULL);
INSERT INTO public.profiles (id, created_at, deleted_at, account_id, full_name, image_url_id) VALUES (6, '2025-05-08 11:08:58.873873', NULL, 8, 'p', NULL);
INSERT INTO public.profiles (id, created_at, deleted_at, account_id, full_name, image_url_id) VALUES (7, '2025-05-08 11:16:25.04038', NULL, 9, 'thanh phong', NULL);
INSERT INTO public.profiles (id, created_at, deleted_at, account_id, full_name, image_url_id) VALUES (4, '2025-04-17 14:09:04.700595', NULL, 1, 'abc', NULL);


--
-- Data for Name: blogs; Type: TABLE DATA; Schema: public; Owner: phong
--

INSERT INTO public.blogs (id, created_at, deleted_at, content, image_url_id, profile_id, published_at, subtitle, title) VALUES (1, '2025-05-18 00:38:35.529595', NULL, '<p>string</p>', NULL, 4, '2025-05-18 00:30:18.654', 'string', 'string');
INSERT INTO public.blogs (id, created_at, deleted_at, content, image_url_id, profile_id, published_at, subtitle, title) VALUES (2, '2025-05-18 00:40:01.774669', NULL, '<p>string</p>', NULL, 4, '2025-05-18 00:30:18.654', 'string', 'string');
INSERT INTO public.blogs (id, created_at, deleted_at, content, image_url_id, profile_id, published_at, subtitle, title) VALUES (3, '2025-05-21 18:42:05.171284', NULL, '<p>alkjsdlkajskdjkajsdjfkla<p/>', NULL, 4, '2025-05-21 18:41:31.409', 'sth', 'sth');
INSERT INTO public.blogs (id, created_at, deleted_at, content, image_url_id, profile_id, published_at, subtitle, title) VALUES (4, '2025-05-21 18:43:09.769097', NULL, '<p>alkjsdlkajskdjkajsdjfkla<p/>', NULL, 4, '2025-05-21 18:41:31.409', 'sth', 'sth');
INSERT INTO public.blogs (id, created_at, deleted_at, content, image_url_id, profile_id, published_at, subtitle, title) VALUES (5, '2025-05-21 18:43:25.194611', NULL, '<p>alkjsdlkajskdjkajsdjfkla<p/>', NULL, 4, '2025-05-21 18:41:31.409', 'sth', 'sth');
INSERT INTO public.blogs (id, created_at, deleted_at, content, image_url_id, profile_id, published_at, subtitle, title) VALUES (6, '2025-05-21 18:45:21.956605', NULL, 'well another content', 'ecommerce/blog/265b3783-9465-4a9e-8dfc-4df3e3e6271f.png', 4, '2025-05-27 13:30:23.285', 'olka subtitle', 'olka');
INSERT INTO public.blogs (id, created_at, deleted_at, content, image_url_id, profile_id, published_at, subtitle, title) VALUES (7, '2025-05-27 14:08:20.407236', NULL, '<p>you can have jetbrains product at cheap price at holy shop</p><p>with just $20</p><p>but hey, it''s 10% cheaper</p><p>OK WITH extra contents</p>', 'ecommerce/blog/bdef69b1-30dd-4f3d-af67-63226d5174ea.png', 4, '2025-05-27 14:36:00', 'A very good product at cheap price', 'Jetbrains for Education - AI powered');


--
-- Data for Name: genre1; Type: TABLE DATA; Schema: public; Owner: phong
--

INSERT INTO public.genre1 (id, created_at, deleted_at, name) VALUES (1, '2025-04-25 15:19:19.259669', NULL, 'Game');
INSERT INTO public.genre1 (id, created_at, deleted_at, name) VALUES (2, '2025-05-14 02:11:06.184225', NULL, 'Mẹo hay');
INSERT INTO public.genre1 (id, created_at, deleted_at, name) VALUES (3, '2025-05-14 02:11:07.893819', NULL, 'AI');
INSERT INTO public.genre1 (id, created_at, deleted_at, name) VALUES (4, '2025-05-14 02:11:09.183369', NULL, 'Movies');


--
-- Data for Name: genre2; Type: TABLE DATA; Schema: public; Owner: phong
--

INSERT INTO public.genre2 (id, created_at, deleted_at, genre1_id, name) VALUES (1, '2025-04-25 15:23:37.771039', NULL, 1, 'Esport');
INSERT INTO public.genre2 (id, created_at, deleted_at, genre1_id, name) VALUES (2, '2025-04-25 15:23:37.771039', NULL, 1, 'game miễn phí');
INSERT INTO public.genre2 (id, created_at, deleted_at, genre1_id, name) VALUES (3, '2025-05-14 02:12:10.241431', NULL, 1, 'Mẹo chơi game');
INSERT INTO public.genre2 (id, created_at, deleted_at, genre1_id, name) VALUES (4, '2025-05-14 02:12:10.256542', NULL, 1, 'Tin tức game');
INSERT INTO public.genre2 (id, created_at, deleted_at, genre1_id, name) VALUES (5, '2025-05-14 02:12:13.593002', NULL, 2, 'Điện thoại');
INSERT INTO public.genre2 (id, created_at, deleted_at, genre1_id, name) VALUES (6, '2025-05-14 02:12:13.606242', NULL, 2, 'Ứng dụng');
INSERT INTO public.genre2 (id, created_at, deleted_at, genre1_id, name) VALUES (7, '2025-05-14 02:12:13.617468', NULL, 2, 'Máy tính');
INSERT INTO public.genre2 (id, created_at, deleted_at, genre1_id, name) VALUES (8, '2025-05-14 02:12:13.630135', NULL, 2, 'Phần cứng');
INSERT INTO public.genre2 (id, created_at, deleted_at, genre1_id, name) VALUES (9, '2025-05-14 02:12:13.641187', NULL, 2, 'Thủ thuật');
INSERT INTO public.genre2 (id, created_at, deleted_at, genre1_id, name) VALUES (10, '2025-05-14 02:12:16.524289', NULL, 4, 'Đánh giá');
INSERT INTO public.genre2 (id, created_at, deleted_at, genre1_id, name) VALUES (11, '2025-05-14 02:12:16.54024', NULL, 4, 'Giới thiệu phim');
INSERT INTO public.genre2 (id, created_at, deleted_at, genre1_id, name) VALUES (12, '2025-05-14 02:12:16.553861', NULL, 4, 'Netflix');
INSERT INTO public.genre2 (id, created_at, deleted_at, genre1_id, name) VALUES (13, '2025-05-14 02:12:16.567998', NULL, 4, 'Phim chiếu rạp');


--
-- Data for Name: blogs_genres; Type: TABLE DATA; Schema: public; Owner: phong
--

INSERT INTO public.blogs_genres (blog_id, genre2_id) VALUES (1, 1);
INSERT INTO public.blogs_genres (blog_id, genre2_id) VALUES (2, 7);
INSERT INTO public.blogs_genres (blog_id, genre2_id) VALUES (3, 3);
INSERT INTO public.blogs_genres (blog_id, genre2_id) VALUES (4, 3);
INSERT INTO public.blogs_genres (blog_id, genre2_id) VALUES (6, 1);
INSERT INTO public.blogs_genres (blog_id, genre2_id) VALUES (7, 5);
INSERT INTO public.blogs_genres (blog_id, genre2_id) VALUES (7, 6);
INSERT INTO public.blogs_genres (blog_id, genre2_id) VALUES (7, 11);
INSERT INTO public.blogs_genres (blog_id, genre2_id) VALUES (7, 9);


--
-- Data for Name: categories; Type: TABLE DATA; Schema: public; Owner: phong
--

INSERT INTO public.categories (id, created_at, deleted_at, description, image_url_id, name) VALUES (2, '2025-04-17 14:57:37.941007', '2025-04-17 14:57:43.135256', '', NULL, 'deleted ones');
INSERT INTO public.categories (id, created_at, deleted_at, description, image_url_id, name) VALUES (1, '2025-04-17 14:54:55.201424', '2025-06-17 04:19:11.988654', 'math', NULL, 'edu');
INSERT INTO public.categories (id, created_at, deleted_at, description, image_url_id, name) VALUES (3, '2025-05-24 12:23:09.534198', '2025-06-17 04:19:11.988654', 'string', NULL, 'Sport');
INSERT INTO public.categories (id, created_at, deleted_at, description, image_url_id, name) VALUES (4, '2025-05-24 12:23:15.88427', '2025-06-17 04:19:11.988654', 'string', NULL, 'Gaming');
INSERT INTO public.categories (id, created_at, deleted_at, description, image_url_id, name) VALUES (5, '2025-05-24 12:23:21.197405', '2025-06-17 04:19:11.988654', 'string', NULL, 'News');
INSERT INTO public.categories (id, created_at, deleted_at, description, image_url_id, name) VALUES (6, '2025-05-24 12:23:34.226385', '2025-06-17 04:19:11.988654', 'string', NULL, 'Tradings');
INSERT INTO public.categories (id, created_at, deleted_at, description, image_url_id, name) VALUES (7, '2025-05-24 12:23:43.704757', '2025-06-17 04:19:11.988654', 'string', NULL, 'Politics');
INSERT INTO public.categories (id, created_at, deleted_at, description, image_url_id, name) VALUES (8, '2025-06-17 04:22:05.982056', NULL, 'Các sản phẩm liên quan đến hệ điều hành', 'ecommerce/category/379c8663-cb0e-42d9-8e61-464daa3a9d40.png', 'Hệ điều hành');
INSERT INTO public.categories (id, created_at, deleted_at, description, image_url_id, name) VALUES (9, '2025-06-17 04:23:18.371113', NULL, 'Các sản phẩm liên quan đến văn phòng và tăng năng suất làm việc', 'ecommerce/category/d0dda88f-a909-46da-b43d-0da3c8393830.png', 'Văn phòng & Năng suất');
INSERT INTO public.categories (id, created_at, deleted_at, description, image_url_id, name) VALUES (10, '2025-06-17 04:24:06.330395', NULL, 'Các sản phẩm liên quan đến thiết kế đồ họa, chỉnh sửa video, hình ảnh', 'ecommerce/category/c6464628-5670-43e2-8bfb-c1ee52d4baf4.png', 'Thiết kế đồ họa');
INSERT INTO public.categories (id, created_at, deleted_at, description, image_url_id, name) VALUES (11, '2025-06-17 04:26:24.146295', NULL, 'Các phầm mềm hỗ trợ trong việc lập trình', 'ecommerce/category/04887be6-54da-4e9d-9546-528ddcbe43bd.png', 'Lập trình');
INSERT INTO public.categories (id, created_at, deleted_at, description, image_url_id, name) VALUES (12, '2025-06-17 04:31:31.432224', NULL, 'Các phần mềm dùng trong vấn đề bảo mật và diệt virus', 'ecommerce/category/7e7a0668-8542-45c3-9613-d1e4b1097b23.png', 'Bảo mật & Diệt virus');
INSERT INTO public.categories (id, created_at, deleted_at, description, image_url_id, name) VALUES (13, '2025-06-17 04:34:14.065643', NULL, 'Các công cụ tiện ích cho máy tính', 'ecommerce/category/6c113c65-6fae-4954-9fc0-5a0869522b14.png', 'Tiện ích hệ thống');
INSERT INTO public.categories (id, created_at, deleted_at, description, image_url_id, name) VALUES (14, '2025-06-17 04:35:05.215963', NULL, 'Các phầm mềm trò chơi', 'ecommerce/category/6e9fb679-43fb-4205-9f17-907aaa686c92.png', 'Games');
INSERT INTO public.categories (id, created_at, deleted_at, description, image_url_id, name) VALUES (15, '2025-06-17 14:06:38.894633', NULL, 'Các sản phẩm thuộc Steam Wallet', 'ecommerce/category/fcb41648-ee26-49a6-88a3-70123f79a124.png', 'Steam Wallet');


--
-- Data for Name: product_description; Type: TABLE DATA; Schema: public; Owner: phong
--

INSERT INTO public.product_description (id, created_at, deleted_at, description, info, platform, policy, tutorial) VALUES (2, '2025-04-17 16:44:12.911651', NULL, 'string', 'string', 'string', 'string', 'string');
INSERT INTO public.product_description (id, created_at, deleted_at, description, info, platform, policy, tutorial) VALUES (3, '2025-04-17 16:49:31.057025', NULL, 'string', 'string', 'string', 'string', 'string');
INSERT INTO public.product_description (id, created_at, deleted_at, description, info, platform, policy, tutorial) VALUES (13, '2025-05-11 17:06:00.69428', NULL, 'abc', 'string', 'platform', 'string', 'tutor');
INSERT INTO public.product_description (id, created_at, deleted_at, description, info, platform, policy, tutorial) VALUES (15, '2025-05-12 21:32:20.404573', NULL, 'string', 'string', 'string', 'string', 'string');
INSERT INTO public.product_description (id, created_at, deleted_at, description, info, platform, policy, tutorial) VALUES (16, '2025-05-12 21:36:49.037095', NULL, '<p>This is the platform</p>', '<p>This is the tutorial</p>', '<p>This is the description</p>', '<p>This is the description</p>', '<p>This is the information</p>');
INSERT INTO public.product_description (id, created_at, deleted_at, description, info, platform, policy, tutorial) VALUES (17, '2025-05-12 21:51:07.058552', NULL, '<p>This is the platform</p>', '<p>This is the tutorial</p>', '<p>This is the description</p>', '<p>This is the description</p>', '<p>This is the information</p>');
INSERT INTO public.product_description (id, created_at, deleted_at, description, info, platform, policy, tutorial) VALUES (18, '2025-05-12 23:37:51.33737', NULL, 'string', 'string', 'string', 'string', 'string');
INSERT INTO public.product_description (id, created_at, deleted_at, description, info, platform, policy, tutorial) VALUES (1, '2025-04-17 16:13:40.831946', NULL, '123123123', '123123', 'asdasd', '123123123123123130000', '123');
INSERT INTO public.product_description (id, created_at, deleted_at, description, info, platform, policy, tutorial) VALUES (21, '2025-05-24 12:23:53.166715', NULL, ' <html lang="en">  <body>     <h1>Lorem Ipsum Test Document</h1>     <p>Lorem ipsum dolor sit amet, consectetur adipiscing elit. Sed do eiusmod tempor incididunt ut labore et dolore magna aliqua. Ut enim ad minim veniam, quis nostrud exercitation ullamco laboris nisi ut aliquip ex ea commodo consequat.</p>          <h2>Key Points</h2>     <ul>         <li>Lorem ipsum dolor sit amet</li>         <li>Consectetur adipiscing elit</li>         <li>Sed do eiusmod tempor incididunt</li>         <li>Ut labore et dolore magna aliqua</li>         <li>Ut enim ad minim veniam</li>     </ul>      <p>Quisque volutpat condimentum velit. Class aptent taciti sociosqu ad litora torquent per conubia nostra, per inceptos himenaeos. Curabitur sodales ligula in libero. Sed dignissim lacinia nunc.</p>      <h2>Additional Information</h2>     <ul>         <li>Proin sagittis nisl rhoncus mattis</li>         <li>Praesent libero</li>         <li>Fusce nec tellus sed augue semper porta</li>         <li>Mauris massa</li>         <li>Vestibulum lacinia arcu eget nulla</li>     </ul>      <p>Class aptent taciti sociosqu ad litora torquent per conubia nostra, per inceptos himenaeos. Aenean lacinia bibendum nulla sed consectetur.</p>      <p>Donec ullamcorper nulla non metus auctor fringilla. Nulla vitae elit libero, a pharetra augue. Aenean lacinia bibendum nulla sed consectetur.</p>      <p>In hac habitasse platea dictumst. Maecenas faucibus mollis interdum. Sed posuere consectetur est at lobortis.</p>      <p>Vestibulum id ligula porta felis euismod semper. Cras justo odio, dapibus ac facilisis in, egestas eget quam.</p>      <p>Curabitur blandit tempus porttitor. Integer posuere erat a ante venenatis dapibus posuere velit aliquet.</p>      <p>Morbi leo risus, porta ac consectetur ac, vestibulum at eros. Praesent commodo cursus magna, vel scelerisque nisl consectetur et.</p>      <p>Donec ullamcorper nulla non metus auctor fringilla. Nulla vitae elit libero, a pharetra augue.</p>      <p>Vestibulum id ligula porta felis euismod semper. Cras justo odio, dapibus ac facilisis in, egestas eget quam.</p>      <p>Curabitur blandit tempus porttitor. Integer posuere erat a ante venenatis dapibus posuere velit aliquet.</p>      <p>Morbi leo risus, porta ac consectetur ac, vestibulum at eros. Praesent commodo cursus magna, vel scelerisque nisl consectetur et.</p> </body> </html>', ' <html lang="en">  <body>     <h1>Lorem Ipsum Test Document</h1>     <p>Lorem ipsum dolor sit amet, consectetur adipiscing elit. Sed do eiusmod tempor incididunt ut labore et dolore magna aliqua. Ut enim ad minim veniam, quis nostrud exercitation ullamco laboris nisi ut aliquip ex ea commodo consequat.</p>          <h2>Key Points</h2>     <ul>         <li>Lorem ipsum dolor sit amet</li>         <li>Consectetur adipiscing elit</li>         <li>Sed do eiusmod tempor incididunt</li>         <li>Ut labore et dolore magna aliqua</li>         <li>Ut enim ad minim veniam</li>     </ul>      <p>Quisque volutpat condimentum velit. Class aptent taciti sociosqu ad litora torquent per conubia nostra, per inceptos himenaeos. Curabitur sodales ligula in libero. Sed dignissim lacinia nunc.</p>      <h2>Additional Information</h2>     <ul>         <li>Proin sagittis nisl rhoncus mattis</li>         <li>Praesent libero</li>         <li>Fusce nec tellus sed augue semper porta</li>         <li>Mauris massa</li>         <li>Vestibulum lacinia arcu eget nulla</li>     </ul>      <p>Class aptent taciti sociosqu ad litora torquent per conubia nostra, per inceptos himenaeos. Aenean lacinia bibendum nulla sed consectetur.</p>      <p>Donec ullamcorper nulla non metus auctor fringilla. Nulla vitae elit libero, a pharetra augue. Aenean lacinia bibendum nulla sed consectetur.</p>      <p>In hac habitasse platea dictumst. Maecenas faucibus mollis interdum. Sed posuere consectetur est at lobortis.</p>      <p>Vestibulum id ligula porta felis euismod semper. Cras justo odio, dapibus ac facilisis in, egestas eget quam.</p>      <p>Curabitur blandit tempus porttitor. Integer posuere erat a ante venenatis dapibus posuere velit aliquet.</p>      <p>Morbi leo risus, porta ac consectetur ac, vestibulum at eros. Praesent commodo cursus magna, vel scelerisque nisl consectetur et.</p>      <p>Donec ullamcorper nulla non metus auctor fringilla. Nulla vitae elit libero, a pharetra augue.</p>      <p>Vestibulum id ligula porta felis euismod semper. Cras justo odio, dapibus ac facilisis in, egestas eget quam.</p>      <p>Curabitur blandit tempus porttitor. Integer posuere erat a ante venenatis dapibus posuere velit aliquet.</p>      <p>Morbi leo risus, porta ac consectetur ac, vestibulum at eros. Praesent commodo cursus magna, vel scelerisque nisl consectetur et.</p> </body> </html>', ' <html lang="en">  <body>     <h1>Lorem Ipsum Test Document</h1>     <p>Lorem ipsum dolor sit amet, consectetur adipiscing elit. Sed do eiusmod tempor incididunt ut labore et dolore magna aliqua. Ut enim ad minim veniam, quis nostrud exercitation ullamco laboris nisi ut aliquip ex ea commodo consequat.</p>          <h2>Key Points</h2>     <ul>         <li>Lorem ipsum dolor sit amet</li>         <li>Consectetur adipiscing elit</li>         <li>Sed do eiusmod tempor incididunt</li>         <li>Ut labore et dolore magna aliqua</li>         <li>Ut enim ad minim veniam</li>     </ul>      <p>Quisque volutpat condimentum velit. Class aptent taciti sociosqu ad litora torquent per conubia nostra, per inceptos himenaeos. Curabitur sodales ligula in libero. Sed dignissim lacinia nunc.</p>      <h2>Additional Information</h2>     <ul>         <li>Proin sagittis nisl rhoncus mattis</li>         <li>Praesent libero</li>         <li>Fusce nec tellus sed augue semper porta</li>         <li>Mauris massa</li>         <li>Vestibulum lacinia arcu eget nulla</li>     </ul>      <p>Class aptent taciti sociosqu ad litora torquent per conubia nostra, per inceptos himenaeos. Aenean lacinia bibendum nulla sed consectetur.</p>      <p>Donec ullamcorper nulla non metus auctor fringilla. Nulla vitae elit libero, a pharetra augue. Aenean lacinia bibendum nulla sed consectetur.</p>      <p>In hac habitasse platea dictumst. Maecenas faucibus mollis interdum. Sed posuere consectetur est at lobortis.</p>      <p>Vestibulum id ligula porta felis euismod semper. Cras justo odio, dapibus ac facilisis in, egestas eget quam.</p>      <p>Curabitur blandit tempus porttitor. Integer posuere erat a ante venenatis dapibus posuere velit aliquet.</p>      <p>Morbi leo risus, porta ac consectetur ac, vestibulum at eros. Praesent commodo cursus magna, vel scelerisque nisl consectetur et.</p>      <p>Donec ullamcorper nulla non metus auctor fringilla. Nulla vitae elit libero, a pharetra augue.</p>      <p>Vestibulum id ligula porta felis euismod semper. Cras justo odio, dapibus ac facilisis in, egestas eget quam.</p>      <p>Curabitur blandit tempus porttitor. Integer posuere erat a ante venenatis dapibus posuere velit aliquet.</p>      <p>Morbi leo risus, porta ac consectetur ac, vestibulum at eros. Praesent commodo cursus magna, vel scelerisque nisl consectetur et.</p> </body> </html>', '<p> policies </p>', ' <html lang="en">  <body>     <h1>Lorem Ipsum Test Document</h1>     <p>Lorem ipsum dolor sit amet, consectetur adipiscing elit. Sed do eiusmod tempor incididunt ut labore et dolore magna aliqua. Ut enim ad minim veniam, quis nostrud exercitation ullamco laboris nisi ut aliquip ex ea commodo consequat.</p>          <h2>Key Points</h2>     <ul>         <li>Lorem ipsum dolor sit amet</li>         <li>Consectetur adipiscing elit</li>         <li>Sed do eiusmod tempor incididunt</li>         <li>Ut labore et dolore magna aliqua</li>         <li>Ut enim ad minim veniam</li>     </ul>      <p>Quisque volutpat condimentum velit. Class aptent taciti sociosqu ad litora torquent per conubia nostra, per inceptos himenaeos. Curabitur sodales ligula in libero. Sed dignissim lacinia nunc.</p>      <h2>Additional Information</h2>     <ul>         <li>Proin sagittis nisl rhoncus mattis</li>         <li>Praesent libero</li>         <li>Fusce nec tellus sed augue semper porta</li>         <li>Mauris massa</li>         <li>Vestibulum lacinia arcu eget nulla</li>     </ul>      <p>Class aptent taciti sociosqu ad litora torquent per conubia nostra, per inceptos himenaeos. Aenean lacinia bibendum nulla sed consectetur.</p>      <p>Donec ullamcorper nulla non metus auctor fringilla. Nulla vitae elit libero, a pharetra augue. Aenean lacinia bibendum nulla sed consectetur.</p>      <p>In hac habitasse platea dictumst. Maecenas faucibus mollis interdum. Sed posuere consectetur est at lobortis.</p>      <p>Vestibulum id ligula porta felis euismod semper. Cras justo odio, dapibus ac facilisis in, egestas eget quam.</p>      <p>Curabitur blandit tempus porttitor. Integer posuere erat a ante venenatis dapibus posuere velit aliquet.</p>      <p>Morbi leo risus, porta ac consectetur ac, vestibulum at eros. Praesent commodo cursus magna, vel scelerisque nisl consectetur et.</p>      <p>Donec ullamcorper nulla non metus auctor fringilla. Nulla vitae elit libero, a pharetra augue.</p>      <p>Vestibulum id ligula porta felis euismod semper. Cras justo odio, dapibus ac facilisis in, egestas eget quam.</p>      <p>Curabitur blandit tempus porttitor. Integer posuere erat a ante venenatis dapibus posuere velit aliquet.</p>      <p>Morbi leo risus, porta ac consectetur ac, vestibulum at eros. Praesent commodo cursus magna, vel scelerisque nisl consectetur et.</p> </body> </html>');
INSERT INTO public.product_description (id, created_at, deleted_at, description, info, platform, policy, tutorial) VALUES (22, '2025-05-24 12:27:02.83541', NULL, ' <html lang="en">  <body>     <h1>Lorem Ipsum Test Document</h1>     <p>Lorem ipsum dolor sit amet, consectetur adipiscing elit. Sed do eiusmod tempor incididunt ut labore et dolore magna aliqua. Ut enim ad minim veniam, quis nostrud exercitation ullamco laboris nisi ut aliquip ex ea commodo consequat.</p>          <h2>Key Points</h2>     <ul>         <li>Lorem ipsum dolor sit amet</li>         <li>Consectetur adipiscing elit</li>         <li>Sed do eiusmod tempor incididunt</li>         <li>Ut labore et dolore magna aliqua</li>         <li>Ut enim ad minim veniam</li>     </ul>      <p>Quisque volutpat condimentum velit. Class aptent taciti sociosqu ad litora torquent per conubia nostra, per inceptos himenaeos. Curabitur sodales ligula in libero. Sed dignissim lacinia nunc.</p>      <h2>Additional Information</h2>     <ul>         <li>Proin sagittis nisl rhoncus mattis</li>         <li>Praesent libero</li>         <li>Fusce nec tellus sed augue semper porta</li>         <li>Mauris massa</li>         <li>Vestibulum lacinia arcu eget nulla</li>     </ul>      <p>Class aptent taciti sociosqu ad litora torquent per conubia nostra, per inceptos himenaeos. Aenean lacinia bibendum nulla sed consectetur.</p>      <p>Donec ullamcorper nulla non metus auctor fringilla. Nulla vitae elit libero, a pharetra augue. Aenean lacinia bibendum nulla sed consectetur.</p>      <p>In hac habitasse platea dictumst. Maecenas faucibus mollis interdum. Sed posuere consectetur est at lobortis.</p>      <p>Vestibulum id ligula porta felis euismod semper. Cras justo odio, dapibus ac facilisis in, egestas eget quam.</p>      <p>Curabitur blandit tempus porttitor. Integer posuere erat a ante venenatis dapibus posuere velit aliquet.</p>      <p>Morbi leo risus, porta ac consectetur ac, vestibulum at eros. Praesent commodo cursus magna, vel scelerisque nisl consectetur et.</p>      <p>Donec ullamcorper nulla non metus auctor fringilla. Nulla vitae elit libero, a pharetra augue.</p>      <p>Vestibulum id ligula porta felis euismod semper. Cras justo odio, dapibus ac facilisis in, egestas eget quam.</p>      <p>Curabitur blandit tempus porttitor. Integer posuere erat a ante venenatis dapibus posuere velit aliquet.</p>      <p>Morbi leo risus, porta ac consectetur ac, vestibulum at eros. Praesent commodo cursus magna, vel scelerisque nisl consectetur et.</p> </body> </html>', ' <html lang="en">  <body>     <h1>Lorem Ipsum Test Document</h1>     <p>Lorem ipsum dolor sit amet, consectetur adipiscing elit. Sed do eiusmod tempor incididunt ut labore et dolore magna aliqua. Ut enim ad minim veniam, quis nostrud exercitation ullamco laboris nisi ut aliquip ex ea commodo consequat.</p>          <h2>Key Points</h2>     <ul>         <li>Lorem ipsum dolor sit amet</li>         <li>Consectetur adipiscing elit</li>         <li>Sed do eiusmod tempor incididunt</li>         <li>Ut labore et dolore magna aliqua</li>         <li>Ut enim ad minim veniam</li>     </ul>      <p>Quisque volutpat condimentum velit. Class aptent taciti sociosqu ad litora torquent per conubia nostra, per inceptos himenaeos. Curabitur sodales ligula in libero. Sed dignissim lacinia nunc.</p>      <h2>Additional Information</h2>     <ul>         <li>Proin sagittis nisl rhoncus mattis</li>         <li>Praesent libero</li>         <li>Fusce nec tellus sed augue semper porta</li>         <li>Mauris massa</li>         <li>Vestibulum lacinia arcu eget nulla</li>     </ul>      <p>Class aptent taciti sociosqu ad litora torquent per conubia nostra, per inceptos himenaeos. Aenean lacinia bibendum nulla sed consectetur.</p>      <p>Donec ullamcorper nulla non metus auctor fringilla. Nulla vitae elit libero, a pharetra augue. Aenean lacinia bibendum nulla sed consectetur.</p>      <p>In hac habitasse platea dictumst. Maecenas faucibus mollis interdum. Sed posuere consectetur est at lobortis.</p>      <p>Vestibulum id ligula porta felis euismod semper. Cras justo odio, dapibus ac facilisis in, egestas eget quam.</p>      <p>Curabitur blandit tempus porttitor. Integer posuere erat a ante venenatis dapibus posuere velit aliquet.</p>      <p>Morbi leo risus, porta ac consectetur ac, vestibulum at eros. Praesent commodo cursus magna, vel scelerisque nisl consectetur et.</p>      <p>Donec ullamcorper nulla non metus auctor fringilla. Nulla vitae elit libero, a pharetra augue.</p>      <p>Vestibulum id ligula porta felis euismod semper. Cras justo odio, dapibus ac facilisis in, egestas eget quam.</p>      <p>Curabitur blandit tempus porttitor. Integer posuere erat a ante venenatis dapibus posuere velit aliquet.</p>      <p>Morbi leo risus, porta ac consectetur ac, vestibulum at eros. Praesent commodo cursus magna, vel scelerisque nisl consectetur et.</p> </body> </html>', ' <html lang="en">  <body>     <h1>Lorem Ipsum Test Document</h1>     <p>Lorem ipsum dolor sit amet, consectetur adipiscing elit. Sed do eiusmod tempor incididunt ut labore et dolore magna aliqua. Ut enim ad minim veniam, quis nostrud exercitation ullamco laboris nisi ut aliquip ex ea commodo consequat.</p>          <h2>Key Points</h2>     <ul>         <li>Lorem ipsum dolor sit amet</li>         <li>Consectetur adipiscing elit</li>         <li>Sed do eiusmod tempor incididunt</li>         <li>Ut labore et dolore magna aliqua</li>         <li>Ut enim ad minim veniam</li>     </ul>      <p>Quisque volutpat condimentum velit. Class aptent taciti sociosqu ad litora torquent per conubia nostra, per inceptos himenaeos. Curabitur sodales ligula in libero. Sed dignissim lacinia nunc.</p>      <h2>Additional Information</h2>     <ul>         <li>Proin sagittis nisl rhoncus mattis</li>         <li>Praesent libero</li>         <li>Fusce nec tellus sed augue semper porta</li>         <li>Mauris massa</li>         <li>Vestibulum lacinia arcu eget nulla</li>     </ul>      <p>Class aptent taciti sociosqu ad litora torquent per conubia nostra, per inceptos himenaeos. Aenean lacinia bibendum nulla sed consectetur.</p>      <p>Donec ullamcorper nulla non metus auctor fringilla. Nulla vitae elit libero, a pharetra augue. Aenean lacinia bibendum nulla sed consectetur.</p>      <p>In hac habitasse platea dictumst. Maecenas faucibus mollis interdum. Sed posuere consectetur est at lobortis.</p>      <p>Vestibulum id ligula porta felis euismod semper. Cras justo odio, dapibus ac facilisis in, egestas eget quam.</p>      <p>Curabitur blandit tempus porttitor. Integer posuere erat a ante venenatis dapibus posuere velit aliquet.</p>      <p>Morbi leo risus, porta ac consectetur ac, vestibulum at eros. Praesent commodo cursus magna, vel scelerisque nisl consectetur et.</p>      <p>Donec ullamcorper nulla non metus auctor fringilla. Nulla vitae elit libero, a pharetra augue.</p>      <p>Vestibulum id ligula porta felis euismod semper. Cras justo odio, dapibus ac facilisis in, egestas eget quam.</p>      <p>Curabitur blandit tempus porttitor. Integer posuere erat a ante venenatis dapibus posuere velit aliquet.</p>      <p>Morbi leo risus, porta ac consectetur ac, vestibulum at eros. Praesent commodo cursus magna, vel scelerisque nisl consectetur et.</p> </body> </html>', '<p> policies </p>', ' <html lang="en">  <body>     <h1>Lorem Ipsum Test Document</h1>     <p>Lorem ipsum dolor sit amet, consectetur adipiscing elit. Sed do eiusmod tempor incididunt ut labore et dolore magna aliqua. Ut enim ad minim veniam, quis nostrud exercitation ullamco laboris nisi ut aliquip ex ea commodo consequat.</p>          <h2>Key Points</h2>     <ul>         <li>Lorem ipsum dolor sit amet</li>         <li>Consectetur adipiscing elit</li>         <li>Sed do eiusmod tempor incididunt</li>         <li>Ut labore et dolore magna aliqua</li>         <li>Ut enim ad minim veniam</li>     </ul>      <p>Quisque volutpat condimentum velit. Class aptent taciti sociosqu ad litora torquent per conubia nostra, per inceptos himenaeos. Curabitur sodales ligula in libero. Sed dignissim lacinia nunc.</p>      <h2>Additional Information</h2>     <ul>         <li>Proin sagittis nisl rhoncus mattis</li>         <li>Praesent libero</li>         <li>Fusce nec tellus sed augue semper porta</li>         <li>Mauris massa</li>         <li>Vestibulum lacinia arcu eget nulla</li>     </ul>      <p>Class aptent taciti sociosqu ad litora torquent per conubia nostra, per inceptos himenaeos. Aenean lacinia bibendum nulla sed consectetur.</p>      <p>Donec ullamcorper nulla non metus auctor fringilla. Nulla vitae elit libero, a pharetra augue. Aenean lacinia bibendum nulla sed consectetur.</p>      <p>In hac habitasse platea dictumst. Maecenas faucibus mollis interdum. Sed posuere consectetur est at lobortis.</p>      <p>Vestibulum id ligula porta felis euismod semper. Cras justo odio, dapibus ac facilisis in, egestas eget quam.</p>      <p>Curabitur blandit tempus porttitor. Integer posuere erat a ante venenatis dapibus posuere velit aliquet.</p>      <p>Morbi leo risus, porta ac consectetur ac, vestibulum at eros. Praesent commodo cursus magna, vel scelerisque nisl consectetur et.</p>      <p>Donec ullamcorper nulla non metus auctor fringilla. Nulla vitae elit libero, a pharetra augue.</p>      <p>Vestibulum id ligula porta felis euismod semper. Cras justo odio, dapibus ac facilisis in, egestas eget quam.</p>      <p>Curabitur blandit tempus porttitor. Integer posuere erat a ante venenatis dapibus posuere velit aliquet.</p>      <p>Morbi leo risus, porta ac consectetur ac, vestibulum at eros. Praesent commodo cursus magna, vel scelerisque nisl consectetur et.</p> </body> </html>');
INSERT INTO public.product_description (id, created_at, deleted_at, description, info, platform, policy, tutorial) VALUES (19, '2025-05-13 00:13:31.037736', NULL, '<p>phong</p>', '<p>phong</p>', '<p>phong</p>', '<p>phong</p>', '<p>phong</p>');
INSERT INTO public.product_description (id, created_at, deleted_at, description, info, platform, policy, tutorial) VALUES (28, '2025-05-28 13:35:46.384189', NULL, '<p>sample</p>', '<p>sample</p>', '<p>sample</p>', '<p>sample</p>', '<p>sample</p>');
INSERT INTO public.product_description (id, created_at, deleted_at, description, info, platform, policy, tutorial) VALUES (29, '2025-05-28 13:43:38.39865', NULL, '<p>sample</p>', '<p>sample</p>', '<p>sample</p>', '<p>sample</p>', '<p>sample</p>');
INSERT INTO public.product_description (id, created_at, deleted_at, description, info, platform, policy, tutorial) VALUES (30, '2025-06-17 04:40:38.560491', NULL, '<p>Windows 11 Pro là hệ điều hành cao cấp đến từ Microsoft, được thiết kế dành riêng cho người dùng chuyên nghiệp và doanh nghiệp. Sản phẩm mang lại trải nghiệm làm việc hiệu quả với giao diện hiện đại, hiệu suất tối ưu, bảo mật vượt trội và khả năng hỗ trợ đa nhiệm mạnh mẽ. Tính năng nổi bật bao gồm: mã hóa BitLocker, Hỗ trợ Remote Desktop, Hyper-V, và khả năng tham gia domain.</p><p>Windows 11 Pro hỗ trợ tối đa cho các máy tính sử dụng bộ xử lý Intel/AMD mới, tăng cường khả năng bảo mật phần cứng như TPM 2.0, và tối ưu hóa tương thích với các phần mềm văn phòng, đồ họa, lập trình và quản trị hệ thống.</p>', '<ul class="list-disc ml-3"><li><p><strong>Tôi có thể sử dụng key này bao lâu?</strong> → Đây là key bản quyền vĩnh viễn, sử dụng trọn đời trên 1 thiết bị.</p></li><li><p><strong>Key có phải hàng chính hãng không?</strong> → Key là bản quyền số (Digital License) được kích hoạt trực tiếp từ Microsoft.</p></li><li><p><strong>Có thể nâng cấp từ Windows 10 lên Windows 11 bằng key này không?</strong> → Có, bạn có thể nâng cấp trực tiếp từ Windows 10 Pro lên Windows 11 Pro bằng cách nhập key bản quyền.</p></li><li><p><strong>Có thể dùng lại key sau khi cài lại máy không?</strong> → Có, nếu bạn sử dụng tài khoản Microsoft để liên kết bản quyền, bạn có thể kích hoạt lại sau khi cài lại.</p></li></ul>', '<ul class="list-disc ml-3"><li><p><strong>Hệ điều hành:</strong> Windows 11</p></li><li><p><strong>Yêu cầu tối thiểu:</strong></p><ul class="list-disc ml-3"><li><p><strong>Bộ xử lý:</strong> 1GHz hoặc nhanh hơn, ít nhất 2 lõi, trên vi xử lý 64-bit tương thích hoặc SoC</p></li><li><p><strong>RAM:</strong> 4 GB trở lên</p></li><li><p><strong>Ổ cứng: </strong>64 GB trở lên</p></li><li><p><strong>TPM:</strong> Phiên bản 2.0</p></li><li><p><strong>Card đồ họa:</strong> Tương thích DirectX 12 trở lên với trình điều khiển WDDM 2.0</p></li><li><p><strong>Màn hình:</strong> 720p trở lên, tối thiểu 9”</p></li></ul></li><li><p><strong>Khuyến nghị:</strong> CPU thế hệ 8 trở lên (Intel hoặc AMD Ryzen 3000 series), SSD, RAM từ 8GB</p></li></ul>', '<ul class="list-disc ml-3"><li><p>Bảo hành 1 đổi 1 nếu key không kích hoạt được trong vòng 30 ngày</p></li><li><p>Không áp dụng đổi trả sau khi đã kích hoạt</p></li><li><p>Hỗ trợ kỹ thuật kích hoạt và cài đặt trong suốt quá trình sử dụng</p></li><li><p>Cam kết hoàn tiền 100% nếu sản phẩm không đúng mô tả hoặc không dùng được</p></li></ul>', '<ul class="list-disc ml-3"><li><p>Sau khi mua hàng, bạn sẽ nhận được key bản quyền qua email trong vòng 1–10 phút</p></li><li><p>Tải công cụ Windows Media Creation Tool từ trang chủ Microsoft để tạo USB cài đặt nếu cần</p></li><li><p>Cài đặt Windows 11 và nhập key khi được yêu cầu để kích hoạt</p></li><li><p>Đăng nhập bằng tài khoản Microsoft để liên kết bản quyền với thiết bị</p></li><li><p>Luôn sao lưu dữ liệu trước khi cài đặt hoặc nâng cấp hệ điều hành</p></li></ul>');
INSERT INTO public.product_description (id, created_at, deleted_at, description, info, platform, policy, tutorial) VALUES (31, '2025-06-17 04:45:42.544903', NULL, '<p>Windows Server 2022 là hệ điều hành máy chủ mới nhất từ Microsoft, được thiết kế để mang lại hiệu suất cao, bảo mật cấp doanh nghiệp và khả năng tích hợp linh hoạt với môi trường đám mây. Phiên bản này hỗ trợ các trung tâm dữ liệu hiện đại với các tính năng như bảo mật theo mô hình Zero Trust, hỗ trợ giao thức HTTPS mới nhất (TLS 1.3), Windows Admin Center cải tiến, tích hợp Azure Arc, và khả năng xử lý khối lượng công việc lớn một cách ổn định và hiệu quả.</p><p>Windows Server 2022 phù hợp cho doanh nghiệp vừa và lớn, các tổ chức vận hành hệ thống máy chủ nội bộ hoặc hybrid cloud.</p>', '<ul class="list-disc ml-3"><li><p><strong>Sản phẩm này là gì?</strong> → Là bản quyền kỹ thuật số của hệ điều hành Windows Server 2022 bản tiêu chuẩn.</p></li><li><p><strong>Key sử dụng được bao lâu?</strong> → Bản quyền vĩnh viễn cho 1 máy chủ (không giới hạn thời gian sử dụng).</p></li><li><p><strong>Có cần kết nối Internet để kích hoạt không?</strong> → Có, máy chủ cần kết nối Internet để thực hiện quá trình kích hoạt bản quyền.</p></li><li><p><strong>Hỗ trợ bao nhiêu user/RDP?</strong> → Bản quyền này hỗ trợ cài đặt hệ điều hành, cần mua thêm CAL để hỗ trợ user/RDP cụ thể.</p></li><li><p><strong>Dùng key này để nâng cấp từ Windows Server 2016/2019 được không?</strong> → Có thể nâng cấp nếu hệ thống đáp ứng yêu cầu.</p></li></ul>', '<ul class="list-disc ml-3"><li><p><strong>Hệ điều hành: </strong>Windows Server 2022</p></li><li><p><strong>Phiên bản:</strong> Standard (hoặc Datacenter tùy gói chọn)</p></li><li><p><strong>Yêu cầu tối thiểu hệ thống:</strong></p><ul class="list-disc ml-3"><li><p><strong>CPU</strong>: 1.4 GHz 64-bit processor, hỗ trợ NX và DEP</p></li><li><p><strong>RAM</strong>: Tối thiểu 512MB (khuyến nghị 2GB trở lên)</p></li><li><p><strong>Ổ cứng</strong>: Tối thiểu 32 GB (tùy theo vai trò máy chủ mà cần nhiều hơn)</p></li><li><p>Hỗ trợ TPM 2.0 để khai thác các tính năng bảo mật nâng cao</p></li></ul></li><li><p><strong>Kiến trúc hỗ trợ:</strong> Chỉ 64-bit</p></li></ul>', '<ul class="list-disc ml-3"><li><p>Bảo hành key trọn đời, 1 đổi 1 nếu có lỗi kích hoạt trong vòng 30 ngày</p></li><li><p>Không hoàn tiền sau khi đã giao key thành công và được xác nhận đã kích hoạt</p></li><li><p>Hỗ trợ kỹ thuật cài đặt, kích hoạt, và hướng dẫn cấu hình cơ bản</p></li><li><p>Khách hàng chịu trách nhiệm sao lưu dữ liệu trước khi triển khai</p></li></ul>', '<ul class="list-disc ml-3"><li><p>Sau khi thanh toán, bạn sẽ nhận được key bản quyền qua email trong 5–30 phút</p></li><li><p>Tải ISO cài đặt từ trang Microsoft hoặc sử dụng công cụ tạo boot</p></li><li><p>Cài đặt Windows Server 2022 và nhập key khi được yêu cầu</p></li><li><p>Sau khi cài đặt xong, kích hoạt thông qua Internet hoặc bằng lệnh CMD</p></li><li><p>Cấu hình vai trò máy chủ theo nhu cầu: AD, DNS, DHCP, IIS, RDP v.v.</p></li><li><p>Thường xuyên cập nhật hệ điều hành và sao lưu hệ thống định kỳ</p></li></ul>');
INSERT INTO public.product_description (id, created_at, deleted_at, description, info, platform, policy, tutorial) VALUES (32, '2025-06-17 04:50:39.038297', NULL, '<p>Windows 11 Enterprise là phiên bản hệ điều hành cao cấp nhất thuộc dòng Windows 11, được thiết kế riêng cho các tổ chức và doanh nghiệp lớn. Phiên bản này cung cấp các tính năng nâng cao về bảo mật, quản lý thiết bị, triển khai linh hoạt và tối ưu hóa hiệu suất hệ thống.</p><p>Một số tính năng nổi bật gồm có: Windows Defender Application Control, Credential Guard, DirectAccess, App-V, UE-V, khả năng triển khai qua Windows Autopilot, quản lý thiết bị từ xa với Microsoft Endpoint Manager, và hỗ trợ làm việc hybrid với Azure Active Directory. Đây là lựa chọn lý tưởng cho các doanh nghiệp yêu cầu bảo mật cao và hạ tầng CNTT quy mô lớn.</p>', '<ul class="list-disc ml-3"><li><p><strong>Sản phẩm này khác gì so với Windows 11 Pro?</strong> → Windows 11 Enterprise có thêm nhiều tính năng quản lý và bảo mật cấp doanh nghiệp không có trong phiên bản Pro.</p></li><li><p><strong>Key này dùng được bao lâu?</strong> → Key bản quyền vĩnh viễn trên 1 thiết bị.</p></li><li><p><strong>Tôi có thể nâng cấp từ Windows 11 Pro lên Enterprise không?</strong> → Có, bạn có thể nâng cấp bằng cách nhập key Enterprise và hệ thống sẽ chuyển đổi phiên bản.</p></li><li><p><strong>Có cần tài khoản doanh nghiệp để sử dụng không?</strong> → Không bắt buộc, nhưng nên sử dụng với tài khoản Microsoft hoặc Azure AD để khai thác tối đa tính năng.</p></li></ul>', '<ul class="list-disc ml-3"><li><p><strong>Hệ điều hành:</strong> Windows 11 Enterprise (64-bit)</p></li><li><p><strong>Yêu cầu tối thiểu hệ thống:</strong></p><ul class="list-disc ml-3"><li><p><strong>CPU:</strong> Tối thiểu 1 GHz, 2 nhân trở lên, hỗ trợ 64-bit, với TPM 2.0</p></li><li><p><strong>RAM</strong>: 4 GB (khuyến nghị 8 GB trở lên)</p></li><li><p><strong>Ổ cứng:</strong> Tối thiểu 64 GB</p></li><li><p><strong>Card đồ họa:</strong> Hỗ trợ DirectX 12 trở lên</p></li><li><p><strong>Màn hình:</strong> Tối thiểu 9”, độ phân giải 720p</p></li></ul></li><li><p><strong>Khuyến nghị:</strong> Sử dụng SSD, CPU thế hệ 8 hoặc mới hơn để có trải nghiệm mượt mà nhất</p></li></ul>', '<ul class="list-disc ml-3"><li><p>Bảo hành trọn đời key, hỗ trợ đổi nếu không kích hoạt được trong vòng 30 ngày</p></li><li><p>Không hỗ trợ hoàn tiền sau khi key đã được giao và kích hoạt</p></li><li><p>Hỗ trợ kỹ thuật trong suốt quá trình cài đặt, nâng cấp, kích hoạt</p></li><li><p>Cam kết key chính hãng, kích hoạt trực tiếp trên máy chủ Microsoft</p></li></ul>', '<ul class="list-disc ml-3"><li><p>Sau khi đặt hàng, bạn sẽ nhận được key bản quyền qua email từ 5–15 phút</p></li><li><p>Có thể sử dụng Media Creation Tool để cài đặt mới hoặc nâng cấp</p></li><li><p>Vào Settings → System → Activation để nhập key và chuyển đổi sang phiên bản Enterprise</p></li><li><p>Đăng nhập tài khoản Microsoft để liên kết bản quyền với thiết bị</p></li><li><p>Đảm bảo cập nhật Windows đầy đủ để kích hoạt các tính năng nâng cao</p></li><li><p>Liên hệ bộ phận kỹ thuật nếu cần hỗ trợ triển khai trong môi trường doanh nghiệp</p></li></ul>');
INSERT INTO public.product_description (id, created_at, deleted_at, description, info, platform, policy, tutorial) VALUES (33, '2025-06-17 04:54:28.0591', NULL, '<p>Windows 11 Enterprise là phiên bản hệ điều hành cao cấp nhất thuộc dòng Windows 11, được thiết kế riêng cho các tổ chức và doanh nghiệp lớn. Phiên bản này cung cấp các tính năng nâng cao về bảo mật, quản lý thiết bị, triển khai linh hoạt và tối ưu hóa hiệu suất hệ thống.</p><p>Một số tính năng nổi bật gồm có: Windows Defender Application Control, Credential Guard, DirectAccess, App-V, UE-V, khả năng triển khai qua Windows Autopilot, quản lý thiết bị từ xa với Microsoft Endpoint Manager, và hỗ trợ làm việc hybrid với Azure Active Directory. Đây là lựa chọn lý tưởng cho các doanh nghiệp yêu cầu bảo mật cao và hạ tầng CNTT quy mô lớn.</p>', '<ul class="list-disc ml-3"><li><p><strong>Sản phẩm này khác gì so với Windows 11 Pro?</strong> → Windows 11 Enterprise có thêm nhiều tính năng quản lý và bảo mật cấp doanh nghiệp không có trong phiên bản Pro.</p></li><li><p><strong>Key này dùng được bao lâu?</strong> → Key bản quyền vĩnh viễn trên 1 thiết bị.</p></li><li><p><strong>Tôi có thể nâng cấp từ Windows 11 Pro lên Enterprise không?</strong> → Có, bạn có thể nâng cấp bằng cách nhập key Enterprise và hệ thống sẽ chuyển đổi phiên bản.</p></li><li><p><strong>Có cần tài khoản doanh nghiệp để sử dụng không?</strong> → Không bắt buộc, nhưng nên sử dụng với tài khoản Microsoft hoặc Azure AD để khai thác tối đa tính năng.</p></li></ul>', '<ul class="list-disc ml-3"><li><p><strong>Hệ điều hành:</strong> Windows 11 Enterprise (64-bit)</p></li><li><p><strong>Yêu cầu tối thiểu hệ thống:</strong></p><ul class="list-disc ml-3"><li><p><strong>CPU:</strong> Tối thiểu 1 GHz, 2 nhân trở lên, hỗ trợ 64-bit, với TPM 2.0</p></li><li><p><strong>RAM</strong>: 4 GB (khuyến nghị 8 GB trở lên)</p></li><li><p><strong>Ổ cứng:</strong> Tối thiểu 64 GB</p></li><li><p><strong>Card đồ họa:</strong> Hỗ trợ DirectX 12 trở lên</p></li><li><p><strong>Màn hình:</strong> Tối thiểu 9”, độ phân giải 720p</p></li></ul></li><li><p><strong>Khuyến nghị:</strong> Sử dụng SSD, CPU thế hệ 8 hoặc mới hơn để có trải nghiệm mượt mà nhất</p></li></ul>', '<ul class="list-disc ml-3"><li><p>Bảo hành trọn đời key, hỗ trợ đổi nếu không kích hoạt được trong vòng 30 ngày</p></li><li><p>Không hỗ trợ hoàn tiền sau khi key đã được giao và kích hoạt</p></li><li><p>Hỗ trợ kỹ thuật trong suốt quá trình cài đặt, nâng cấp, kích hoạt</p></li><li><p>Cam kết key chính hãng, kích hoạt trực tiếp trên máy chủ Microsoft</p></li></ul>', '<ul class="list-disc ml-3"><li><p>Sau khi đặt hàng, bạn sẽ nhận được key bản quyền qua email từ 5–15 phút</p></li><li><p>Có thể sử dụng Media Creation Tool để cài đặt mới hoặc nâng cấp</p></li><li><p>Vào Settings → System → Activation để nhập key và chuyển đổi sang phiên bản Enterprise</p></li><li><p>Đăng nhập tài khoản Microsoft để liên kết bản quyền với thiết bị</p></li><li><p>Đảm bảo cập nhật Windows đầy đủ để kích hoạt các tính năng nâng cao</p></li><li><p>Liên hệ bộ phận kỹ thuật nếu cần hỗ trợ triển khai trong môi trường doanh nghiệp</p></li></ul>');
INSERT INTO public.product_description (id, created_at, deleted_at, description, info, platform, policy, tutorial) VALUES (34, '2025-06-17 04:58:40.656048', NULL, '<p><em>Ubuntu Pro</em> là phiên bản cao cấp của hệ điều hành Ubuntu, được thiết kế dành cho các doanh nghiệp và tổ chức cần sự <strong>bảo mật nâng cao</strong>, <strong>hỗ trợ lâu dài</strong> và khả năng tích hợp với <strong>đám mây</strong>.<br>Điểm nổi bật:</p><ul class="list-disc ml-3"><li><p>Hỗ trợ bảo mật cho toàn bộ kho phần mềm Ubuntu Main và Universe</p></li><li><p>Cập nhật bảo mật đến <strong>10 năm</strong> cho các gói phần mềm</p></li><li><p>Tích hợp liền mạch với <strong>AWS</strong>, <strong>Azure</strong>, <strong>Google Cloud</strong>, OpenStack</p></li><li><p>Bao gồm FIPS 140-2, CIS compliance và các công cụ hardening hệ thống</p></li></ul>', '<ul class="list-disc ml-3"><li><p><em>Ubuntu Pro có miễn phí không?</em><br>→ Ubuntu Pro <strong>miễn phí cho người dùng cá nhân</strong> (tối đa 5 máy) và <strong>20 máy</strong> nếu đăng ký qua Ubuntu Advantage.</p></li><li><p><em>Tôi có thể dùng Ubuntu Pro trên server không?</em><br>→ Có, Ubuntu Pro đặc biệt phù hợp để triển khai trên <strong>máy chủ</strong>, <strong>container</strong> hoặc môi trường <strong>đám mây</strong>.</p></li><li><p><em>Tôi có thể nâng cấp từ Ubuntu thường lên Ubuntu Pro?</em><br>→ Có thể nâng cấp dễ dàng thông qua lệnh CLI: <em>sudo pro attach &lt;token&gt; </em></p></li></ul>', '<ul class="list-disc ml-3"><li><p><strong>Hệ điều hành:</strong> Ubuntu (18.04 LTS, 20.04 LTS, 22.04 LTS...)</p></li><li><p><strong>Kiến trúc hỗ trợ:</strong> x86_64, ARM</p></li><li><p><strong>Yêu cầu phần cứng tối thiểu:</strong></p><ul class="list-disc ml-3"><li><p>CPU: 2 nhân</p></li><li><p>RAM: 2GB</p></li><li><p>Ổ cứng: 25GB</p></li></ul></li><li><p><strong>Khuyến nghị</strong>:</p><ul class="list-disc ml-3"><li><p>RAM từ 4GB trở lên</p></li><li><p>SSD để cải thiện hiệu năng</p></li></ul></li></ul>', '<ul class="list-disc ml-3"><li><p>Ubuntu Pro cung cấp theo dạng <strong>đăng ký điện tử</strong> từ Canonical.</p></li><li><p>Gói miễn phí cho cá nhân có thể đăng ký và hủy bất kỳ lúc nào.</p></li><li><p>Với bản trả phí (doanh nghiệp), khách hàng được hỗ trợ kỹ thuật từ Canonical.</p></li></ul>', '<ul class="list-disc ml-3"><li><p>Đăng ký Ubuntu Pro tại <a target="_blank" rel="noopener noreferrer nofollow" class="text-blue-500 underline cursor-pointer hover:text-blue-700" href="https://ubuntu.com/pro">https://ubuntu.com/pro</a></p></li><li><p>Sau khi đăng ký, nhận token kích hoạt và chạy lệnh: <em>sudo pro attach &lt;token&gt; </em> </p></li><li><p>Kiểm tra trạng thái: <em>pro status</em></p></li><li><p>Nên kết hợp với công cụ như <strong>Landscape</strong> hoặc <strong>Canonical Livepatch</strong> để tối ưu quản lý hệ thống.</p></li></ul>');
INSERT INTO public.product_description (id, created_at, deleted_at, description, info, platform, policy, tutorial) VALUES (35, '2025-06-17 07:10:23.462901', NULL, '<p>Red Hat Enterprise Linux 9 (RHEL 9) là hệ điều hành doanh nghiệp mạnh mẽ và bảo mật cao, được thiết kế cho các môi trường <em>server</em>, <em>cloud</em>, và <em>hybrid</em>. Với khả năng ổn định lâu dài và hỗ trợ kỹ thuật chuyên nghiệp, RHEL 9 cung cấp nền tảng lý tưởng cho các doanh nghiệp triển khai ứng dụng hiện đại, bao gồm <strong>container</strong>, <strong>AI/ML</strong>, và <strong>CI/CD pipelines</strong>.</p><p>Phiên bản này cải thiện hiệu năng, mở rộng khả năng bảo mật với SELinux, OpenSSL 3, SSH rootless, và cung cấp <strong>console quản lý web mới</strong> giúp giám sát và vận hành dễ dàng hơn. Hệ thống hỗ trợ cập nhật kernel động (live patching), khả năng <strong>roll back</strong> nhanh nếu có lỗi sau cập nhật.</p>', '<ul class="list-disc ml-3"><li><p><em>Sản phẩm có bản quyền chính hãng, thời hạn sử dụng theo từng gói mua.</em></p></li><li><p><em>Hỗ trợ đa ngôn ngữ, bao gồm cả tiếng Việt (trong giao diện GNOME nếu dùng GUI).</em></p></li><li><p><em>Khách hàng có thể cài đặt nhiều máy ảo (VM) tùy theo gói subscription.</em></p></li><li><p><em>Có cần tài khoản Red Hat để kích hoạt bản quyền.</em></p></li><li><p><em>Không bao gồm giao diện đồ họa theo mặc định, người dùng có thể tùy chọn cài đặt thêm GNOME/KDE.</em></p></li></ul>', '<ul class="list-disc ml-3"><li><p><strong>Hệ điều hành:</strong> Linux</p></li><li><p><strong>Kiến trúc:</strong> x86_64, ARM64 (AArch64)</p></li><li><p><strong>Yêu cầu tối thiểu:</strong></p><ul class="list-disc ml-3"><li><p>CPU: 2 nhân</p></li><li><p>RAM: 2 GB</p></li><li><p>Ổ cứng: 10 GB</p></li></ul></li><li><p><strong>Cấu hình khuyến nghị:</strong></p><ul class="list-disc ml-3"><li><p>CPU: 4 nhân trở lên</p></li><li><p>RAM: 8 GB trở lên</p></li><li><p>SSD dung lượng 40 GB+</p></li></ul></li><li><p><strong>Hỗ trợ tốt trên máy chủ vật lý, máy ảo và cloud providers như AWS, Azure, Google Cloud.</strong></p></li></ul>', '<ul class="list-disc ml-3"><li><p>Cấp license dạng <em>subscription</em> chính hãng.</p></li><li><p>Hỗ trợ kỹ thuật và cập nhật phần mềm trong thời gian đăng ký.</p></li><li><p>Không hoàn tiền sau khi đã kích hoạt license.</p></li><li><p>Đổi license mới trong 24 giờ nếu phát sinh lỗi kỹ thuật do nhà cung cấp.</p></li></ul>', '<ul class="list-disc ml-3"><li><p><strong>Tải ISO chính thức</strong> từ trang Red Hat Portal sau khi đăng nhập tài khoản.</p></li><li><p><strong>Tạo USB boot hoặc mount ISO</strong> để cài đặt hệ điều hành.</p></li><li><p>Trong quá trình cài đặt, chọn phân vùng, cấu hình user, và thiết lập network.</p></li><li><p>Sau khi cài xong, sử dụng lệnh để kích hoạt:</p><p><code>sudo subscription-manager register</code></p><p><code>sudo subscription-manager attach --auto</code></p></li><li><p>Khuyến nghị cập nhật hệ thống bằng <code>dnf update</code> và cài đặt SELinux cho bảo mật.</p></li><li><p>Cần lưu thông tin đăng nhập Red Hat Portal để quản lý gói subscription.</p></li></ul>');
INSERT INTO public.product_description (id, created_at, deleted_at, description, info, platform, policy, tutorial) VALUES (36, '2025-06-17 07:13:40.289961', NULL, '<p>Red Hat Enterprise Linux 9 (RHEL 9) là hệ điều hành doanh nghiệp mạnh mẽ và bảo mật cao, được thiết kế cho các môi trường <em>server</em>, <em>cloud</em>, và <em>hybrid</em>. Với khả năng ổn định lâu dài và hỗ trợ kỹ thuật chuyên nghiệp, RHEL 9 cung cấp nền tảng lý tưởng cho các doanh nghiệp triển khai ứng dụng hiện đại, bao gồm <strong>container</strong>, <strong>AI/ML</strong>, và <strong>CI/CD pipelines</strong>.</p><p>Phiên bản này cải thiện hiệu năng, mở rộng khả năng bảo mật với SELinux, OpenSSL 3, SSH rootless, và cung cấp <strong>console quản lý web mới</strong> giúp giám sát và vận hành dễ dàng hơn. Hệ thống hỗ trợ cập nhật kernel động (live patching), khả năng <strong>roll back</strong> nhanh nếu có lỗi sau cập nhật.</p>', '<ul class="list-disc ml-3"><li><p><em>Sản phẩm có bản quyền chính hãng, thời hạn sử dụng theo từng gói mua.</em></p></li><li><p><em>Hỗ trợ đa ngôn ngữ, bao gồm cả tiếng Việt (trong giao diện GNOME nếu dùng GUI).</em></p></li><li><p><em>Khách hàng có thể cài đặt nhiều máy ảo (VM) tùy theo gói subscription.</em></p></li><li><p><em>Có cần tài khoản Red Hat để kích hoạt bản quyền.</em></p></li><li><p><em>Không bao gồm giao diện đồ họa theo mặc định, người dùng có thể tùy chọn cài đặt thêm GNOME/KDE.</em></p></li></ul>', '<ul class="list-disc ml-3"><li><p><strong>Hệ điều hành:</strong> Linux</p></li><li><p><strong>Kiến trúc:</strong> x86_64, ARM64 (AArch64)</p></li><li><p><strong>Yêu cầu tối thiểu:</strong></p><ul class="list-disc ml-3"><li><p>CPU: 2 nhân</p></li><li><p>RAM: 2 GB</p></li><li><p>Ổ cứng: 10 GB</p></li></ul></li><li><p><strong>Cấu hình khuyến nghị:</strong></p><ul class="list-disc ml-3"><li><p>CPU: 4 nhân trở lên</p></li><li><p>RAM: 8 GB trở lên</p></li><li><p>SSD dung lượng 40 GB+</p></li></ul></li><li><p><strong>Hỗ trợ tốt trên máy chủ vật lý, máy ảo và cloud providers như AWS, Azure, Google Cloud.</strong></p></li></ul>', '<ul class="list-disc ml-3"><li><p>Cấp license dạng <em>subscription</em> chính hãng.</p></li><li><p>Hỗ trợ kỹ thuật và cập nhật phần mềm trong thời gian đăng ký.</p></li><li><p>Không hoàn tiền sau khi đã kích hoạt license.</p></li><li><p>Đổi license mới trong 24 giờ nếu phát sinh lỗi kỹ thuật do nhà cung cấp.</p></li></ul>', '<ul class="list-disc ml-3"><li><p><strong>Tải ISO chính thức</strong> từ trang Red Hat Portal sau khi đăng nhập tài khoản.</p></li><li><p><strong>Tạo USB boot hoặc mount ISO</strong> để cài đặt hệ điều hành.</p></li><li><p>Trong quá trình cài đặt, chọn phân vùng, cấu hình user, và thiết lập network.</p></li><li><p>Sau khi cài xong, sử dụng lệnh để kích hoạt:</p><p><code>sudo subscription-manager register</code></p><p><code>sudo subscription-manager attach --auto</code></p></li><li><p>Khuyến nghị cập nhật hệ thống bằng <code>dnf update</code> và cài đặt SELinux cho bảo mật.</p></li><li><p>Cần lưu thông tin đăng nhập Red Hat Portal để quản lý gói subscription.</p></li></ul>');
INSERT INTO public.product_description (id, created_at, deleted_at, description, info, platform, policy, tutorial) VALUES (37, '2025-06-17 07:14:55.764139', NULL, '<p><em>VMware ESXi 8.0</em> là nền tảng ảo hóa cấp doanh nghiệp mạnh mẽ, cung cấp hiệu suất cao, độ tin cậy vượt trội và khả năng quản lý tập trung cho các máy chủ vật lý. Đây là phiên bản mới nhất trong dòng sản phẩm VMware vSphere, cung cấp các tính năng tiên tiến như vSphere Lifecycle Manager, hỗ trợ TPM 2.0 và Secure Boot, cải tiến hiệu suất I/O và bảo mật.</p><p>Với <em>ESXi 8.0</em>, người dùng có thể tối ưu hóa hạ tầng CNTT của mình, giảm chi phí phần cứng và dễ dàng quản lý nhiều máy ảo trên một máy chủ duy nhất. Đây là giải pháp lý tưởng cho các doanh nghiệp vừa và lớn, trung tâm dữ liệu và môi trường phát triển/phòng lab.</p>', '<ul class="list-disc ml-3"><li><p><strong>VMware ESXi 8.0 có yêu cầu license không?</strong> → Có. Bản miễn phí giới hạn tính năng, trong khi bản thương mại cần license để mở toàn bộ chức năng.</p></li><li><p><strong>Có thể cài đặt ESXi lên USB không?</strong> → Có, ESXi hỗ trợ boot từ USB hoặc ổ SD.</p></li><li><p><strong>ESXi có giao diện đồ họa không?</strong> → Không. Việc quản lý chủ yếu thông qua vSphere Client hoặc dòng lệnh.</p></li><li><p><strong>Có hỗ trợ máy chủ AMD không?</strong> → Có, nhưng nên kiểm tra compatibility guide của VMware.</p></li></ul>', '<ul class="list-disc ml-3"><li><p>Hệ điều hành ảo hóa độc lập (Bare-metal hypervisor)</p></li><li><p>Yêu cầu phần cứng:</p><ul class="list-disc ml-3"><li><p>CPU 64-bit với hỗ trợ VT-x hoặc AMD-V</p></li><li><p>Hỗ trợ tối thiểu: 4GB RAM (khuyến nghị 16GB trở lên)</p></li><li><p>Ổ đĩa: Tối thiểu 32GB cho cài đặt</p></li><li><p>NIC tương thích VMware</p></li></ul></li><li><p>Hỗ trợ các máy chủ của: Dell, HP, Lenovo, Cisco, Supermicro,...</p></li><li><p>Tương thích với các hệ điều hành khách: Windows, Linux, BSD, Solaris,...</p></li></ul>', '<ul class="list-disc ml-3"><li><p>License sẽ được gửi dưới dạng <em>digital key</em> thông qua email hoặc hệ thống quản lý đơn hàng của khách hàng.</p></li><li><p>Không hỗ trợ hoàn tiền sau khi key đã được gửi.</p></li><li><p>Hỗ trợ kỹ thuật cài đặt trong vòng <strong>7 ngày</strong> kể từ khi giao hàng.</p></li><li><p>Bảo hành key hoạt động đúng chức năng, không bị thu hồi trong <strong>12 tháng</strong>.</p></li></ul>', '<ul class="list-disc ml-3"><li><p><strong>Cài đặt</strong>: Tải về bộ cài ISO chính thức từ VMware, ghi ra USB hoặc đĩa cài và boot từ đó.</p></li><li><p><strong>Kích hoạt license</strong>: Đăng nhập vSphere Client → Host → Manage → Licensing → Nhập key.</p></li><li><p><strong>Lưu ý</strong>:</p><ul class="list-disc ml-3"><li><p>Hãy sao lưu dữ liệu trước khi cài mới.</p></li><li><p>Đảm bảo phần cứng tương thích trước khi triển khai.</p></li><li><p>Nếu sử dụng cho môi trường sản xuất, nên kết hợp với VMware vCenter để quản lý hiệu quả hơn.</p></li></ul></li></ul>');
INSERT INTO public.product_description (id, created_at, deleted_at, description, info, platform, policy, tutorial) VALUES (38, '2025-06-17 07:18:20.283033', NULL, '<p><em>Oracle Linux Premier Support</em> là gói hỗ trợ toàn diện nhất từ Oracle dành cho hệ điều hành <strong>Oracle Linux</strong>, bao gồm quyền truy cập không giới hạn tới các bản vá bảo mật, nâng cấp kernel Ksplice <em>zero-downtime</em>, hỗ trợ kỹ thuật 24/7 và quyền truy cập vào các công cụ quản lý tiên tiến như <em>Oracle Linux Manager</em> và <em>Oracle Cloud Native Environment</em>.<br>Đây là giải pháp lý tưởng cho các doanh nghiệp yêu cầu tính ổn định, bảo mật và hỗ trợ kỹ thuật chuyên sâu cho hệ thống máy chủ chạy Linux.</p>', '<ul class="list-disc ml-3"><li><p><strong>Gói hỗ trợ này bao gồm bản quyền sử dụng Oracle Linux?</strong> → <em>Không, bản quyền sử dụng Oracle Linux là miễn phí. Gói Premier Support cung cấp dịch vụ hỗ trợ kỹ thuật và các công cụ nâng cao.</em></p></li><li><p><strong>Tôi có thể dùng gói này cho bao nhiêu máy?</strong> → <em>Chi phí được tính theo số lượng hệ thống CPU hoặc Core. Vui lòng liên hệ để báo giá cụ thể.</em></p></li><li><p><strong>Gói có bao gồm Ksplice? </strong>→ <em>Có, bao gồm đầy đủ tính năng cập nhật kernel mà không cần khởi động lại hệ thống.</em></p></li></ul>', '<ul class="list-disc ml-3"><li><p>Hỗ trợ trên tất cả các phiên bản của Oracle Linux từ <strong>phiên bản 6 trở lên</strong>.<br><strong>Yêu cầu hệ thống tối thiểu:</strong></p><ul class="list-disc ml-3"><li><p>CPU: x86_64 (64-bit)</p></li><li><p>RAM: Tối thiểu 1GB (khuyến nghị 2GB trở lên)</p></li><li><p>Ổ đĩa: Tối thiểu 10GB<br>Hỗ trợ các môi trường vật lý và ảo hóa (VMware, VirtualBox, KVM, Xen, Oracle VM).</p></li></ul></li></ul>', '<ul class="list-disc ml-3"><li><p>Không hoàn tiền sau khi đã cấp quyền truy cập và kích hoạt gói hỗ trợ.</p></li><li><p>Đảm bảo quyền truy cập đầy đủ đến các bản vá và dịch vụ trong thời gian đăng ký.</p></li><li><p>Có thể gia hạn khi hết hạn.</p></li><li><p>Chính sách bảo mật và dữ liệu tuân thủ tiêu chuẩn doanh nghiệp quốc tế của Oracle.</p></li></ul>', '<ul class="list-disc ml-3"><li><p>Sau khi đăng ký gói, bạn sẽ nhận được thông tin đăng nhập vào <strong>Oracle Support Portal</strong>.</p></li><li><p>Tại đây, bạn có thể:</p><ul class="list-disc ml-3"><li><p>Tạo ticket hỗ trợ 24/7</p></li><li><p>Truy cập các bản vá và tài liệu kỹ thuật chuyên sâu</p></li><li><p>Cấu hình Ksplice để cập nhật kernel mà không cần downtime</p></li></ul></li><li><p><em>Lưu ý:</em> Bạn nên liên kết hệ thống của mình với <strong>ULN (Unbreakable Linux Network)</strong> để tự động nhận cập nhật và hỗ trợ đầy đủ.</p></li><li><p>Hướng dẫn chi tiết sẽ được gửi qua email sau khi hoàn tất đơn hàng.</p></li></ul>');
INSERT INTO public.product_description (id, created_at, deleted_at, description, info, platform, policy, tutorial) VALUES (39, '2025-06-17 07:29:34.748782', NULL, '<p><strong>Zorin OS Pro</strong> là phiên bản cao cấp của hệ điều hành <strong>Zorin OS</strong>, được thiết kế đặc biệt để thay thế Windows và macOS với giao diện thân thiện, hiệu suất tối ưu và khả năng tương thích phần mềm vượt trội.<br>Phiên bản <em>Pro</em> bao gồm tất cả tính năng của bản miễn phí cộng thêm:</p><ul class="list-disc ml-3"><li><p>Giao diện tùy biến đa dạng (<em>Windows-like, macOS-like, Ubuntu-like</em>)</p></li><li><p>Bộ phần mềm cao cấp tích hợp sẵn: <strong>GIMP Pro</strong>, <strong>Video Editor</strong>, <strong>Productivity Tools</strong>, v.v.</p></li><li><p>Hỗ trợ chạy ứng dụng Windows thông qua <strong>Wine</strong> và <strong>PlayOnLinux</strong></p></li><li><p>Tối ưu hóa cho cả máy tính hiện đại lẫn máy đời cũ</p></li></ul><p>Zorin OS Pro là lựa chọn lý tưởng cho cá nhân, doanh nghiệp nhỏ, giáo viên hoặc bất kỳ ai muốn một hệ điều hành <em>ổn định, bảo mật và đẹp mắt</em>.</p>', '<ul class="list-disc ml-3"><li><p><strong>Tôi có thể cài Zorin OS Pro lên máy Windows cũ không?</strong><br>Có. Zorin OS Pro hoạt động mượt mà trên cả các máy tính cũ với cấu hình thấp.</p></li><li><p><strong>Sự khác biệt giữa bản Pro và bản miễn phí là gì?</strong><br>Bản Pro có nhiều giao diện hơn, phần mềm cao cấp cài sẵn, hỗ trợ kỹ thuật ưu tiên và tính năng cao cấp.</p></li><li><p><strong>Zorin OS Pro có hỗ trợ ngôn ngữ tiếng Việt không?</strong><br>Có, bạn có thể chọn tiếng Việt khi cài đặt hoặc cấu hình sau đó.</p></li><li><p><strong>Cần mua key mỗi lần cài lại không?</strong><br>Không. Key chỉ cần kích hoạt một lần duy nhất và gắn với tài khoản Zorin.</p></li></ul>', '<ul class="list-disc ml-3"><li><p><strong>Hệ điều hành</strong>: Hệ điều hành riêng biệt dựa trên Ubuntu (Linux)</p></li><li><p><strong>Yêu cầu tối thiểu</strong>:</p><ul class="list-disc ml-3"><li><p>CPU: 1 GHz Dual Core – 64-bit</p></li><li><p>RAM: 2 GB</p></li><li><p>Dung lượng ổ cứng: 20 GB</p></li><li><p>Màn hình: 1024×768</p></li></ul></li><li><p><strong>Khuyến nghị</strong>:</p><ul class="list-disc ml-3"><li><p>CPU: 2 GHz Dual Core trở lên</p></li><li><p>RAM: 4 GB trở lên</p></li><li><p>SSD để tối ưu tốc độ khởi động và vận hành</p></li></ul></li></ul>', '<ul class="list-disc ml-3"><li><p>Key bản quyền <strong>chính hãng từ </strong><a target="_blank" rel="noopener noreferrer nofollow" class="text-blue-500 underline cursor-pointer hover:text-blue-700" href="http://Zorin.com"><strong>Zorin.com</strong></a>, kích hoạt qua email tải về.</p></li><li><p><strong>Không hoàn tiền</strong> sau khi đã gửi key và đường link tải.</p></li><li><p>Hỗ trợ kỹ thuật qua email Zorin hoặc đội ngũ CSKH của Phoenix Shop trong vòng <em>30 ngày</em> kể từ ngày mua.</p></li></ul>', '<ol class="list-decimal ml-3"><li><p>Truy cập email để tải ISO Zorin OS Pro từ đường dẫn chính thức.</p></li><li><p>Tạo USB cài đặt bằng Rufus hoặc Etcher.</p></li><li><p>Boot vào USB và làm theo hướng dẫn cài đặt.</p></li><li><p>Sau khi cài đặt, mở <strong>Zorin Appearance</strong> để tùy chỉnh giao diện.</p></li><li><p>Nhập key bản quyền nếu được yêu cầu trong quá trình đăng ký.</p></li></ol><p><strong>Lưu ý</strong>:</p><ul class="list-disc ml-3"><li><p>Không chia sẻ key ra bên ngoài để tránh bị vô hiệu hóa.</p></li><li><p>Đảm bảo sao lưu dữ liệu trước khi cài đặt nếu cài đè lên hệ điều hành cũ.</p></li></ul>');
INSERT INTO public.product_description (id, created_at, deleted_at, description, info, platform, policy, tutorial) VALUES (40, '2025-06-17 07:31:48.581077', NULL, '<p><strong>NixOS Enterprise Edition</strong> là phiên bản doanh nghiệp cao cấp của hệ điều hành <strong>NixOS</strong>, nổi bật với kiến trúc độc đáo dựa trên <strong>quản lý cấu hình bất biến</strong> (immutable infrastructure) và tính năng <strong>rollback toàn hệ thống</strong>. Đây là giải pháp lý tưởng cho các tổ chức yêu cầu:</p><ul class="list-disc ml-3"><li><p><em>Môi trường triển khai chính xác, có thể lặp lại</em></p></li><li><p><em>Quản lý cấu hình mạnh mẽ bằng Nix language</em></p></li><li><p><em>Bảo mật cao và kiểm soát tuyệt đối hệ thống</em></p></li></ul><p>Phiên bản <strong>Enterprise Edition</strong> bao gồm:</p><ul class="list-disc ml-3"><li><p>Hỗ trợ kỹ thuật ưu tiên từ đội ngũ NixOS (SLA)</p></li><li><p>Tích hợp NixOps, Hydra CI/CD, và các công cụ DevOps chuyên sâu</p></li><li><p>Hệ thống cập nhật và rollback cấp doanh nghiệp</p></li><li><p>Tính năng cấu hình phân tán &amp; triển khai cụm (cluster)</p></li></ul>', '<ul class="list-disc ml-3"><li><p><strong>NixOS khác gì so với Ubuntu hay CentOS?</strong><br>NixOS sử dụng hệ thống quản lý gói <em>Nix Package Manager</em>, giúp cấu hình hệ thống trở nên <em>bất biến</em> và dễ dàng rollback – điều mà các bản phân phối truyền thống không hỗ trợ tốt.</p></li><li><p><strong>Tôi có thể sử dụng trên máy chủ vật lý và cloud không?</strong><br>Hoàn toàn có thể. NixOS Enterprise hỗ trợ đa nền tảng: <strong>bare-metal</strong>, <strong>VM</strong>, và <strong>cloud</strong> như AWS, Azure, GCP.</p></li><li><p><strong>Cần kiến thức DevOps để sử dụng?</strong><br>Phiên bản Enterprise hướng đến người dùng chuyên sâu, do đó có thể cần một số kiến thức về <em>CI/CD, declarative infra, DevOps pipelines</em>, nhưng được hỗ trợ đầy đủ tài liệu và kỹ thuật.</p></li><li><p><strong>Có hỗ trợ multi-user và phân quyền không?</strong><br>Có, NixOS hỗ trợ phân quyền chi tiết theo chuẩn POSIX và LDAP/AD nếu tích hợp.</p></li></ul>', '<ul class="list-disc ml-3"><li><p><strong>Hệ điều hành</strong>: Linux – NixOS (independent Linux distro)</p></li><li><p><strong>Yêu cầu tối thiểu</strong>:</p><ul class="list-disc ml-3"><li><p>CPU: Dual Core 64-bit</p></li><li><p>RAM: 4 GB</p></li><li><p>Ổ đĩa: 20 GB (khuyến nghị SSD)</p></li><li><p>Kết nối mạng ổn định</p></li></ul></li><li><p><strong>Khuyến nghị doanh nghiệp</strong>:</p><ul class="list-disc ml-3"><li><p>CPU: 4 cores trở lên</p></li><li><p>RAM: 8 GB trở lên</p></li><li><p>SSD tốc độ cao, mạng nội bộ 1Gbps+</p></li><li><p>Cấu hình RAID hoặc storage redundancy nếu chạy production</p></li></ul></li></ul>', '<ul class="list-disc ml-3"><li><p>Sản phẩm bản quyền <strong>chính hãng từ NixOS Foundation hoặc đối tác phân phối</strong></p></li><li><p>Gửi key và hướng dẫn cài đặt qua email trong vòng <em>15 phút</em> sau khi thanh toán</p></li><li><p>Hỗ trợ 1-1 qua email hoặc hệ thống ticket trong vòng <em>12 tháng</em></p></li><li><p><strong>Không hoàn tiền</strong> với lý do cá nhân hoặc sử dụng sai hướng dẫn</p></li></ul>', '<ol class="list-decimal ml-3"><li><p>Tải file ISO từ đường dẫn chính thức được cung cấp qua email</p></li><li><p>Tạo USB cài đặt bằng công cụ như Rufus hoặc dd</p></li><li><p>Khởi động hệ thống từ USB và cài đặt theo tài liệu hướng dẫn</p></li><li><p>Thiết lập cấu hình hệ thống trong file <code>configuration.nix</code></p></li><li><p>Kích hoạt license nếu có yêu cầu từ bản Enterprise</p></li></ol><p><strong>Lưu ý</strong>:</p><ul class="list-disc ml-3"><li><p><strong>Backup toàn bộ dữ liệu</strong> trước khi cài đặt.</p></li><li><p>Chỉ nên dùng bản Enterprise trong môi trường cần <em>tự động hóa, rollback và deployment chính xác</em>.</p></li><li><p>Nếu cần hỗ trợ triển khai CI/CD, hãy yêu cầu tư vấn kỹ thuật sau khi mua sản phẩm.</p></li></ul>');
INSERT INTO public.product_description (id, created_at, deleted_at, description, info, platform, policy, tutorial) VALUES (57, '2025-06-17 08:25:31.766133', NULL, '<p><strong>Notion AI – Team License</strong> là phiên bản mở rộng của Notion tích hợp AI, được thiết kế dành riêng cho nhóm hoặc tổ chức muốn nâng cao hiệu suất làm việc thông qua các công cụ hỗ trợ thông minh.</p><p>Với <strong>Notion AI</strong>, người dùng có thể:</p><ul class="list-disc ml-3"><li><p>Tự động viết, tổng hợp và định dạng nội dung.</p></li><li><p><em>Tạo ghi chú thông minh</em>, tóm tắt văn bản, sinh ý tưởng nội dung.</p></li><li><p>Phân tích văn bản, đề xuất chỉnh sửa, dịch thuật và hơn thế nữa.</p></li><li><p>Hỗ trợ mọi thành viên trong nhóm cùng truy cập AI mà <strong>không cần mua riêng từng cá nhân</strong>.</p></li><li><p>Tối ưu quy trình làm việc, tăng tốc các nhiệm vụ lặp đi lặp lại.</p></li></ul><p><strong>Bản quyền theo team</strong>: Chỉ cần nhập key theo tổ chức là toàn bộ thành viên được kích hoạt.</p>', '<ul class="list-disc ml-3"><li><p><strong>Key có giới hạn số người dùng không?</strong><br><em>Mỗi key dùng cho 1 người. Mua số lượng tương ứng với thành viên trong nhóm.</em></p></li><li><p><strong>Tôi có thể dùng với tài khoản Notion miễn phí không?</strong><br><em>Được.</em> Chỉ cần nâng cấp lên workspace team là có thể nhập license.</p></li><li><p><strong>Thời hạn sử dụng của key là bao lâu?</strong><br><strong>12 tháng</strong> kể từ ngày kích hoạt.</p></li><li><p><strong>Key dùng được với tài khoản cá nhân không?</strong><br><em>Không.</em> Phiên bản này yêu cầu Notion team workspace.</p></li></ul>', '<ul class="list-disc ml-3"><li><p><strong>Hệ điều hành:</strong> Windows, macOS, iOS, Android, Web</p></li><li><p><strong>Yêu cầu phần cứng:</strong><br><em>Tối thiểu</em>: Thiết bị có trình duyệt hiện đại, 2GB RAM<br><em>Khuyến nghị</em>: 4GB RAM trở lên để sử dụng trơn tru trên desktop app</p></li></ul>', '<ul class="list-disc ml-3"><li><p><strong>Bảo hành:</strong><br>Bảo hành <strong>7 ngày</strong> nếu key không kích hoạt được hoặc hệ thống không ghi nhận license.</p></li><li><p><strong>Hoàn tiền:</strong><br>Chỉ hỗ trợ hoàn tiền nếu có lỗi kỹ thuật từ phía hệ thống hoặc key bị trùng do nhà cung cấp.</p></li><li><p><strong>Không chấp nhận hoàn tiền</strong> với các trường hợp như: nhập sai email, key đã bị chia sẻ công khai.</p></li></ul>', '<ol class="list-decimal ml-3"><li><p>Truy cập vào workspace Notion của bạn tại <a target="_blank" rel="noopener noreferrer nofollow" class="text-blue-500 underline cursor-pointer hover:text-blue-700" href="https://www.notion.so">https://www.notion.so</a>.</p></li><li><p>Vào phần <strong>Settings &amp; Members &gt; Plans &gt; Upgrade</strong>.</p></li><li><p>Chọn phương thức kích hoạt bằng <strong>team license key</strong>.</p></li><li><p>Nhập mã key được cung cấp và hoàn tất xác nhận.</p></li><li><p>Kiểm tra xem Notion AI đã được bật cho tài khoản.</p></li></ol><p><strong>Lưu ý quan trọng:</strong></p><ul class="list-disc ml-3"><li><p>Vui lòng <strong>không chia sẻ key</strong> ra ngoài tổ chức – hệ thống sẽ tự động khóa nếu phát hiện sử dụng bất thường.</p></li><li><p>Nếu bạn là <em>admin</em>, hãy quản lý số lượng key kích hoạt tương ứng với số thành viên thực tế.</p></li></ul>');
INSERT INTO public.product_description (id, created_at, deleted_at, description, info, platform, policy, tutorial) VALUES (41, '2025-06-17 07:33:55.423686', NULL, '<p><strong>Clear Linux – Premium Enterprise Edition</strong> là phiên bản thương mại cao cấp của <strong>Clear Linux OS</strong>, được phát triển bởi <strong>Intel</strong>, tối ưu hóa đặc biệt cho <em>hiệu suất cao</em>, <em>bảo mật</em>, và <em>khả năng tự động hóa quy mô lớn</em>. Bản Premium dành riêng cho doanh nghiệp có nhu cầu triển khai <strong>máy chủ</strong>, <strong>container</strong>, hoặc <strong>workstation hiệu năng cao</strong>.</p><p>Điểm nổi bật:</p><ul class="list-disc ml-3"><li><p>Tối ưu hóa cho vi xử lý Intel® – <em>hiệu suất vượt trội so với nhiều bản Linux khác</em></p></li><li><p>Khả năng cập nhật nguyên tử (<em>atomic updates</em>) – đảm bảo hệ thống không bị hỏng khi update</p></li><li><p>Hệ thống gói <strong>bundle-based</strong> giúp cài phần mềm siêu nhanh và nhẹ</p></li><li><p>Công cụ tích hợp cho <em>DevOps, AI/ML, Data Center</em>, và container (Docker, Podman)</p></li><li><p>Hỗ trợ kỹ thuật cấp doanh nghiệp, cập nhật bảo mật thường xuyên và nhanh chóng</p></li></ul>', '<ul class="list-disc ml-3"><li><p><strong>Clear Linux dùng được cho desktop hay chỉ server?</strong><br>Có thể dùng cho cả hai, nhưng bản Premium đặc biệt tối ưu cho <strong>máy chủ doanh nghiệp</strong>, HPC và các workload AI.</p></li><li><p><strong>So sánh với Ubuntu, Fedora thì sao?</strong><br>Clear Linux có điểm <strong>hiệu năng benchmark cao hơn</strong>, đặc biệt khi chạy trên chip Intel, đồng thời có hệ thống cập nhật nhanh và ổn định hơn nhờ cơ chế stateless.</p></li><li><p><strong>Có GUI không?</strong><br>Có, bạn có thể cài giao diện như GNOME, KDE, XFCE từ các bundle chính thức.</p></li><li><p><strong>Có yêu cầu phần cứng đặc biệt không?</strong><br>Không. Nhưng dùng CPU Intel sẽ phát huy tối đa sức mạnh của hệ điều hành.</p></li></ul>', '<ul class="list-disc ml-3"><li><p><strong>Hệ điều hành</strong>: Linux – Clear Linux OS (Intel Project)</p></li><li><p><strong>Yêu cầu tối thiểu</strong>:</p><ul class="list-disc ml-3"><li><p>CPU: Intel hoặc AMD 64-bit</p></li><li><p>RAM: 2 GB</p></li><li><p>Ổ đĩa: 10 GB (khuyên dùng SSD)</p></li></ul></li><li><p><strong>Khuyến nghị cho doanh nghiệp</strong>:</p><ul class="list-disc ml-3"><li><p>CPU: Intel Xeon hoặc Core i7/i9</p></li><li><p>RAM: 8 GB trở lên</p></li><li><p>SSD NVMe tốc độ cao</p></li><li><p>Hệ thống mạng nội bộ có DNS riêng nếu triển khai nhiều node</p></li></ul></li></ul>', '<ul class="list-disc ml-3"><li><p>Cung cấp key bản quyền và đường link tải ISO chính thức từ kênh đối tác doanh nghiệp của Clear Linux</p></li><li><p>Gửi hướng dẫn triển khai, tối ưu và tài liệu API dành cho DevOps</p></li><li><p><strong>Không hoàn tiền</strong> sau khi đã giao key và tài liệu</p></li><li><p>Hỗ trợ kỹ thuật trực tiếp qua email hoặc hệ thống ticket trong vòng <em>12 tháng</em></p></li></ul>', '<ol class="list-decimal ml-3"><li><p>Truy cập đường link ISO qua email sau khi mua</p></li><li><p>Tạo USB boot bằng Rufus hoặc command line (<code>dd</code>)</p></li><li><p>Cài đặt và cấu hình bằng công cụ <code>clr-installer</code></p></li><li><p>Kích hoạt gói Premium trong bước cấu hình đầu tiên</p></li><li><p>Sử dụng <code>swupd</code> để quản lý và cập nhật phần mềm theo module cần thiết</p></li></ol><p><strong>Lưu ý</strong>:</p><ul class="list-disc ml-3"><li><p>Bản Premium phù hợp nhất cho doanh nghiệp hoặc cá nhân triển khai server, DevOps pipeline hoặc các dự án AI/ML.</p></li><li><p>Khuyến khích có kiến thức cơ bản về Linux CLI và networking.</p></li><li><p>Không nên dùng với mục đích desktop thông thường nếu bạn là người mới dùng Linux.</p></li></ul>');
INSERT INTO public.product_description (id, created_at, deleted_at, description, info, platform, policy, tutorial) VALUES (42, '2025-06-17 07:36:16.640299', NULL, '<p><strong>Windows 11 IoT Enterprise LTSC 2024</strong> là phiên bản <strong>dài hạn</strong> và <strong>ổn định</strong> nhất của dòng Windows 11 dành cho các thiết bị chuyên dụng như: máy công nghiệp, thiết bị bán hàng POS, ATM, máy y tế, hệ thống nhúng, v.v.</p><p>Phiên bản <strong>LTSC (Long-Term Servicing Channel)</strong> đảm bảo:</p><ul class="list-disc ml-3"><li><p><strong>Không có các bản cập nhật tính năng bắt buộc</strong> trong 10 năm (5 năm chính + 5 năm mở rộng)</p></li><li><p>Không bao gồm các ứng dụng tiêu dùng như Microsoft Store, Cortana, Teams,...</p></li><li><p>Dung lượng nhẹ, tối ưu hóa tài nguyên hệ thống</p></li><li><p>Tương thích hoàn hảo với thiết bị IoT, hệ thống điều khiển và các giải pháp nhúng</p></li></ul><p>Đây là lựa chọn lý tưởng cho các doanh nghiệp cần sự <strong>ổn định lâu dài</strong>, không thay đổi thường xuyên và yêu cầu hệ điều hành có vòng đời hỗ trợ dài.</p>', '<ul class="list-disc ml-3"><li><p><strong>LTSC khác gì so với bản Windows 11 Pro thông thường?</strong><br>Bản LTSC <strong>không có các bản cập nhật tính năng lớn mỗi 6 tháng</strong>, chỉ cập nhật bảo mật, giúp hệ thống ổn định lâu dài và tránh rủi ro khi nâng cấp.</p></li><li><p><strong>Có dùng cho máy tính cá nhân không?</strong><br>Có thể, nhưng bản này chủ yếu được thiết kế cho <strong>thiết bị chuyên dụng</strong>, không bao gồm các ứng dụng giải trí và tích hợp tiêu dùng như bản Home/Pro.</p></li><li><p><strong>Tôi có thể nâng cấp lên bản thường được không?</strong><br>Không. Windows 11 IoT Enterprise LTSC là nhánh riêng, <strong>không thể nâng cấp</strong> trực tiếp lên các bản tiêu chuẩn như Home hoặc Pro.</p></li><li><p><strong>Key có sử dụng lại được không?</strong><br>Đây là key bản quyền <strong>vĩnh viễn một lần kích hoạt</strong>, không chuyển nhượng giữa các máy khác nhau sau khi đã kích hoạt.</p></li></ul>', '<ul class="list-disc ml-3"><li><p><strong>Hệ điều hành</strong>: Windows 11 IoT Enterprise LTSC 2024 – 64-bit</p></li><li><p><strong>Yêu cầu tối thiểu</strong>:</p><ul class="list-disc ml-3"><li><p>CPU: 1 GHz, 2 lõi trở lên, hỗ trợ 64-bit và TPM 2.0</p></li><li><p>RAM: 4 GB</p></li><li><p>Ổ cứng: 64 GB</p></li><li><p>Màn hình: 9" trở lên, độ phân giải 720p</p></li></ul></li><li><p><strong>Khuyến nghị</strong>:</p><ul class="list-disc ml-3"><li><p>CPU Intel thế hệ 8 trở lên (hoặc AMD tương đương)</p></li><li><p>RAM 8 GB trở lên</p></li><li><p>SSD để tối ưu hóa tốc độ truy xuất và khởi động hệ thống</p></li><li><p>Thiết bị có hỗ trợ TPM và UEFI</p></li></ul></li></ul>', '<ul class="list-disc ml-3"><li><p>Cung cấp <strong>key bản quyền chính hãng</strong> Microsoft dành cho thiết bị IoT hoặc triển khai doanh nghiệp</p></li><li><p>Gửi key + link tải ISO chuẩn từ Microsoft trong vòng <em>15 phút</em> sau thanh toán</p></li><li><p><strong>Không hỗ trợ hoàn tiền</strong> sau khi đã giao key</p></li><li><p>Hỗ trợ kỹ thuật kích hoạt và cài đặt cơ bản trong <em>30 ngày</em></p></li></ul>', '<ol class="list-decimal ml-3"><li><p>Tải file ISO từ link Microsoft chính thức hoặc từ email được gửi sau khi thanh toán</p></li><li><p>Tạo USB cài đặt bằng <strong>Rufus (chọn chế độ GPT + UEFI)</strong></p></li><li><p>Cài đặt Windows như bình thường</p></li><li><p>Khi được yêu cầu nhập key, hãy sử dụng key đã cung cấp</p></li><li><p>Sau khi cài xong, tiến hành cập nhật driver và cấu hình hệ thống nếu cần</p></li></ol><p><strong>Lưu ý</strong>:</p><ul class="list-disc ml-3"><li><p>Đây là bản <strong>chuyên dụng</strong>, không phù hợp với người dùng phổ thông muốn cài game hoặc sử dụng các app giải trí.</p></li><li><p>Đảm bảo máy có hỗ trợ TPM và Secure Boot nếu muốn tương thích tuyệt đối.</p></li><li><p>Không nên cài song song với các hệ điều hành khác nếu không có kinh nghiệm kỹ thuật.</p></li></ul>');
INSERT INTO public.product_description (id, created_at, deleted_at, description, info, platform, policy, tutorial) VALUES (43, '2025-06-17 07:39:19.928537', NULL, '<p><strong>Microsoft Office 2021 Professional Plus</strong> là phiên bản mới nhất và mạnh mẽ nhất dành cho doanh nghiệp và người dùng chuyên nghiệp. Bộ công cụ bao gồm đầy đủ các ứng dụng văn phòng quen thuộc như:</p><ul class="list-disc ml-3"><li><p><strong>Microsoft Word 2021</strong> – soạn thảo văn bản chuyên nghiệp</p></li><li><p><strong>Microsoft Excel 2021</strong> – xử lý dữ liệu, bảng tính, công thức nâng cao</p></li><li><p><strong>Microsoft PowerPoint 2021</strong> – thiết kế trình chiếu ấn tượng</p></li><li><p><strong>Microsoft Outlook 2021</strong> – quản lý email, lịch làm việc hiệu quả</p></li><li><p><strong>Microsoft Publisher 2021</strong> – thiết kế ấn phẩm chuyên nghiệp</p></li><li><p><strong>Microsoft Access 2021</strong> – quản lý và xây dựng cơ sở dữ liệu mạnh mẽ</p></li></ul><p><em>Tất cả ứng dụng đều là bản vĩnh viễn</em>, không yêu cầu thuê bao định kỳ như Office 365.</p><p>✅ <strong>Bản quyền chính hãng</strong><br>✅ <strong>Sử dụng trọn đời</strong><br>✅ <strong>Dành cho 1 thiết bị (PC)</strong><br>✅ <strong>Hỗ trợ cập nhật bảo mật định kỳ từ Microsoft</strong></p>', '<ul class="list-disc ml-3"><li><p><em>Có thể cài lại khi cài lại Windows không?</em> → Có, bạn có thể kích hoạt lại trên cùng thiết bị.</p></li><li><p><em>Sử dụng trên bao nhiêu thiết bị?</em> → Một key dùng cho <strong>một thiết bị duy nhất</strong>.</p></li><li><p><em>Khác gì với Office 365?</em> → Office 2021 là bản <strong>vĩnh viễn</strong>, không thu phí hàng tháng.</p></li><li><p><em>Hỗ trợ ngôn ngữ nào?</em> → Hỗ trợ đầy đủ <strong>tiếng Việt, tiếng Anh và các ngôn ngữ phổ biến khác</strong>.</p></li></ul>', '<ul class="list-disc ml-3"><li><p><strong>Hệ điều hành hỗ trợ:</strong> <em>Windows 10, Windows 11</em></p></li><li><p><strong>Bộ xử lý:</strong> 1.6 GHz hoặc cao hơn, 2 nhân trở lên</p></li><li><p><strong>RAM:</strong> Tối thiểu 4GB (64-bit), 2GB (32-bit)</p></li><li><p><strong>Ổ đĩa:</strong> Tối thiểu 4 GB dung lượng trống</p></li><li><p><strong>Màn hình:</strong> Độ phân giải tối thiểu 1280×768</p></li></ul><blockquote><p>⚠️ <em>Không hỗ trợ macOS hoặc Linux</em></p></blockquote>', '<ul class="list-disc ml-3"><li><p><strong>Bảo hành kích hoạt:</strong> <em>1 đổi 1 trong vòng 30 ngày nếu key không kích hoạt được</em></p></li><li><p><strong>Không hoàn tiền</strong> nếu sản phẩm đã được giao và hiển thị "đã kích hoạt" trên hệ thống</p></li><li><p>Hỗ trợ kỹ thuật qua <strong>email / chat / hotline</strong></p></li></ul>', '<ol class="list-decimal ml-3"><li><p>Tải file cài đặt từ liên kết chính thức của Microsoft</p></li><li><p>Cài đặt bộ Office như hướng dẫn</p></li><li><p>Mở ứng dụng bất kỳ (Word, Excel, v.v.)</p></li><li><p>Nhập <strong>Product Key</strong> đã mua vào khung kích hoạt</p></li><li><p>Đăng nhập tài khoản Microsoft (nếu cần) để lưu key</p></li><li><p>Hoàn tất và sử dụng vĩnh viễn</p></li></ol><p><strong><em>Lưu ý:</em></strong><em> Đảm bảo thiết bị không bị lỗi hệ thống hoặc phần mềm crack, tránh ảnh hưởng đến việc kích hoạt.</em></p>');
INSERT INTO public.product_description (id, created_at, deleted_at, description, info, platform, policy, tutorial) VALUES (44, '2025-06-17 07:48:33.429341', NULL, '<p><strong><em>Microsoft 365 Business Standard</em></strong> là bộ công cụ văn phòng <em>cao cấp</em> dành cho doanh nghiệp, cung cấp đầy đủ các ứng dụng <strong>Word, Excel, PowerPoint, Outlook, Teams</strong> và nhiều dịch vụ nền tảng đám mây như <strong>Exchange</strong>, <strong>OneDrive</strong> (1TB), <strong>SharePoint</strong>, v.v.</p><p>Điểm nổi bật:</p><ul class="list-disc ml-3"><li><p>Bao gồm <strong>bản quyền hợp pháp</strong> dành cho doanh nghiệp (dạng <em>token key</em> một lần kích hoạt).</p></li><li><p>Hỗ trợ <strong>đa thiết bị</strong>: Windows, macOS, iOS, Android.</p></li><li><p>Cập nhật và nâng cấp tự động theo chu kỳ của Microsoft.</p></li><li><p>Lưu trữ đám mây dung lượng lớn, tăng hiệu suất làm việc nhóm.</p></li></ul><p>Sản phẩm rất thích hợp cho các <strong>doanh nghiệp vừa và nhỏ</strong>, yêu cầu sự ổn định, bảo mật và đồng bộ.</p>', '<ul class="list-disc ml-3"><li><p><strong><em>Key token là gì?</em></strong><br>Đây là dạng key đặc biệt dành cho doanh nghiệp, sử dụng một lần để kích hoạt tài khoản qua trang web của Microsoft.</p></li><li><p><strong><em>Có cần gia hạn không?</em></strong><br>Đây là bản quyền 1 năm, có thể gia hạn tiếp sau khi hết hạn nếu cần.</p></li><li><p><strong><em>Tài khoản có thể dùng bao nhiêu thiết bị?</em></strong><br>Một người dùng có thể sử dụng trên <strong>tối đa 5 thiết bị</strong> cùng lúc (PC/Mac/mobile/tablet).</p></li></ul>', '<ul class="list-disc ml-3"><li><p><strong>Hệ điều hành:</strong> Windows 10 trở lên, macOS 11 trở lên, iOS 13+, Android 9+</p></li><li><p><strong>Yêu cầu hệ thống tối thiểu:</strong></p><ul class="list-disc ml-3"><li><p>CPU: Dual-core 1.6 GHz trở lên</p></li><li><p>RAM: 4GB</p></li><li><p>Ổ cứng: Còn trống ít nhất 4GB</p></li></ul></li><li><p><strong>Khuyến nghị</strong>: Máy tính có kết nối Internet ổn định để sử dụng đầy đủ tính năng đám mây.</p></li></ul>', '<ul class="list-disc ml-3"><li><p><strong>Bảo hành:</strong> 1 đổi 1 trong vòng 30 ngày nếu không kích hoạt được do lỗi key.</p></li><li><p>Không hoàn tiền với lý do cá nhân (đã giao key token không thể thu hồi).</p></li><li><p>Hỗ trợ kỹ thuật trọn đời qua email/chat nếu cần cài đặt hoặc hướng dẫn.</p></li></ul>', '<ol class="list-decimal ml-3"><li><p>Truy cập trang: <a target="_blank" rel="noopener noreferrer nofollow" class="text-blue-500 underline cursor-pointer hover:text-blue-700" href="https://office.com/setup">https://office.com/setup</a></p></li><li><p>Đăng nhập hoặc tạo tài khoản Microsoft cá nhân/doanh nghiệp.</p></li><li><p>Nhập mã token được cung cấp.</p></li><li><p>Sau khi kích hoạt, tải xuống ứng dụng Office hoặc sử dụng trực tiếp qua nền tảng web.</p></li></ol><p><strong><em>Lưu ý:</em></strong> Không chia sẻ tài khoản cho người khác để tránh bị khóa bản quyền. Key sử dụng được <strong>ngay sau khi kích hoạt</strong>, vui lòng lưu trữ thông tin cẩn thận.</p>');
INSERT INTO public.product_description (id, created_at, deleted_at, description, info, platform, policy, tutorial) VALUES (45, '2025-06-17 07:50:48.23039', NULL, '<p><strong>WPS Office 2023 Premium</strong> là bộ ứng dụng văn phòng <strong>đa năng</strong>, <em>tương thích cao với Microsoft Office</em>, bao gồm các công cụ chính như <strong>Writer</strong>, <strong>Spreadsheets</strong>, <strong>Presentation</strong> và <strong>PDF Editor</strong>.<br>Phiên bản Premium mang lại trải nghiệm <strong>không quảng cáo</strong>, mở khóa toàn bộ tính năng nâng cao như:</p><ul class="list-disc ml-3"><li><p><strong>Chuyển đổi PDF sang Word/Excel</strong> không giới hạn.</p></li><li><p><strong>Hợp nhất, nén và chỉnh sửa file PDF</strong> chuyên sâu.</p></li><li><p>Hơn <strong>20GB lưu trữ đám mây</strong>, hỗ trợ đồng bộ nhiều thiết bị.</p></li><li><p>Giao diện hiện đại, <strong>đa nền tảng</strong>: Windows, macOS, Linux, Android, iOS.</p></li></ul><p>WPS là lựa chọn lý tưởng cho <strong>doanh nghiệp nhỏ, người dùng cá nhân chuyên nghiệp</strong> hoặc học sinh, sinh viên cần công cụ văn phòng <em>mạnh mẽ</em> với <strong>chi phí tối ưu</strong>.</p>', '<ul class="list-disc ml-3"><li><p><strong>Key có dùng trọn đời không?</strong><br>→ <em>Không</em>, key kích hoạt bản quyền theo <strong>năm</strong>. Thường là <strong>1 năm</strong> kể từ ngày kích hoạt.</p></li><li><p><strong>Dùng được trên mấy thiết bị?</strong><br>→ Áp dụng cho <strong>1 người dùng</strong>, có thể sử dụng trên <strong>tối đa 5 thiết bị</strong> (PC + mobile).</p></li><li><p><strong>Có hỗ trợ tiếng Việt không?</strong><br>→ Có. WPS hỗ trợ <strong>giao diện và gõ tiếng Việt</strong> đầy đủ.</p></li></ul>', '<ul class="list-disc ml-3"><li><p><strong>Hệ điều hành</strong>: Windows 7 trở lên, macOS 10.12+, Linux (DEB/RPM), Android, iOS.</p></li><li><p><strong>Yêu cầu hệ thống tối thiểu</strong>:<br>CPU: 1GHz / RAM: 2GB / Ổ cứng: 1.5GB trống</p></li><li><p><strong>Khuyến nghị cấu hình</strong>:<br>CPU: 2GHz trở lên / RAM: 4GB / Ổ cứng SSD để hiệu năng mượt hơn.</p></li></ul>', '<ul class="list-disc ml-3"><li><p><strong>Không hoàn tiền</strong> sau khi đã cấp key và khách hàng đã kích hoạt.</p></li><li><p>Cam kết <strong>key chính hãng, bảo hành kích hoạt 100%</strong>.</p></li><li><p>Trong vòng <strong>7 ngày</strong>, nếu key lỗi không kích hoạt được, sẽ <strong>đổi key mới</strong> miễn phí.</p></li></ul>', '<ol class="list-decimal ml-3"><li><p><strong>Tải và cài đặt WPS Office 2023</strong> từ <a target="_blank" rel="noopener noreferrer nofollow" class="text-blue-500 underline cursor-pointer hover:text-blue-700" href="https://www.wps.com/">https://www.wps.com/</a></p></li><li><p>Mở phần mềm, vào mục <em>Tài khoản</em> → chọn <strong>Nhập mã bản quyền</strong>.</p></li><li><p><strong>Dán key Premium được cấp</strong>, nhấn kích hoạt.</p></li><li><p>Đăng nhập tài khoản WPS để đồng bộ bản quyền với đám mây.</p></li></ol><blockquote><p>🔒 <strong>Lưu ý:</strong> Không chia sẻ key ra ngoài. Một key chỉ sử dụng cho 1 người dùng.<br>🧑‍💻 Nếu gặp sự cố, bạn có thể liên hệ hỗ trợ kỹ thuật trong 24h.</p></blockquote>');
INSERT INTO public.product_description (id, created_at, deleted_at, description, info, platform, policy, tutorial) VALUES (46, '2025-06-17 07:52:43.453427', NULL, '<p><strong>Ashampoo Office 9</strong> là bộ ứng dụng văn phòng hiện đại, <em>nhẹ nhàng nhưng mạnh mẽ</em>, cung cấp đầy đủ các công cụ để soạn thảo văn bản, xử lý bảng tính và tạo bài trình chiếu chuyên nghiệp. Phù hợp cho cả <strong>người dùng cá nhân</strong> lẫn <strong>doanh nghiệp</strong>, Ashampoo Office 9 mang đến giao diện thân thiện, dễ sử dụng và khả năng tương thích cao với Microsoft Office.</p><p><strong>Tính năng nổi bật</strong>:</p><ul class="list-disc ml-3"><li><p><strong>TextMaker 9</strong> – Xử lý văn bản nhanh chóng, định dạng phong phú, tương thích hoàn toàn với Word (.doc, .docx).</p></li><li><p><strong>PlanMaker 9</strong> – Bảng tính mạnh mẽ, hỗ trợ hơn 350 hàm tính toán, biểu đồ trực quan.</p></li><li><p><strong>Presentations 9</strong> – Thiết kế bài trình chiếu sống động, hỗ trợ đa hiệu ứng và xuất PDF.</p></li><li><p>Giao diện <strong>đa tab</strong>, dễ dàng chuyển đổi giữa các tài liệu.</p></li><li><p>Không yêu cầu đăng ký online, <strong>cài đặt và sử dụng vĩnh viễn</strong>.</p></li></ul>', '<ul class="list-disc ml-3"><li><p><strong>Q:</strong> Ashampoo Office 9 có dùng được trên Mac không?<br><strong>A:</strong> Không, hiện tại chỉ hỗ trợ Windows.</p></li><li><p><strong>Q:</strong> Có thể mở file Word, Excel và PowerPoint bằng phần mềm này không?<br><strong>A:</strong> Có, Ashampoo Office 9 hỗ trợ định dạng .docx, .xlsx và .pptx.</p></li><li><p><strong>Q:</strong> Phần mềm có yêu cầu kết nối Internet để kích hoạt không?<br><strong>A:</strong> Không, key có thể kích hoạt offline.</p></li></ul>', '<ul class="list-disc ml-3"><li><p><strong>Nền tảng:</strong> Windows 11, Windows 10 (32 &amp; 64-bit)</p></li><li><p><strong>Yêu cầu tối thiểu:</strong></p><ul class="list-disc ml-3"><li><p>CPU: Dual-core processor</p></li><li><p>RAM: 2GB</p></li><li><p>Ổ cứng: 500MB dung lượng trống</p></li></ul></li><li><p><strong>Khuyến nghị:</strong></p><ul class="list-disc ml-3"><li><p>RAM 4GB trở lên để chạy mượt mà</p></li><li><p>Độ phân giải màn hình 1366x768 hoặc cao hơn</p></li></ul></li></ul>', '<ul class="list-disc ml-3"><li><p><strong>Bảo hành:</strong> 1 đổi 1 trong vòng 7 ngày nếu key lỗi hoặc không kích hoạt được.</p></li><li><p><strong>Hỗ trợ kỹ thuật:</strong> Trong suốt thời gian sử dụng sản phẩm.</p></li><li><p><strong>Không hoàn tiền</strong> đối với các trường hợp đã giao key thành công.</p></li></ul>', '<ol class="list-decimal ml-3"><li><p>Tải phần mềm tại: ashampoo.com/office</p></li><li><p>Cài đặt và mở phần mềm</p></li><li><p>Khi được yêu cầu, nhập key bản quyền bạn nhận được từ hệ thống</p></li><li><p><strong>Không chia sẻ key</strong> công khai để tránh bị vô hiệu hóa</p></li><li><p>Liên hệ bộ phận hỗ trợ nếu cần trợ giúp cài đặt hoặc kích hoạt</p></li></ol><p>🔔 <em>Lưu ý:</em> Key sử dụng <strong>vĩnh viễn</strong>, không giới hạn thời gian nhưng chỉ áp dụng cho <strong>1 máy tính</strong>.</p>');
INSERT INTO public.product_description (id, created_at, deleted_at, description, info, platform, policy, tutorial) VALUES (47, '2025-06-17 07:59:26.480601', NULL, '<p><strong>SoftMaker Office NX Universal</strong> là bộ công cụ văn phòng cao cấp, <em>thay thế hoàn hảo cho Microsoft Office</em>, cung cấp các ứng dụng mạnh mẽ bao gồm <strong>TextMaker (soạn thảo văn bản)</strong>, <strong>PlanMaker (bảng tính)</strong>, <strong>Presentations (trình chiếu)</strong> và <strong>Thunderbird với plugin eM Client (email)</strong>.</p><p>Phù hợp cho <strong>cá nhân, doanh nghiệp và học sinh - sinh viên</strong>, bộ sản phẩm hỗ trợ đầy đủ định dạng <strong>.docx, .xlsx, .pptx</strong>, đảm bảo tính tương thích tối đa. Giao diện người dùng linh hoạt, <em>dễ sử dụng, có thể tùy chỉnh kiểu cổ điển hoặc hiện đại</em>.</p><p>Điểm đặc biệt:</p><ul class="list-disc ml-3"><li><p><strong>Dịch văn bản tức thì</strong> với công cụ tích hợp DeepL</p></li><li><p><strong>Làm việc trên đám mây</strong> nhờ tích hợp Google Drive, Dropbox</p></li><li><p>Hỗ trợ <strong>đa nền tảng</strong> và được cập nhật thường xuyên</p></li></ul>', '<ul class="list-disc ml-3"><li><p><strong>Sản phẩm có vĩnh viễn không?</strong><br>Không, đây là <em>phiên bản thuê bao 1 năm</em>.</p></li><li><p><strong>Có thể dùng được trên mấy thiết bị?</strong><br>Dùng được trên <strong>5 thiết bị cùng lúc</strong>, bao gồm cả Windows, macOS và Linux.</p></li><li><p><strong>Có hỗ trợ tiếng Việt không?</strong><br>Có, giao diện hỗ trợ <strong>đa ngôn ngữ</strong>, bao gồm cả tiếng Việt.</p></li></ul>', '<ul class="list-disc ml-3"><li><p><strong>Hệ điều hành hỗ trợ:</strong></p><ul class="list-disc ml-3"><li><p>Windows 11 / 10 / 8 / 7</p></li><li><p>macOS 10.15 trở lên</p></li><li><p>Linux (Debian/Ubuntu/Fedora/Arch)</p></li></ul></li><li><p><strong>Yêu cầu phần cứng tối thiểu:</strong></p><ul class="list-disc ml-3"><li><p>CPU: Intel/AMD 1 GHz</p></li><li><p>RAM: 2GB</p></li><li><p>Ổ cứng: Còn trống tối thiểu 500MB</p></li><li><p>Màn hình: Độ phân giải tối thiểu 1024x768</p></li></ul></li><li><p><strong>Khuyến nghị:</strong></p><ul class="list-disc ml-3"><li><p>RAM 4GB trở lên để sử dụng mượt mà</p></li><li><p>Kết nối internet để kích hoạt và cập nhật</p></li></ul></li></ul>', '<ul class="list-disc ml-3"><li><p><strong>Thời gian sử dụng:</strong> 12 tháng kể từ ngày kích hoạt</p></li><li><p><strong>Hỗ trợ kỹ thuật:</strong> Miễn phí qua email trong thời gian đăng ký</p></li><li><p><strong>Chính sách hoàn tiền:</strong></p><ul class="list-disc ml-3"><li><p>Chấp nhận <strong>đổi key</strong> nếu không thể kích hoạt do lỗi hệ thống</p></li><li><p><strong>Không hoàn tiền</strong> nếu sản phẩm đã được kích hoạt thành công</p></li><li><p>Vui lòng liên hệ bộ phận CSKH trong vòng <strong>7 ngày</strong> kể từ khi mua nếu gặp sự cố</p></li></ul></li></ul>', '<ul class="list-disc ml-3"><li><p><strong>Kích hoạt sản phẩm:</strong></p><ul class="list-disc ml-3"><li><p>Tải phần mềm từ trang chủ <a target="_blank" rel="noopener noreferrer nofollow" class="text-blue-500 underline cursor-pointer hover:text-blue-700" href="https://www.softmaker.com">https://www.softmaker.com</a></p></li><li><p>Cài đặt và đăng nhập bằng tài khoản SoftMaker</p></li><li><p>Nhập key để bắt đầu sử dụng</p></li></ul></li><li><p><strong>Lưu ý:</strong></p><ul class="list-disc ml-3"><li><p>Không chia sẻ key công khai để tránh bị vô hiệu hóa</p></li><li><p>Tài khoản có thể quản lý thiết bị đang sử dụng</p></li></ul></li><li><p><strong>Tài liệu hướng dẫn:</strong></p><ul class="list-disc ml-3"><li><p>Tài liệu sử dụng tiếng Việt có sẵn tại trung tâm trợ giúp</p></li><li><p>Video hướng dẫn được cung cấp khi mua sản phẩm</p></li></ul></li></ul>');
INSERT INTO public.product_description (id, created_at, deleted_at, description, info, platform, policy, tutorial) VALUES (48, '2025-06-17 08:01:59.645703', NULL, '<p><strong>PDF-XChange Editor Plus</strong> là phần mềm chỉnh sửa PDF mạnh mẽ và giàu tính năng, cung cấp đầy đủ công cụ để tạo, xem, chỉnh sửa, chú thích và chuyển đổi file PDF. Phiên bản <em>Plus</em> đi kèm với các tính năng nâng cao như:</p><ul class="list-disc ml-3"><li><p><strong>Tạo biểu mẫu PDF động</strong> (Forms)</p></li><li><p><strong>Chèn mã Javascript vào tài liệu</strong></p></li><li><p><strong>Công cụ OCR (nhận diện ký tự quang học)</strong> hỗ trợ hơn 100 ngôn ngữ, bao gồm cả tiếng Việt</p></li><li><p><strong>Chuyển đổi từ PDF sang Word, Excel, PowerPoint</strong></p></li><li><p>Hỗ trợ <strong>chữ ký số (Digital Signature)</strong> và <strong>mã hóa bảo mật</strong></p></li></ul><p>So với các phần mềm khác, PDF-XChange Editor nổi bật ở tốc độ nhanh, dung lượng nhẹ và hiệu năng tối ưu, <em>phù hợp cho cá nhân và doanh nghiệp cần làm việc chuyên sâu với PDF</em>.</p>', '<ul class="list-disc ml-3"><li><p><strong>Có cần kết nối Internet để sử dụng không?</strong><br>Không, phần mềm hoạt động <em>offline hoàn toàn</em>, chỉ cần mạng để kích hoạt.</p></li><li><p><strong>Phiên bản này có vĩnh viễn không?</strong><br>Có, đây là bản <strong>vĩnh viễn trọn đời</strong> cho 1 thiết bị.</p></li><li><p><strong>Sử dụng trên máy Mac được không?</strong><br>Không, phần mềm chỉ hỗ trợ hệ điều hành <strong>Windows</strong>.</p></li></ul>', '<ul class="list-disc ml-3"><li><p><strong>Hệ điều hành hỗ trợ:</strong></p><ul class="list-disc ml-3"><li><p>Windows 11 / 10 / 8.1 / 7 (64-bit hoặc 32-bit)</p></li></ul></li><li><p><strong>Yêu cầu tối thiểu:</strong></p><ul class="list-disc ml-3"><li><p>CPU: Dual-core 1.5 GHz</p></li><li><p>RAM: 2GB</p></li><li><p>Ổ cứng: Còn trống 500MB</p></li><li><p>Màn hình: Độ phân giải 1024x768 trở lên</p></li></ul></li><li><p><strong>Cấu hình khuyến nghị:</strong></p><ul class="list-disc ml-3"><li><p>RAM 4GB hoặc cao hơn</p></li><li><p>Kết nối Internet để cập nhật OCR và plugin</p></li></ul></li></ul>', '<ul class="list-disc ml-3"><li><p><strong>Giấy phép sử dụng:</strong> <strong>Vĩnh viễn cho 1 thiết bị</strong>, không giới hạn thời gian</p></li><li><p><strong>Chính sách hỗ trợ:</strong></p><ul class="list-disc ml-3"><li><p>Cập nhật miễn phí trong vòng 1 năm đầu</p></li><li><p>Sau 1 năm, vẫn dùng được nhưng muốn nâng cấp phiên bản mới phải mua bản cập nhật</p></li></ul></li><li><p><strong>Chính sách đổi trả:</strong></p><ul class="list-disc ml-3"><li><p><strong>Không hoàn tiền</strong> sau khi key được giao</p></li><li><p>Hỗ trợ <strong>đổi key mới</strong> nếu có lỗi kỹ thuật không thể kích hoạt</p></li></ul></li></ul>', '<ul class="list-disc ml-3"><li><p><strong>Kích hoạt phần mềm:</strong></p><ul class="list-disc ml-3"><li><p>Tải từ trang chủ: <a target="_blank" rel="noopener noreferrer nofollow" class="text-blue-500 underline cursor-pointer hover:text-blue-700" href="https://www.tracker-software.com">https://www.tracker-software.com</a></p></li><li><p>Cài đặt và mở phần mềm</p></li><li><p>Vào menu <code>Help → License Key</code> và nhập key bản quyền</p></li></ul></li><li><p><strong>Lưu ý quan trọng:</strong></p><ul class="list-disc ml-3"><li><p>Mỗi key chỉ kích hoạt được <strong>1 lần trên 1 thiết bị</strong></p></li><li><p>Nên sao lưu key ở nơi an toàn</p></li><li><p>Không dùng chung hoặc chia sẻ để tránh bị vô hiệu hóa</p></li></ul></li><li><p><strong>Tài liệu hỗ trợ:</strong></p><ul class="list-disc ml-3"><li><p>Hướng dẫn chi tiết và video có sẵn tại mục Support trên trang chủ</p></li><li><p>Có hỗ trợ giao diện <em>tiếng Việt</em></p></li></ul></li></ul>');
INSERT INTO public.product_description (id, created_at, deleted_at, description, info, platform, policy, tutorial) VALUES (49, '2025-06-17 08:02:13.622648', NULL, '<p><strong>PDF-XChange Editor Plus</strong> là phần mềm chỉnh sửa PDF mạnh mẽ và giàu tính năng, cung cấp đầy đủ công cụ để tạo, xem, chỉnh sửa, chú thích và chuyển đổi file PDF. Phiên bản <em>Plus</em> đi kèm với các tính năng nâng cao như:</p><ul class="list-disc ml-3"><li><p><strong>Tạo biểu mẫu PDF động</strong> (Forms)</p></li><li><p><strong>Chèn mã Javascript vào tài liệu</strong></p></li><li><p><strong>Công cụ OCR (nhận diện ký tự quang học)</strong> hỗ trợ hơn 100 ngôn ngữ, bao gồm cả tiếng Việt</p></li><li><p><strong>Chuyển đổi từ PDF sang Word, Excel, PowerPoint</strong></p></li><li><p>Hỗ trợ <strong>chữ ký số (Digital Signature)</strong> và <strong>mã hóa bảo mật</strong></p></li></ul><p>So với các phần mềm khác, PDF-XChange Editor nổi bật ở tốc độ nhanh, dung lượng nhẹ và hiệu năng tối ưu, <em>phù hợp cho cá nhân và doanh nghiệp cần làm việc chuyên sâu với PDF</em>.</p>', '<ul class="list-disc ml-3"><li><p><strong>Có cần kết nối Internet để sử dụng không?</strong><br>Không, phần mềm hoạt động <em>offline hoàn toàn</em>, chỉ cần mạng để kích hoạt.</p></li><li><p><strong>Phiên bản này có vĩnh viễn không?</strong><br>Có, đây là bản <strong>vĩnh viễn trọn đời</strong> cho 1 thiết bị.</p></li><li><p><strong>Sử dụng trên máy Mac được không?</strong><br>Không, phần mềm chỉ hỗ trợ hệ điều hành <strong>Windows</strong>.</p></li></ul>', '<ul class="list-disc ml-3"><li><p><strong>Hệ điều hành hỗ trợ:</strong></p><ul class="list-disc ml-3"><li><p>Windows 11 / 10 / 8.1 / 7 (64-bit hoặc 32-bit)</p></li></ul></li><li><p><strong>Yêu cầu tối thiểu:</strong></p><ul class="list-disc ml-3"><li><p>CPU: Dual-core 1.5 GHz</p></li><li><p>RAM: 2GB</p></li><li><p>Ổ cứng: Còn trống 500MB</p></li><li><p>Màn hình: Độ phân giải 1024x768 trở lên</p></li></ul></li><li><p><strong>Cấu hình khuyến nghị:</strong></p><ul class="list-disc ml-3"><li><p>RAM 4GB hoặc cao hơn</p></li><li><p>Kết nối Internet để cập nhật OCR và plugin</p></li></ul></li></ul>', '<ul class="list-disc ml-3"><li><p><strong>Giấy phép sử dụng:</strong> <strong>Vĩnh viễn cho 1 thiết bị</strong>, không giới hạn thời gian</p></li><li><p><strong>Chính sách hỗ trợ:</strong></p><ul class="list-disc ml-3"><li><p>Cập nhật miễn phí trong vòng 1 năm đầu</p></li><li><p>Sau 1 năm, vẫn dùng được nhưng muốn nâng cấp phiên bản mới phải mua bản cập nhật</p></li></ul></li><li><p><strong>Chính sách đổi trả:</strong></p><ul class="list-disc ml-3"><li><p><strong>Không hoàn tiền</strong> sau khi key được giao</p></li><li><p>Hỗ trợ <strong>đổi key mới</strong> nếu có lỗi kỹ thuật không thể kích hoạt</p></li></ul></li></ul>', '<ul class="list-disc ml-3"><li><p><strong>Kích hoạt phần mềm:</strong></p><ul class="list-disc ml-3"><li><p>Tải từ trang chủ: <a target="_blank" rel="noopener noreferrer nofollow" class="text-blue-500 underline cursor-pointer hover:text-blue-700" href="https://www.tracker-software.com">https://www.tracker-software.com</a></p></li><li><p>Cài đặt và mở phần mềm</p></li><li><p>Vào menu <code>Help → License Key</code> và nhập key bản quyền</p></li></ul></li><li><p><strong>Lưu ý quan trọng:</strong></p><ul class="list-disc ml-3"><li><p>Mỗi key chỉ kích hoạt được <strong>1 lần trên 1 thiết bị</strong></p></li><li><p>Nên sao lưu key ở nơi an toàn</p></li><li><p>Không dùng chung hoặc chia sẻ để tránh bị vô hiệu hóa</p></li></ul></li><li><p><strong>Tài liệu hỗ trợ:</strong></p><ul class="list-disc ml-3"><li><p>Hướng dẫn chi tiết và video có sẵn tại mục Support trên trang chủ</p></li><li><p>Có hỗ trợ giao diện <em>tiếng Việt</em></p></li></ul></li></ul>');
INSERT INTO public.product_description (id, created_at, deleted_at, description, info, platform, policy, tutorial) VALUES (58, '2025-06-17 08:29:14.592631', NULL, '<p><strong>Notion AI – Team License</strong> là phiên bản mở rộng của Notion tích hợp AI, được thiết kế dành riêng cho nhóm hoặc tổ chức muốn nâng cao hiệu suất làm việc thông qua các công cụ hỗ trợ thông minh.</p><p>Với <strong>Notion AI</strong>, người dùng có thể:</p><ul class="list-disc ml-3"><li><p>Tự động viết, tổng hợp và định dạng nội dung.</p></li><li><p><em>Tạo ghi chú thông minh</em>, tóm tắt văn bản, sinh ý tưởng nội dung.</p></li><li><p>Phân tích văn bản, đề xuất chỉnh sửa, dịch thuật và hơn thế nữa.</p></li><li><p>Hỗ trợ mọi thành viên trong nhóm cùng truy cập AI mà <strong>không cần mua riêng từng cá nhân</strong>.</p></li><li><p>Tối ưu quy trình làm việc, tăng tốc các nhiệm vụ lặp đi lặp lại.</p></li></ul><p><strong>Bản quyền theo team</strong>: Chỉ cần nhập key theo tổ chức là toàn bộ thành viên được kích hoạt.</p>', '<ul class="list-disc ml-3"><li><p><strong>Key có giới hạn số người dùng không?</strong><br><em>Mỗi key dùng cho 1 người. Mua số lượng tương ứng với thành viên trong nhóm.</em></p></li><li><p><strong>Tôi có thể dùng với tài khoản Notion miễn phí không?</strong><br><em>Được.</em> Chỉ cần nâng cấp lên workspace team là có thể nhập license.</p></li><li><p><strong>Thời hạn sử dụng của key là bao lâu?</strong><br><strong>12 tháng</strong> kể từ ngày kích hoạt.</p></li><li><p><strong>Key dùng được với tài khoản cá nhân không?</strong><br><em>Không.</em> Phiên bản này yêu cầu Notion team workspace.</p></li></ul>', '<ul class="list-disc ml-3"><li><p><strong>Hệ điều hành:</strong> Windows, macOS, iOS, Android, Web</p></li><li><p><strong>Yêu cầu phần cứng:</strong><br><em>Tối thiểu</em>: Thiết bị có trình duyệt hiện đại, 2GB RAM<br><em>Khuyến nghị</em>: 4GB RAM trở lên để sử dụng trơn tru trên desktop app</p></li></ul>', '<ul class="list-disc ml-3"><li><p><strong>Bảo hành:</strong><br>Bảo hành <strong>7 ngày</strong> nếu key không kích hoạt được hoặc hệ thống không ghi nhận license.</p></li><li><p><strong>Hoàn tiền:</strong><br>Chỉ hỗ trợ hoàn tiền nếu có lỗi kỹ thuật từ phía hệ thống hoặc key bị trùng do nhà cung cấp.</p></li><li><p><strong>Không chấp nhận hoàn tiền</strong> với các trường hợp như: nhập sai email, key đã bị chia sẻ công khai.</p></li></ul>', '<ol class="list-decimal ml-3"><li><p>Truy cập vào workspace Notion của bạn tại <a target="_blank" rel="noopener noreferrer nofollow" class="text-blue-500 underline cursor-pointer hover:text-blue-700" href="https://www.notion.so">https://www.notion.so</a>.</p></li><li><p>Vào phần <strong>Settings &amp; Members &gt; Plans &gt; Upgrade</strong>.</p></li><li><p>Chọn phương thức kích hoạt bằng <strong>team license key</strong>.</p></li><li><p>Nhập mã key được cung cấp và hoàn tất xác nhận.</p></li><li><p>Kiểm tra xem Notion AI đã được bật cho tài khoản.</p></li></ol><p><strong>Lưu ý quan trọng:</strong></p><ul class="list-disc ml-3"><li><p>Vui lòng <strong>không chia sẻ key</strong> ra ngoài tổ chức – hệ thống sẽ tự động khóa nếu phát hiện sử dụng bất thường.</p></li><li><p>Nếu bạn là <em>admin</em>, hãy quản lý số lượng key kích hoạt tương ứng với số thành viên thực tế.</p></li></ul>');
INSERT INTO public.product_description (id, created_at, deleted_at, description, info, platform, policy, tutorial) VALUES (50, '2025-06-17 08:04:15.38922', NULL, '<p><strong>Nitro PDF Pro 14</strong> là phần mềm chỉnh sửa PDF chuyên nghiệp dành cho người dùng cá nhân và doanh nghiệp, <em>đối thủ hàng đầu của Adobe Acrobat Pro</em>. Phiên bản mới nhất mang đến hiệu suất vượt trội và trải nghiệm mượt mà hơn trong việc tạo, chỉnh sửa, chuyển đổi và ký tài liệu PDF.</p><p>Tính năng nổi bật:</p><ul class="list-disc ml-3"><li><p><strong>Chỉnh sửa nội dung trực tiếp trên PDF</strong></p></li><li><p><strong>Chuyển đổi PDF sang Word, Excel, PowerPoint</strong></p></li><li><p><strong>Ký tên điện tử và chữ ký số</strong></p></li><li><p><strong>Hợp nhất, chia tách, nén PDF</strong></p></li><li><p>Tạo biểu mẫu điền thông minh, đánh dấu, bình luận</p></li><li><p>Hỗ trợ tính năng <strong>OCR (nhận diện văn bản từ hình ảnh)</strong></p></li></ul><p><em>Phù hợp cho cá nhân, doanh nghiệp, nhân viên văn phòng, kế toán, nhân sự và các bộ phận làm việc nhiều với tài liệu.</em></p>', '<ul class="list-disc ml-3"><li><p><strong>Sản phẩm có bản quyền vĩnh viễn không?</strong><br>⤷ Có, đây là bản <strong>license vĩnh viễn</strong> cho 1 thiết bị.</p></li><li><p><strong>Có hỗ trợ tiếng Việt không?</strong><br>⤷ Có hỗ trợ giao diện tiếng Việt và cả OCR tiếng Việt.</p></li><li><p><strong>Có thể dùng trên macOS không?</strong><br>⤷ Có, nhưng <strong>license này dành riêng cho Windows</strong>.</p></li></ul>', '<ul class="list-disc ml-3"><li><p><strong>Hệ điều hành hỗ trợ:</strong></p><ul class="list-disc ml-3"><li><p>Windows 11 / 10 / 8.1 / 7</p></li></ul></li><li><p><strong>Yêu cầu tối thiểu:</strong></p><ul class="list-disc ml-3"><li><p>CPU: 1.5 GHz hoặc nhanh hơn</p></li><li><p>RAM: 1GB</p></li><li><p>Ổ cứng: Trống ít nhất 500MB</p></li><li><p>Màn hình: Tối thiểu 1024x768</p></li></ul></li><li><p><strong>Khuyến nghị:</strong></p><ul class="list-disc ml-3"><li><p>RAM 4GB trở lên để xử lý file lớn mượt mà hơn</p></li><li><p>Internet để tải OCR và kích hoạt bản quyền</p></li></ul></li></ul>', '<ul class="list-disc ml-3"><li><p><strong>Giấy phép sử dụng:</strong> <strong>Bản quyền vĩnh viễn</strong> cho 1 máy</p></li><li><p><strong>Chính sách cập nhật:</strong></p><ul class="list-disc ml-3"><li><p>Bao gồm cập nhật nhỏ trong cùng phiên bản 14</p></li><li><p>Muốn nâng cấp lên phiên bản 15 trở đi cần mua bản nâng cấp</p></li></ul></li><li><p><strong>Chính sách đổi trả:</strong></p><ul class="list-disc ml-3"><li><p><strong>Không hoàn tiền</strong> sau khi key đã được gửi</p></li><li><p>Đổi key mới nếu gặp lỗi không kích hoạt được (<em>liên hệ CSKH trong 7 ngày</em>)</p></li></ul></li></ul>', '<ul class="list-disc ml-3"><li><p><strong>Kích hoạt phần mềm:</strong></p><ul class="list-disc ml-3"><li><p>Tải phần mềm tại <a target="_blank" rel="noopener noreferrer nofollow" class="text-blue-500 underline cursor-pointer hover:text-blue-700" href="https://www.gonitro.com">https://www.gonitro.com</a></p></li><li><p>Cài đặt và mở phần mềm</p></li><li><p>Chọn <code>Help → Activate</code>, nhập key để kích hoạt</p></li></ul></li><li><p><strong>Lưu ý sử dụng:</strong></p><ul class="list-disc ml-3"><li><p>Không chia sẻ key công khai để tránh bị vô hiệu hóa</p></li><li><p>Mỗi key chỉ dùng được cho 1 thiết bị duy nhất</p></li></ul></li><li><p><strong>Hỗ trợ:</strong></p><ul class="list-disc ml-3"><li><p>Có trung tâm hỗ trợ kỹ thuật toàn cầu</p></li><li><p>Video hướng dẫn và tài liệu tiếng Việt có sẵn trên trang chính</p></li></ul></li></ul>');
INSERT INTO public.product_description (id, created_at, deleted_at, description, info, platform, policy, tutorial) VALUES (51, '2025-06-17 08:05:56.446363', NULL, '<p><strong>Abbyy FineReader PDF 16</strong> là một phần mềm <strong>xử lý tài liệu PDF toàn diện</strong>, cung cấp các công cụ mạnh mẽ để <strong>chỉnh sửa, chuyển đổi, so sánh và bảo mật file PDF</strong>. Phần mềm sử dụng công nghệ <strong>OCR tiên tiến hàng đầu thế giới</strong> giúp bạn dễ dàng <strong>chuyển đổi tài liệu giấy và PDF thành các định dạng có thể chỉnh sửa được như Word, Excel</strong> mà vẫn giữ nguyên định dạng gốc.<br>Ngoài ra, bạn có thể <strong>so sánh hai phiên bản tài liệu khác nhau (PDF, Word, v.v.)</strong>, giúp tiết kiệm thời gian kiểm tra thủ công.</p><p><strong>Tính năng nổi bật:</strong></p><ul class="list-disc ml-3"><li><p>Chuyển đổi PDF sang các định dạng có thể chỉnh sửa (<em>Word, Excel, PowerPoint, HTML...</em>)</p></li><li><p>Nhận dạng ký tự quang học (<strong>OCR</strong>) với hơn <strong>190 ngôn ngữ</strong></p></li><li><p>Chỉnh sửa trực tiếp nội dung PDF: <strong>văn bản, hình ảnh, bảng biểu</strong></p></li><li><p>So sánh tài liệu và đánh dấu sự khác biệt</p></li><li><p>Bảo mật file PDF với <strong>mật khẩu, chữ ký số</strong></p></li><li><p>Hỗ trợ làm việc nhóm: thêm ghi chú, nhận xét, và đánh dấu</p></li></ul>', '<p><strong>Q: Đây có phải là bản quyền vĩnh viễn không?</strong><br>A: Không. Đây là bản quyền <strong>1 năm</strong>, có thể gia hạn.</p><p><strong>Q: Tôi có thể sử dụng phần mềm này cho tài liệu scan tiếng Việt không?</strong><br>A: Có. Abbyy hỗ trợ OCR tiếng Việt và cho kết quả nhận dạng khá chính xác.</p><p><strong>Q: Có cần phải kết nối internet để sử dụng không?</strong><br>A: Chỉ cần internet trong lần kích hoạt bản quyền đầu tiên. Sau đó có thể sử dụng offline.</p>', '<ul class="list-disc ml-3"><li><p><strong>Hệ điều hành:</strong> Windows 10, 11 (64-bit)</p></li><li><p><strong>Yêu cầu hệ thống tối thiểu:</strong></p><ul class="list-disc ml-3"><li><p>CPU: Dual-core 1.0 GHz</p></li><li><p>RAM: 4 GB</p></li><li><p>Ổ cứng: 1.6 GB trống</p></li><li><p>Màn hình: Độ phân giải 1024x768 trở lên</p></li></ul></li><li><p><strong>Khuyến nghị:</strong> CPU 4 nhân, 8 GB RAM trở lên cho tài liệu nhiều trang hoặc file scan.</p></li></ul>', '<ul class="list-disc ml-3"><li><p><strong>Loại license:</strong> Bản quyền điện tử chính hãng (key bản quyền)</p></li><li><p><strong>Thời hạn:</strong> 1 năm kể từ ngày kích hoạt</p></li><li><p><strong>Hỗ trợ đổi/trả:</strong></p><ul class="list-disc ml-3"><li><p><strong>Không hoàn tiền sau khi đã giao key</strong></p></li><li><p>Hỗ trợ đổi key nếu <strong>lỗi kích hoạt do phía nhà cung cấp</strong> (có video chứng minh)</p></li></ul></li></ul>', '<ol class="list-decimal ml-3"><li><p><strong>Tải phần mềm</strong> từ trang chính thức Abbyy hoặc link được cung cấp sau khi mua.</p></li><li><p>Cài đặt như phần mềm thông thường.</p></li><li><p>Mở phần mềm → chọn “<strong>Kích hoạt bằng key</strong>” → nhập mã key.</p></li><li><p><strong>Sao lưu key</strong> và tránh chia sẻ để đảm bảo quyền lợi.</p></li><li><p>Với tài liệu scan, chọn “OCR” → ngôn ngữ → kiểm tra lại độ chính xác sau chuyển đổi.</p></li></ol><p>🔒 <strong>Lưu ý:</strong> Không nên cài đặt đồng thời trên nhiều máy để tránh bị khóa key bản quyền.</p>');
INSERT INTO public.product_description (id, created_at, deleted_at, description, info, platform, policy, tutorial) VALUES (52, '2025-06-17 08:07:45.248264', NULL, '<p><strong>Foxit PDF Editor Pro 2024</strong> là phiên bản cao cấp và toàn diện nhất của dòng phần mềm chỉnh sửa PDF nổi tiếng từ Foxit Software. Phần mềm này mang đến <strong>tập hợp đầy đủ các công cụ chỉnh sửa, ký tên, cộng tác, bảo mật và chuyển đổi file PDF</strong>, phù hợp cho cả người dùng cá nhân lẫn doanh nghiệp chuyên nghiệp.</p><p><strong>Tính năng nổi bật:</strong></p><ul class="list-disc ml-3"><li><p>Soạn thảo, chỉnh sửa văn bản PDF như trong Word.</p></li><li><p>Chuyển đổi PDF sang định dạng Microsoft Office, HTML, RTF, ảnh,...</p></li><li><p><strong>Tích hợp OCR</strong> (nhận dạng ký tự quang học) để chuyển đổi văn bản từ hình ảnh hoặc scan.</p></li><li><p><strong>Bảo mật mạnh mẽ</strong>: mã hóa, đặt mật khẩu, chèn watermark và chữ ký số.</p></li><li><p>Hỗ trợ làm việc nhóm và ghi chú tài liệu.</p></li><li><p>Hỗ trợ đa ngôn ngữ, trong đó có <em>Tiếng Việt</em>.</p></li></ul>', '<p><strong>Q: Đây là phiên bản vĩnh viễn hay theo năm?</strong><br>A: Đây là key bản quyền <em>trọn đời</em>, kích hoạt một lần dùng vĩnh viễn cho một thiết bị.</p><p><strong>Q: Có thể sử dụng trên bao nhiêu thiết bị?</strong><br>A: Một key dùng cho <strong>01 thiết bị</strong> (PC/laptop). Nếu muốn đổi thiết bị, bạn cần <strong>gỡ kích hoạt trên máy cũ</strong> trước.</p><p><strong>Q: Có hỗ trợ tiếng Việt không?</strong><br>A: Có, phần mềm hỗ trợ đầy đủ giao diện tiếng Việt và các ngôn ngữ phổ biến khác.</p>', '<ul class="list-disc ml-3"><li><p><strong>Hệ điều hành:</strong> Windows 10/11 (64-bit)</p></li><li><p><strong>Cấu hình tối thiểu:</strong></p><ul class="list-disc ml-3"><li><p>CPU: Dual-core 1.5 GHz trở lên</p></li><li><p>RAM: 2GB trở lên</p></li><li><p>Ổ cứng: còn trống 1GB để cài đặt</p></li></ul></li><li><p><strong>Khuyến nghị:</strong></p><ul class="list-disc ml-3"><li><p>CPU: i3 thế hệ 8 trở lên</p></li><li><p>RAM: 4GB+</p></li><li><p>Màn hình: độ phân giải Full HD trở lên để trải nghiệm tốt hơn</p></li></ul></li></ul>', '<ul class="list-disc ml-3"><li><p><strong>Bảo hành:</strong> Kích hoạt được 100%, có video hướng dẫn.</p></li><li><p><strong>Không hoàn tiền</strong> sau khi key đã được gửi trừ trường hợp lỗi từ phía nhà cung cấp.</p></li><li><p>Hỗ trợ kỹ thuật nếu gặp lỗi trong quá trình kích hoạt.</p></li></ul>', '<ul class="list-disc ml-3"><li><p>Tải về phần mềm từ trang chủ hoặc đường link được cung cấp sau khi mua.</p></li><li><p>Cài đặt và nhập key bản quyền trong mục <em>Activate Product</em>.</p></li><li><p>Đảm bảo <strong>kết nối internet ổn định</strong> trong lúc kích hoạt.</p></li><li><p><strong>Lưu ý</strong>: Không nên chia sẻ key vì mỗi key chỉ dùng được cho một thiết bị duy nhất.</p></li></ul>');
INSERT INTO public.product_description (id, created_at, deleted_at, description, info, platform, policy, tutorial) VALUES (68, '2025-06-17 10:15:07.02783', NULL, '<p><strong>Ableton Live 12</strong> là phần mềm <em>Digital Audio Workstation (DAW)</em> hàng đầu được thiết kế cho cả sản xuất âm nhạc trong phòng thu và biểu diễn trực tiếp. Phiên bản <strong>Suite 12</strong> mang đến nhiều cải tiến mạnh mẽ về workflow, hỗ trợ MIDI nâng cao, công cụ sắp xếp hợp âm, bộ nhạc cụ ảo và hiệu ứng âm thanh chất lượng cao.</p><p><strong>Tính năng nổi bật:</strong></p><ul class="list-disc ml-3"><li><p>Bộ công cụ <em>comping</em> nâng cao giúp chọn và sắp xếp takes dễ dàng hơn.</p></li><li><p>Hỗ trợ <em>MIDI Polyphonic Expression (MPE)</em> cho các thiết bị tương thích.</p></li><li><p>Giao diện người dùng tinh gọn, tùy biến linh hoạt.</p></li><li><p>Hơn <em>70GB thư viện âm thanh</em>, bao gồm nhạc cụ ảo, samples, effects và hơn 5000+ sounds.</p></li><li><p>Tích hợp <em>Max for Live</em>, mở rộng khả năng lập trình và sáng tạo không giới hạn.</p></li></ul>', '<p><strong>Q:</strong> Đây có phải là key bản quyền chính hãng?<br><strong>A:</strong> <em>Có</em>, sản phẩm là key bản quyền hợp pháp, sử dụng vĩnh viễn (loại bản quyền trọn đời).</p><p><strong>Q:</strong> Tôi có thể cài đặt lên bao nhiêu thiết bị?<br><strong>A:</strong> Bạn có thể kích hoạt <em>trên 2 thiết bị cá nhân cùng lúc</em>, như PC và laptop.</p><p><strong>Q:</strong> Nếu tôi đổi máy, có chuyển key được không?<br><strong>A:</strong> Có thể, bạn chỉ cần đăng xuất khỏi thiết bị cũ và kích hoạt lại trên thiết bị mới qua tài khoản Ableton.</p>', '<ul class="list-disc ml-3"><li><p><strong>Windows 10 trở lên (64-bit)</strong></p></li><li><p><strong>macOS 11 trở lên (Apple Silicon và Intel)</strong></p></li><li><p>Yêu cầu hệ thống tối thiểu:</p><ul class="list-disc ml-3"><li><p>CPU: Intel i5 hoặc Apple M1</p></li><li><p>RAM: <em>8GB</em> (Khuyến nghị 16GB)</p></li><li><p>Dung lượng ổ đĩa trống: <em>75GB</em> trở lên</p></li></ul></li></ul>', '<ul class="list-disc ml-3"><li><p>Bảo hành kích hoạt 1 đổi 1 trong vòng <strong>7 ngày</strong> nếu không sử dụng được.</p></li><li><p>Không hỗ trợ hoàn tiền sau khi đã kích hoạt key.</p></li><li><p>Key chỉ sử dụng được <em>trên tài khoản cá nhân của khách hàng</em> và không được chuyển nhượng sau khi đã đăng ký.</p></li></ul>', '<ol class="list-decimal ml-3"><li><p>Truy cập trang chủ: <a target="_blank" rel="noopener noreferrer nofollow" class="text-blue-500 underline cursor-pointer hover:text-blue-700" href="https://www.ableton.com/en/live/"><em>https://www.ableton.com/en/live/</em></a></p></li><li><p>Tải phần mềm <strong>Ableton Live 12 Suite</strong> và cài đặt.</p></li><li><p>Tạo hoặc đăng nhập tài khoản Ableton.</p></li><li><p>Vào mục "Account" &gt; "Register a Product" để nhập mã key được cung cấp.</p></li><li><p>Tải và kích hoạt bộ thư viện âm thanh nếu cần.</p></li></ol><p><strong>Lưu ý:</strong></p><ul class="list-disc ml-3"><li><p>Không sử dụng chung key giữa nhiều người dùng.</p></li><li><p>Tắt phần mềm diệt virus hoặc tường lửa nếu gặp lỗi kết nối khi kích hoạt.</p></li><li><p>Đảm bảo mạng ổn định trong quá trình cài đặt và tải sound pack.</p></li></ul>');
INSERT INTO public.product_description (id, created_at, deleted_at, description, info, platform, policy, tutorial) VALUES (59, '2025-06-17 08:30:17.364065', NULL, '<p><strong>Adobe Photoshop 2024 – Bản Quyền Vĩnh Viễn</strong> là lựa chọn hoàn hảo cho những người làm thiết kế đồ họa, nhiếp ảnh, quảng cáo hoặc sáng tạo nội dung chuyên nghiệp, với chi phí một lần, sử dụng lâu dài <strong>không cần gia hạn</strong>.</p><p><em>Photoshop 2024</em> tích hợp nhiều tính năng mạnh mẽ:</p><ul class="list-disc ml-3"><li><p><strong>Tạo ảnh bằng AI</strong> với Adobe Firefly: sinh ảnh từ mô tả văn bản, mở rộng hình ảnh, thay đổi nội dung mà vẫn giữ nguyên phong cách ban đầu.</p></li><li><p><strong>Tối ưu hiệu suất</strong> cho các dự án lớn, hỗ trợ làm việc trên nhiều layer, xử lý file RAW, PSD dung lượng cao.</p></li><li><p>Giao diện mới <em>hiện đại, dễ sử dụng</em>, hỗ trợ tốt cho thiết bị cảm ứng và độ phân giải cao.</p></li><li><p><strong>Cải tiến công cụ chọn vùng, xóa nền, làm mịn da</strong>, chỉnh sửa ảnh nhanh chóng hơn nhờ AI.</p></li></ul><p>Phù hợp cho:</p><ul class="list-disc ml-3"><li><p>Freelancer, agency thiết kế, studio ảnh.</p></li><li><p>Người học thiết kế hoặc chỉnh ảnh chuyên sâu.</p></li><li><p>Người dùng cá nhân muốn sử dụng Photoshop ổn định, không cần trả phí định kỳ.</p></li></ul>', '<ul class="list-disc ml-3"><li><p><strong>Đây có phải là bản chính hãng không?</strong><br><em>Có.</em> Là bản key bản quyền chính thức, không crack, không patch.</p></li><li><p><strong>Có cần kết nối mạng khi dùng không?</strong><br><em>Chỉ cần mạng khi kích hoạt.</em> Sau khi kích hoạt có thể sử dụng offline bình thường.</p></li><li><p><strong>Tôi có thể cài trên bao nhiêu máy?</strong><br>Key chỉ <strong>kích hoạt 1 lần duy nhất trên 1 thiết bị</strong>. Không dùng lại sau khi gỡ.</p></li><li><p><strong>Có cập nhật được không?</strong><br><em>Không.</em> Bản quyền vĩnh viễn chỉ dùng cho phiên bản 2024, không hỗ trợ nâng cấp lên bản mới sau này.</p></li></ul>', '<ul class="list-disc ml-3"><li><p><strong>Hệ điều hành:</strong></p><ul class="list-disc ml-3"><li><p>Windows 10/11 (64-bit)</p></li><li><p>macOS 12 trở lên (Intel hoặc Apple Silicon)</p></li></ul></li><li><p><strong>Yêu cầu phần cứng:</strong></p><ul class="list-disc ml-3"><li><p><em>Tối thiểu:</em><br>CPU Intel/AMD đa nhân, RAM 8GB, ổ cứng trống 4GB, GPU hỗ trợ OpenGL 2.0</p></li><li><p><em>Khuyến nghị:</em><br>CPU i5 trở lên, RAM 16GB, SSD, GPU có VRAM 4GB (NVIDIA/AMD)</p></li></ul></li></ul>', '<ul class="list-disc ml-3"><li><p><strong>Bảo hành:</strong><br>Hỗ trợ kỹ thuật <strong>7 ngày</strong> kể từ khi nhận key nếu không thể kích hoạt do lỗi từ hệ thống.</p></li><li><p><strong>Hoàn tiền:</strong><br>Chỉ áp dụng nếu sản phẩm không sử dụng được do lỗi kỹ thuật phía nhà cung cấp. Không hoàn tiền nếu người dùng cung cấp sai thông tin, nhập sai hoặc đã kích hoạt thành công.</p></li><li><p><strong>Không hỗ trợ đổi key</strong> nếu khách hàng tự chia sẻ, để lộ key ra ngoài.</p></li></ul>', '<ol class="list-decimal ml-3"><li><p>Tải phần mềm từ trang chính thức: <a target="_blank" rel="noopener noreferrer nofollow" class="text-blue-500 underline cursor-pointer hover:text-blue-700" href="https://adobe.com">https://adobe.com</a> hoặc link cài đặt do bên bán cung cấp.</p></li><li><p>Cài đặt và mở phần mềm <strong>Adobe Photoshop 2024</strong>.</p></li><li><p>Đăng nhập hoặc tạo tài khoản Adobe.</p></li><li><p>Vào menu <strong>Help &gt; Activate &gt; Enter Serial Number</strong>.</p></li><li><p>Nhập key bản quyền đã được cung cấp.</p></li><li><p>Xác nhận và khởi động lại phần mềm để hoàn tất kích hoạt.</p></li></ol><p><strong>Lưu ý:</strong></p><ul class="list-disc ml-3"><li><p>Nên sao lưu key và email nhận hàng để tiện hỗ trợ sau này.</p></li><li><p>Không cài song song với các bản Adobe cũ hoặc crack để tránh xung đột phần mềm.</p></li><li><p>Sau khi kích hoạt, phần mềm hoạt động <strong>ổn định vĩnh viễn</strong> trên thiết bị được đăng ký.</p></li></ul>');
INSERT INTO public.product_description (id, created_at, deleted_at, description, info, platform, policy, tutorial) VALUES (53, '2025-06-17 08:11:02.667634', NULL, '<p><strong>Foxit PDF Editor Pro 2024</strong> là phiên bản cao cấp và toàn diện nhất của dòng phần mềm chỉnh sửa PDF nổi tiếng từ Foxit Software. Phần mềm này mang đến <strong>tập hợp đầy đủ các công cụ chỉnh sửa, ký tên, cộng tác, bảo mật và chuyển đổi file PDF</strong>, phù hợp cho cả người dùng cá nhân lẫn doanh nghiệp chuyên nghiệp.</p><p><strong>Tính năng nổi bật:</strong></p><ul class="list-disc ml-3"><li><p>Soạn thảo, chỉnh sửa văn bản PDF như trong Word.</p></li><li><p>Chuyển đổi PDF sang định dạng Microsoft Office, HTML, RTF, ảnh,...</p></li><li><p><strong>Tích hợp OCR</strong> (nhận dạng ký tự quang học) để chuyển đổi văn bản từ hình ảnh hoặc scan.</p></li><li><p><strong>Bảo mật mạnh mẽ</strong>: mã hóa, đặt mật khẩu, chèn watermark và chữ ký số.</p></li><li><p>Hỗ trợ làm việc nhóm và ghi chú tài liệu.</p></li><li><p>Hỗ trợ đa ngôn ngữ, trong đó có <em>Tiếng Việt</em>.</p></li></ul>', '<p><strong>Q: Đây là phiên bản vĩnh viễn hay theo năm?</strong><br>A: Đây là key bản quyền <em>trọn đời</em>, kích hoạt một lần dùng vĩnh viễn cho một thiết bị.</p><p><strong>Q: Có thể sử dụng trên bao nhiêu thiết bị?</strong><br>A: Một key dùng cho <strong>01 thiết bị</strong> (PC/laptop). Nếu muốn đổi thiết bị, bạn cần <strong>gỡ kích hoạt trên máy cũ</strong> trước.</p><p><strong>Q: Có hỗ trợ tiếng Việt không?</strong><br>A: Có, phần mềm hỗ trợ đầy đủ giao diện tiếng Việt và các ngôn ngữ phổ biến khác.</p>', '<ul class="list-disc ml-3"><li><p><strong>Hệ điều hành:</strong> Windows 10/11 (64-bit)</p></li><li><p><strong>Cấu hình tối thiểu:</strong></p><ul class="list-disc ml-3"><li><p>CPU: Dual-core 1.5 GHz trở lên</p></li><li><p>RAM: 2GB trở lên</p></li><li><p>Ổ cứng: còn trống 1GB để cài đặt</p></li></ul></li><li><p><strong>Khuyến nghị:</strong></p><ul class="list-disc ml-3"><li><p>CPU: i3 thế hệ 8 trở lên</p></li><li><p>RAM: 4GB+</p></li><li><p>Màn hình: độ phân giải Full HD trở lên để trải nghiệm tốt hơn</p></li></ul></li></ul>', '<ul class="list-disc ml-3"><li><p><strong>Bảo hành:</strong> Kích hoạt được 100%, có video hướng dẫn.</p></li><li><p><strong>Không hoàn tiền</strong> sau khi key đã được gửi trừ trường hợp lỗi từ phía nhà cung cấp.</p></li><li><p>Hỗ trợ kỹ thuật nếu gặp lỗi trong quá trình kích hoạt.</p></li></ul>', '<ul class="list-disc ml-3"><li><p>Tải về phần mềm từ trang chủ hoặc đường link được cung cấp sau khi mua.</p></li><li><p>Cài đặt và nhập key bản quyền trong mục <em>Activate Product</em>.</p></li><li><p>Đảm bảo <strong>kết nối internet ổn định</strong> trong lúc kích hoạt.</p></li><li><p><strong>Lưu ý</strong>: Không nên chia sẻ key vì mỗi key chỉ dùng được cho một thiết bị duy nhất.</p></li></ul>');
INSERT INTO public.product_description (id, created_at, deleted_at, description, info, platform, policy, tutorial) VALUES (54, '2025-06-17 08:13:16.063979', NULL, '<p><strong>Grammarly Business</strong> là giải pháp viết chuyên nghiệp dành cho <strong>doanh nghiệp, nhóm làm việc, tổ chức giáo dục hoặc đội ngũ chăm sóc khách hàng</strong>. Không chỉ đơn thuần là công cụ kiểm tra chính tả, Grammarly Business mang đến khả năng:</p><ul class="list-disc ml-3"><li><p><strong>Phát hiện lỗi chính tả, ngữ pháp và dấu câu</strong> với độ chính xác cao.</p></li><li><p><strong>Gợi ý cách viết rõ ràng, mạch lạc và phù hợp ngữ cảnh công việc.</strong></p></li><li><p><strong>Chính sách quản lý nhóm, tài khoản tập trung</strong> và phân quyền sử dụng.</p></li><li><p><strong>Tích hợp với các ứng dụng phổ biến</strong> như Gmail, Google Docs, Microsoft Word, Slack, và nhiều nền tảng khác.</p></li><li><p>Tùy chỉnh <strong>style guide</strong>, tone giọng và mục tiêu viết theo từng đội nhóm hoặc phòng ban.</p></li></ul><blockquote><p>Phù hợp cho <strong>các doanh nghiệp từ 3 người trở lên</strong> cần đảm bảo tính chuyên nghiệp, đồng nhất và hiệu quả trong giao tiếp bằng văn bản.</p></blockquote>', '<ul class="list-disc ml-3"><li><p><em>Tôi có thể dùng Grammarly Business trên bao nhiêu thiết bị?</em><br>Không giới hạn số thiết bị, miễn là đúng tài khoản của người dùng được cấp quyền.</p></li><li><p><em>Grammarly Business khác gì với bản Premium cá nhân?</em><br>Bản Business có thêm chức năng <strong>quản lý người dùng</strong>, thống kê hiệu suất, <strong>style guide tùy chỉnh</strong>, và hỗ trợ <strong>ưu tiên doanh nghiệp</strong>.</p></li><li><p><em>Có cần kết nối internet để sử dụng không?</em><br>Có, Grammarly cần kết nối mạng để hoạt động và kiểm tra ngữ cảnh.</p></li></ul>', '<ul class="list-disc ml-3"><li><p><strong>Trình duyệt web</strong>: Chrome, Firefox, Safari, Edge</p></li><li><p><strong>Ứng dụng máy tính</strong>: Windows 10+, macOS 10.12+</p></li><li><p><strong>Add-in Office</strong>: Microsoft Word, Outlook</p></li><li><p><strong>Ứng dụng di động</strong>: iOS, Android</p></li><li><p><strong>Tối thiểu</strong>: RAM 4GB, CPU 2 nhân trở lên, mạng internet ổn định</p></li><li><p><strong>Khuyến nghị</strong>: RAM 8GB+, CPU i3 hoặc Ryzen 3 trở lên để chạy mượt cùng nhiều tác vụ khác.</p></li></ul>', '<ul class="list-disc ml-3"><li><p><strong>Bảo hành trọn thời gian sử dụng.</strong></p></li><li><p><strong>Hỗ trợ thay key hoặc tài khoản</strong> nếu có lỗi từ nhà cung cấp.</p></li><li><p><strong>Cam kết key hợp lệ 100%.</strong></p></li><li><p><strong>Không hoàn trả sau khi key được kích hoạt thành công.</strong></p></li></ul>', '<ol class="list-decimal ml-3"><li><p>Sau khi mua, bạn sẽ nhận được <strong>email chứa thông tin đăng nhập hoặc mã mời vào team</strong>.</p></li><li><p>Truy cập vào trang <a target="_blank" rel="noopener noreferrer nofollow" class="text-blue-500 underline cursor-pointer hover:text-blue-700" href="https://grammarly.com/business">https://grammarly.com/business</a> hoặc làm theo hướng dẫn từ email để <strong>kích hoạt và cấu hình nhóm.</strong></p></li><li><p><strong>Quản trị viên</strong> có thể thêm/xóa người dùng, tùy chỉnh style guide, và theo dõi hiệu suất viết của nhóm.</p></li><li><p>Nên <strong>cài Grammarly cho Chrome</strong> và <strong>ứng dụng máy tính</strong> để tận dụng tối đa khả năng hoạt động.</p></li><li><p><strong>Liên hệ bộ phận hỗ trợ</strong> nếu gặp bất kỳ lỗi nào trong quá trình cài đặt hoặc sử dụng.</p></li></ol>');
INSERT INTO public.product_description (id, created_at, deleted_at, description, info, platform, policy, tutorial) VALUES (55, '2025-06-17 08:17:26.911809', NULL, '<p><strong>ClickUp Unlimited</strong> là phiên bản cao cấp dành cho <strong>doanh nghiệp</strong> với đầy đủ tính năng vượt trội để quản lý công việc, dự án, và cộng tác nhóm hiệu quả.<br><em>Một trong những công cụ quản lý công việc "tất cả trong một" tốt nhất hiện nay</em>, giúp bạn thay thế nhiều phần mềm như Trello, Asana, Notion, Jira,...</p><p><strong>Tính năng nổi bật:</strong></p><ul class="list-disc ml-3"><li><p>Không giới hạn số lượng bảng, danh sách, tác vụ.</p></li><li><p>Tích hợp không giới hạn (Google Drive, Slack, Zoom, v.v.)</p></li><li><p>Tính năng <strong>Gantt Chart</strong>, báo cáo nâng cao, theo dõi KPI.</p></li><li><p>Tùy chỉnh workflow nâng cao với automation.</p></li><li><p>Phù hợp cho cả nhóm nhỏ lẫn tổ chức doanh nghiệp lớn.</p></li><li><p>Quản lý quyền truy cập, kiểm soát dữ liệu an toàn tuyệt đối.</p></li></ul>', '<p><strong>Q: Đây là giấy phép gì?</strong><br>A: Đây là <strong>license chính hãng</strong> của ClickUp phiên bản <strong>Unlimited</strong> dành cho doanh nghiệp (Enterprise key). Hỗ trợ đăng nhập qua tài khoản cá nhân hoặc do nhóm bạn quản lý.</p><p><strong>Q: Tôi có cần tài khoản ClickUp sẵn không?</strong><br>A: Có. Bạn cần có tài khoản ClickUp để liên kết với license key.</p><p><strong>Q: Có hỗ trợ team hoạt động từ xa không?</strong><br>A: Có. ClickUp hoạt động hoàn toàn trên nền tảng cloud, hỗ trợ làm việc từ xa tuyệt vời.</p>', '<ul class="list-disc ml-3"><li><p><strong>Web app</strong>: Truy cập qua trình duyệt (Chrome, Edge, Safari).</p></li><li><p><strong>Ứng dụng máy tính</strong>: Windows 10/11, macOS.</p></li><li><p><strong>Ứng dụng di động</strong>: iOS 12+ và Android 8.0+.</p></li><li><p>⚙️ <em>Yêu cầu kết nối internet ổn định để đồng bộ dữ liệu.</em></p></li></ul>', '<ul class="list-disc ml-3"><li><p>Bảo hành kích hoạt thành công <strong>100%</strong>.</p></li><li><p>Thời hạn sử dụng: 1 năm hoặc theo gói bạn chọn khi đặt hàng.</p></li><li><p>Đổi mới license nếu phát sinh lỗi từ phía hệ thống (trong 7 ngày).</p></li><li><p>Không hoàn tiền nếu khách hàng nhập sai hoặc cung cấp sai thông tin tài khoản ClickUp.</p></li></ul>', '<ol class="list-decimal ml-3"><li><p><strong>Đăng nhập vào tài khoản ClickUp</strong>.</p></li><li><p>Vào mục <strong>Billing / Workspace Settings</strong>.</p></li><li><p>Chọn "Add License Key" và nhập mã được cung cấp sau khi mua.</p></li><li><p>Đăng xuất và đăng nhập lại để áp dụng.</p></li></ol><p><em>Lưu ý:</em> Nếu bạn gặp lỗi khi kích hoạt, vui lòng <strong>liên hệ bộ phận hỗ trợ</strong> qua email hoặc live chat để được trợ giúp nhanh nhất.</p>');
INSERT INTO public.product_description (id, created_at, deleted_at, description, info, platform, policy, tutorial) VALUES (56, '2025-06-17 08:17:48.076511', NULL, '<p><strong>ClickUp Unlimited</strong> là phiên bản cao cấp dành cho <strong>doanh nghiệp</strong> với đầy đủ tính năng vượt trội để quản lý công việc, dự án, và cộng tác nhóm hiệu quả.<br><em>Một trong những công cụ quản lý công việc "tất cả trong một" tốt nhất hiện nay</em>, giúp bạn thay thế nhiều phần mềm như Trello, Asana, Notion, Jira,...</p><p><strong>Tính năng nổi bật:</strong></p><ul class="list-disc ml-3"><li><p>Không giới hạn số lượng bảng, danh sách, tác vụ.</p></li><li><p>Tích hợp không giới hạn (Google Drive, Slack, Zoom, v.v.)</p></li><li><p>Tính năng <strong>Gantt Chart</strong>, báo cáo nâng cao, theo dõi KPI.</p></li><li><p>Tùy chỉnh workflow nâng cao với automation.</p></li><li><p>Phù hợp cho cả nhóm nhỏ lẫn tổ chức doanh nghiệp lớn.</p></li><li><p>Quản lý quyền truy cập, kiểm soát dữ liệu an toàn tuyệt đối.</p></li></ul>', '<p><strong>Q: Đây là giấy phép gì?</strong><br>A: Đây là <strong>license chính hãng</strong> của ClickUp phiên bản <strong>Unlimited</strong> dành cho doanh nghiệp (Enterprise key). Hỗ trợ đăng nhập qua tài khoản cá nhân hoặc do nhóm bạn quản lý.</p><p><strong>Q: Tôi có cần tài khoản ClickUp sẵn không?</strong><br>A: Có. Bạn cần có tài khoản ClickUp để liên kết với license key.</p><p><strong>Q: Có hỗ trợ team hoạt động từ xa không?</strong><br>A: Có. ClickUp hoạt động hoàn toàn trên nền tảng cloud, hỗ trợ làm việc từ xa tuyệt vời.</p>', '<ul class="list-disc ml-3"><li><p><strong>Web app</strong>: Truy cập qua trình duyệt (Chrome, Edge, Safari).</p></li><li><p><strong>Ứng dụng máy tính</strong>: Windows 10/11, macOS.</p></li><li><p><strong>Ứng dụng di động</strong>: iOS 12+ và Android 8.0+.</p></li><li><p>⚙️ <em>Yêu cầu kết nối internet ổn định để đồng bộ dữ liệu.</em></p></li></ul>', '<ul class="list-disc ml-3"><li><p>Bảo hành kích hoạt thành công <strong>100%</strong>.</p></li><li><p>Thời hạn sử dụng: 1 năm hoặc theo gói bạn chọn khi đặt hàng.</p></li><li><p>Đổi mới license nếu phát sinh lỗi từ phía hệ thống (trong 7 ngày).</p></li><li><p>Không hoàn tiền nếu khách hàng nhập sai hoặc cung cấp sai thông tin tài khoản ClickUp.</p></li></ul>', '<ol class="list-decimal ml-3"><li><p><strong>Đăng nhập vào tài khoản ClickUp</strong>.</p></li><li><p>Vào mục <strong>Billing / Workspace Settings</strong>.</p></li><li><p>Chọn "Add License Key" và nhập mã được cung cấp sau khi mua.</p></li><li><p>Đăng xuất và đăng nhập lại để áp dụng.</p></li></ol><p><em>Lưu ý:</em> Nếu bạn gặp lỗi khi kích hoạt, vui lòng <strong>liên hệ bộ phận hỗ trợ</strong> qua email hoặc live chat để được trợ giúp nhanh nhất.</p>');
INSERT INTO public.product_description (id, created_at, deleted_at, description, info, platform, policy, tutorial) VALUES (60, '2025-06-17 09:07:05.1493', NULL, '<p><strong>Adobe Photoshop 2024 – Bản quyền 1 năm</strong> là phần mềm chỉnh sửa ảnh chuyên nghiệp hàng đầu thế giới, cung cấp các công cụ mạnh mẽ để thiết kế, chỉnh sửa và xử lý hình ảnh với độ chính xác cao. Với bản 2024, Adobe mang lại <strong>nhiều cải tiến vượt trội về AI</strong>, hiệu năng xử lý nhanh hơn, cùng với các tính năng như <strong>Generative Fill, Neural Filters, chỉnh sửa không phá hủy và công cụ làm việc theo lớp chuyên sâu</strong>.</p><p>Đây là <strong>license key bản quyền hợp pháp</strong> dùng được trong <strong>12 tháng</strong>, hỗ trợ nâng cấp cập nhật chính thức từ Adobe, đảm bảo an toàn, ổn định và tương thích tốt với hệ thống.</p>', '<ul class="list-disc ml-3"><li><p><strong>Đây có phải là bản quyền chính hãng không?</strong><br>→ Có, sản phẩm được cấp license key chính hãng từ Adobe.</p></li><li><p><strong>Dùng được bao lâu?</strong><br>→ Sử dụng trong <strong>12 tháng kể từ ngày kích hoạt</strong>.</p></li><li><p><strong>Có cần tạo tài khoản Adobe không?</strong><br>→ Có, cần tài khoản Adobe để kích hoạt key và sử dụng.</p></li><li><p><strong>Sử dụng cho bao nhiêu thiết bị?</strong><br>→ Kích hoạt được trên <strong>1 thiết bị</strong> tại một thời điểm, có thể chuyển máy nếu cần.</p></li></ul>', '<ul class="list-disc ml-3"><li><p><strong>Hệ điều hành hỗ trợ:</strong></p><ul class="list-disc ml-3"><li><p>Windows 10 64-bit version 20H2 trở lên</p></li><li><p>macOS 11.0 trở lên</p></li></ul></li><li><p><strong>Yêu cầu tối thiểu:</strong></p><ul class="list-disc ml-3"><li><p>CPU: Intel/AMD với 64-bit, 2GHz trở lên</p></li><li><p>RAM: 8GB (khuyến nghị 16GB)</p></li><li><p>Ổ cứng: 20GB trống</p></li><li><p>GPU: 2GB VRAM, hỗ trợ DirectX 12 (Windows)</p></li></ul></li><li><p><strong>Khuyến nghị sử dụng cấu hình cao để tận dụng tối đa các tính năng AI.</strong></p></li></ul>', '<ul class="list-disc ml-3"><li><p><strong>Bảo hành:</strong></p><ul class="list-disc ml-3"><li><p><strong>1 đổi 1 trong 7 ngày</strong> nếu key không kích hoạt được do lỗi từ nhà cung cấp.</p></li></ul></li><li><p><strong>Không áp dụng hoàn tiền</strong> sau khi đã giao key và kích hoạt thành công.</p></li><li><p>Khách hàng vui lòng <strong>ghi hình quá trình kích hoạt</strong> để được hỗ trợ nhanh chóng trong trường hợp có vấn đề.</p></li></ul>', '<ol class="list-decimal ml-3"><li><p><strong>Tải Adobe Creative Cloud</strong> từ website chính thức: <a target="_blank" rel="noopener noreferrer nofollow" class="text-blue-500 underline cursor-pointer hover:text-blue-700" href="https://creativecloud.adobe.com">https://creativecloud.adobe.com</a></p></li><li><p>Đăng nhập hoặc tạo tài khoản Adobe ID.</p></li><li><p>Chọn Photoshop và nhập <strong>license key</strong> được cấp.</p></li><li><p>Sau khi kích hoạt, phần mềm sẽ tự động cập nhật phiên bản mới nhất trong thời hạn 1 năm.</p></li></ol><p><strong>Lưu ý:</strong> Không chia sẻ tài khoản/thiết bị để tránh bị thu hồi license. Nếu cần hỗ trợ kỹ thuật, liên hệ bộ phận CSKH qua email kèm mã đơn hàng.</p>');
INSERT INTO public.product_description (id, created_at, deleted_at, description, info, platform, policy, tutorial) VALUES (61, '2025-06-17 09:08:57.109741', NULL, '<p><strong>Adobe Photoshop 2024 – Bản quyền 1 năm</strong> là phần mềm chỉnh sửa ảnh chuyên nghiệp hàng đầu thế giới, cung cấp các công cụ mạnh mẽ để thiết kế, chỉnh sửa và xử lý hình ảnh với độ chính xác cao. Với bản 2024, Adobe mang lại <strong>nhiều cải tiến vượt trội về AI</strong>, hiệu năng xử lý nhanh hơn, cùng với các tính năng như <strong>Generative Fill, Neural Filters, chỉnh sửa không phá hủy và công cụ làm việc theo lớp chuyên sâu</strong>.</p><p>Đây là <strong>license key bản quyền hợp pháp</strong> dùng được trong <strong>12 tháng</strong>, hỗ trợ nâng cấp cập nhật chính thức từ Adobe, đảm bảo an toàn, ổn định và tương thích tốt với hệ thống.</p>', '<ul class="list-disc ml-3"><li><p><strong>Đây có phải là bản quyền chính hãng không?</strong><br>→ Có, sản phẩm được cấp license key chính hãng từ Adobe.</p></li><li><p><strong>Dùng được bao lâu?</strong><br>→ Sử dụng trong <strong>12 tháng kể từ ngày kích hoạt</strong>.</p></li><li><p><strong>Có cần tạo tài khoản Adobe không?</strong><br>→ Có, cần tài khoản Adobe để kích hoạt key và sử dụng.</p></li><li><p><strong>Sử dụng cho bao nhiêu thiết bị?</strong><br>→ Kích hoạt được trên <strong>1 thiết bị</strong> tại một thời điểm, có thể chuyển máy nếu cần.</p></li></ul>', '<ul class="list-disc ml-3"><li><p><strong>Hệ điều hành hỗ trợ:</strong></p><ul class="list-disc ml-3"><li><p>Windows 10 64-bit version 20H2 trở lên</p></li><li><p>macOS 11.0 trở lên</p></li></ul></li><li><p><strong>Yêu cầu tối thiểu:</strong></p><ul class="list-disc ml-3"><li><p>CPU: Intel/AMD với 64-bit, 2GHz trở lên</p></li><li><p>RAM: 8GB (khuyến nghị 16GB)</p></li><li><p>Ổ cứng: 20GB trống</p></li><li><p>GPU: 2GB VRAM, hỗ trợ DirectX 12 (Windows)</p></li></ul></li><li><p><strong>Khuyến nghị sử dụng cấu hình cao để tận dụng tối đa các tính năng AI.</strong></p></li></ul>', '<ul class="list-disc ml-3"><li><p><strong>Bảo hành:</strong></p><ul class="list-disc ml-3"><li><p><strong>1 đổi 1 trong 7 ngày</strong> nếu key không kích hoạt được do lỗi từ nhà cung cấp.</p></li></ul></li><li><p><strong>Không áp dụng hoàn tiền</strong> sau khi đã giao key và kích hoạt thành công.</p></li><li><p>Khách hàng vui lòng <strong>ghi hình quá trình kích hoạt</strong> để được hỗ trợ nhanh chóng trong trường hợp có vấn đề.</p></li></ul>', '<ol class="list-decimal ml-3"><li><p><strong>Tải Adobe Creative Cloud</strong> từ website chính thức: <a target="_blank" rel="noopener noreferrer nofollow" class="text-blue-500 underline cursor-pointer hover:text-blue-700" href="https://creativecloud.adobe.com">https://creativecloud.adobe.com</a></p></li><li><p>Đăng nhập hoặc tạo tài khoản Adobe ID.</p></li><li><p>Chọn Photoshop và nhập <strong>license key</strong> được cấp.</p></li><li><p>Sau khi kích hoạt, phần mềm sẽ tự động cập nhật phiên bản mới nhất trong thời hạn 1 năm.</p></li></ol><p><strong>Lưu ý:</strong> Không chia sẻ tài khoản/thiết bị để tránh bị thu hồi license. Nếu cần hỗ trợ kỹ thuật, liên hệ bộ phận CSKH qua email kèm mã đơn hàng.</p>');
INSERT INTO public.product_description (id, created_at, deleted_at, description, info, platform, policy, tutorial) VALUES (67, '2025-06-17 10:13:46.961352', NULL, '<p>FL Studio 21 là một phần mềm <em>Digital Audio Workstation (DAW)</em> mạnh mẽ, phù hợp với cả người mới bắt đầu và các nhà sản xuất âm nhạc chuyên nghiệp. Với giao diện trực quan và các công cụ nâng cao, bạn có thể tạo ra các bản nhạc từ EDM, Hip-hop đến Pop một cách linh hoạt.</p><p><strong>Tính năng nổi bật:</strong></p><ul class="list-disc ml-3"><li><p>Bộ trộn Mixer chuyên nghiệp hỗ trợ hiệu ứng VST, routing âm thanh phức tạp.</p></li><li><p>Piano Roll tiên tiến để viết giai điệu và hợp âm chính xác.</p></li><li><p>Hơn 80 plugin tích hợp bao gồm synths, EQs, compressors, reverb...</p></li><li><p>Khả năng export chất lượng cao (WAV, MP3, FLAC...).</p></li><li><p><em>Auto Save</em>, <em>Flexible UI</em>, và nhiều tính năng mới trong phiên bản 21 giúp nâng cao hiệu suất làm việc.</p></li></ul><p>FL Studio 21 là giải pháp hoàn hảo cho bất kỳ ai muốn tạo âm nhạc trên máy tính một cách chuyên nghiệp.</p>', '<p><strong>Q: Đây có phải là bản quyền vĩnh viễn không?</strong><br>A: Có, bạn sẽ nhận được key bản quyền <em>lifetime</em> – cập nhật miễn phí trọn đời từ hãng.</p><p><strong>Q: Tôi có cần phải kết nối Internet để kích hoạt không?</strong><br>A: Có, cần Internet trong lần kích hoạt đầu tiên. Sau đó có thể sử dụng offline.</p><p><strong>Q: Tôi có thể sử dụng key trên bao nhiêu máy?</strong><br>A: Mỗi giấy phép cá nhân cho phép kích hoạt trên <strong>tối đa 2 thiết bị</strong> cùng lúc.</p>', '<ul class="list-disc ml-3"><li><p><strong>Windows 8.1/10/11 (64-bit)</strong></p></li><li><p><strong>macOS 10.13.6 trở lên</strong></p></li></ul><p><strong>Yêu cầu tối thiểu:</strong></p><ul class="list-disc ml-3"><li><p>CPU: Intel hoặc AMD 2GHz+</p></li><li><p>RAM: 4GB</p></li><li><p>Ổ cứng: Còn trống ít nhất 4GB</p></li><li><p>Độ phân giải màn hình: Tối thiểu 1366x768</p></li></ul><p><strong>Khuyến nghị:</strong></p><ul class="list-disc ml-3"><li><p>RAM 8GB+</p></li><li><p>SSD để cải thiện tốc độ xử lý</p></li><li><p>Màn hình Full HD</p></li></ul>', '<ul class="list-disc ml-3"><li><p>Cam kết <strong>key chính hãng</strong>, được kiểm tra trước khi gửi.</p></li><li><p><strong>Hỗ trợ kích hoạt 1-1</strong> qua Zalo/Email nếu có sự cố.</p></li><li><p>Không áp dụng hoàn tiền nếu sản phẩm đã được gửi &amp; sử dụng.</p></li><li><p>Trường hợp key lỗi không kích hoạt được, sẽ <strong>đổi mới miễn phí</strong> trong vòng 7 ngày.</p></li></ul>', '<ol class="list-decimal ml-3"><li><p>Tải FL Studio từ trang chủ: <a target="_blank" rel="noopener noreferrer nofollow" class="text-blue-500 underline cursor-pointer hover:text-blue-700" href="https://www.image-line.com">https://www.image-line.com</a></p></li><li><p>Cài đặt và mở phần mềm.</p></li><li><p>Vào mục <em>Help &gt; About &gt; Unlock FL Studio</em>.</p></li><li><p>Chọn "Enter a license key manually" và nhập mã được cung cấp.</p></li><li><p><strong>Khởi động lại phần mềm</strong> để hoàn tất quá trình kích hoạt.</p></li></ol><p><em>Lưu ý:</em> Không chia sẻ key cho người khác, tránh bị thu hồi bản quyền.</p>');
INSERT INTO public.product_description (id, created_at, deleted_at, description, info, platform, policy, tutorial) VALUES (62, '2025-06-17 09:45:25.329034', NULL, '<p><strong><em>Adobe After Effects 2024</em></strong> là phần mềm làm kỹ xảo video hàng đầu hiện nay, được sử dụng rộng rãi bởi các nhà làm phim, Youtuber, animator và nhà sản xuất truyền hình chuyên nghiệp.<br>Phần mềm cho phép bạn <strong>tạo các hiệu ứng hình ảnh sống động</strong>, <strong>motion graphics</strong>, và <strong>chỉnh sửa video nâng cao</strong> một cách trực quan và mạnh mẽ.</p><p><strong>Tính năng nổi bật:</strong></p><ul class="list-disc ml-3"><li><p>Hỗ trợ tạo <strong>hiệu ứng chuyển động chuyên nghiệp</strong>.</p></li><li><p>Thư viện <strong>template và hiệu ứng phong phú</strong>.</p></li><li><p>Tích hợp tốt với các phần mềm khác của Adobe như Premiere Pro, Photoshop, Illustrator.</p></li><li><p>Tính năng <strong>AI-enhanced Roto Brush 3.0</strong> giúp tách vật thể nhanh chóng.</p></li><li><p>Cải tiến hiệu suất làm việc với GPU và hỗ trợ định dạng video 10-bit HDR.</p></li></ul>', '<ul class="list-disc ml-3"><li><p>Đây là <strong>bản quyền dạng License Key</strong> kích hoạt online.</p></li><li><p>Không giới hạn tính năng, dùng như bản chính thức tải từ Adobe.</p></li><li><p>Không phải bản crack, không cần dùng patch hay tool lậu.</p></li><li><p><strong>Hỗ trợ kích hoạt 1 thiết bị</strong> duy nhất (Windows hoặc macOS).</p></li><li><p>Hỗ trợ khách hàng cài đặt qua Zalo hoặc teamviewer nếu cần.</p></li></ul>', '<ul class="list-disc ml-3"><li><p><strong>Hệ điều hành:</strong></p><ul class="list-disc ml-3"><li><p>Windows 10 / 11 (64-bit)</p></li><li><p>macOS 12 trở lên</p></li></ul></li><li><p><strong>Cấu hình tối thiểu:</strong></p><ul class="list-disc ml-3"><li><p>CPU: Intel thế hệ thứ 6 trở lên hoặc Apple M1</p></li><li><p>RAM: 16GB</p></li><li><p>GPU: 2GB VRAM trở lên, hỗ trợ OpenGL 2.0</p></li><li><p>Dung lượng trống: 15GB</p></li></ul></li></ul><p><strong>Khuyến nghị:</strong><br>RAM 32GB, SSD tốc độ cao, card đồ họa từ GTX 1660 trở lên sẽ cho trải nghiệm mượt mà hơn.</p>', '<ul class="list-disc ml-3"><li><p><strong>Không hoàn tiền</strong> sau khi đã giao key và xác nhận kích hoạt thành công.</p></li><li><p>Hỗ trợ đổi key <strong>nếu lỗi do nhà cung cấp hoặc không kích hoạt được</strong> trong vòng 24h kể từ lúc giao key.</p></li><li><p>Không hỗ trợ nếu người dùng cài nhầm, gỡ phần mềm hoặc reset máy gây mất key.</p></li></ul>', '<ol class="list-decimal ml-3"><li><p>Truy cập trang <a target="_blank" rel="noopener noreferrer nofollow" class="text-blue-500 underline cursor-pointer hover:text-blue-700" href="https://www.adobe.com">https://www.adobe.com</a> và tải về bản dùng thử Adobe After Effects 2024.</p></li><li><p>Cài đặt phần mềm như bình thường.</p></li><li><p>Mở ứng dụng, đăng nhập tài khoản Adobe (có thể dùng mail riêng của bạn).</p></li><li><p>Truy cập mục <strong>"Help &gt; Activate with License Key"</strong> (nếu có) hoặc làm theo hướng dẫn từ bên shop để kích hoạt.</p></li><li><p>Sau khi kích hoạt thành công, bạn có thể sử dụng đầy đủ tính năng như bản thương mại.</p></li></ol><p><strong>Lưu ý:</strong> Vui lòng giữ lại thông tin license để tiện hỗ trợ về sau nếu có lỗi.</p>');
INSERT INTO public.product_description (id, created_at, deleted_at, description, info, platform, policy, tutorial) VALUES (63, '2025-06-17 09:49:18.247733', NULL, '<p><strong>DaVinci Resolve Studio 18.6</strong> là phần mềm chỉnh sửa video chuyên nghiệp, kết hợp mạnh mẽ giữa biên tập, hiệu ứng hình ảnh (VFX), hiệu chỉnh màu sắc (color grading) và âm thanh hậu kỳ trong một nền tảng duy nhất. Đây là công cụ được sử dụng bởi các nhà làm phim, YouTuber, và biên tập viên video chuyên nghiệp trên toàn thế giới.</p><p>Phiên bản <strong>Studio 18.6</strong> đi kèm với đầy đủ tính năng cao cấp mà bản miễn phí không có, bao gồm:</p><ul class="list-disc ml-3"><li><p><strong>Hỗ trợ xử lý GPU tăng tốc (GPU Acceleration)</strong> cho hiệu suất nhanh vượt trội.</p></li><li><p><strong>Chỉnh màu chuyên sâu (Advanced Color Grading)</strong> với hơn 30 công cụ chuyên dụng.</p></li><li><p><strong>Hiệu ứng hình ảnh và chuyển cảnh nâng cao (Fusion Effects)</strong>.</p></li><li><p><strong>Tính năng AI nâng cao (DaVinci Neural Engine)</strong> như nhận diện khuôn mặt, dịch chuyển khung hình thông minh.</p></li><li><p><strong>Hỗ trợ định dạng nâng cao và xuất file chất lượng cao</strong>, phù hợp với các dự án điện ảnh.</p></li></ul>', '<p><strong>Q: Đây có phải là bản vĩnh viễn hay giới hạn thời gian?</strong><br>A: Đây là bản <em>DaVinci Resolve Studio 18.6 bản quyền trọn đời (lifetime license)</em>, kích hoạt một lần sử dụng mãi mãi. Không yêu cầu gia hạn.</p><p><strong>Q: Có sử dụng được trên nhiều máy không?</strong><br>A: Key chỉ kích hoạt cho <strong>1 thiết bị tại một thời điểm</strong>. Bạn có thể chuyển sang máy khác nếu gỡ cài đặt khỏi máy cũ.</p><p><strong>Q: Đây có phải là key chính hãng không?</strong><br>A: Sản phẩm là key bản quyền hợp pháp và có thể kích hoạt trực tuyến trực tiếp từ phần mềm.</p>', '<ul class="list-disc ml-3"><li><p><strong>Hệ điều hành:</strong> Windows 10/11 (64-bit), macOS 12 trở lên, Linux (CentOS/Ubuntu 20.04 trở lên).</p></li><li><p><strong>RAM tối thiểu:</strong> 16 GB (khuyến nghị 32 GB cho hiệu suất cao).</p></li><li><p><strong>GPU:</strong> GPU có VRAM 4GB trở lên (NVIDIA, AMD, hoặc Apple Silicon M1/M2).</p></li><li><p><strong>Ổ cứng:</strong> SSD với tối thiểu 10GB dung lượng trống.</p></li><li><p><strong>Độ phân giải màn hình tối thiểu:</strong> 1920x1080</p></li></ul>', '<ul class="list-disc ml-3"><li><p><strong>Hỗ trợ cài đặt và kích hoạt 1 lần duy nhất.</strong></p></li><li><p>Không hoàn tiền sau khi đã gửi key.</p></li><li><p>Nếu key không hoạt động do lỗi kỹ thuật hoặc sai key, chúng tôi sẽ <strong>đổi key mới 100%</strong>.</p></li><li><p>Không hỗ trợ nếu khách hàng cung cấp sai thông tin hoặc cài sai hướng dẫn.</p></li></ul>', '<ol class="list-decimal ml-3"><li><p>Tải phần mềm DaVinci Resolve Studio từ website chính thức của Blackmagic Design.</p></li><li><p>Cài đặt phần mềm như bình thường.</p></li><li><p>Khi mở lần đầu, phần mềm sẽ yêu cầu nhập key kích hoạt.</p></li><li><p>Nhập key được cung cấp và xác nhận.</p></li><li><p>Khởi động lại phần mềm để hoàn tất quá trình đăng ký.</p></li></ol><p><strong>Lưu ý:</strong> Tránh cập nhật phần mềm từ nguồn không chính thức để tránh mất bản quyền.</p>');
INSERT INTO public.product_description (id, created_at, deleted_at, description, info, platform, policy, tutorial) VALUES (64, '2025-06-17 09:52:56.223861', NULL, '<p><strong>Camtasia 2023</strong> là phần mềm <strong>ghi màn hình</strong> và <strong>chỉnh sửa video chuyên nghiệp</strong>, phù hợp cho <strong>giáo viên, người sáng tạo nội dung, nhà tiếp thị</strong> và bất kỳ ai cần tạo video hướng dẫn chất lượng cao.</p><p><em>Tính năng nổi bật:</em></p><ul class="list-disc ml-3"><li><p><strong>Ghi màn hình</strong> với độ phân giải cao, hỗ trợ ghi từ webcam và micro.</p></li><li><p><strong>Trình chỉnh sửa kéo-thả dễ dùng</strong>, tích hợp sẵn hàng trăm hiệu ứng chuyển cảnh, âm thanh, chú thích, hoạt ảnh.</p></li><li><p><strong>Thư viện media bản quyền miễn phí</strong>: hình ảnh, nhạc nền, mẫu tiêu đề.</p></li><li><p><strong>Giao diện tối ưu hóa</strong> cho người mới bắt đầu lẫn chuyên nghiệp.</p></li><li><p><strong>Tích hợp AI mới</strong> hỗ trợ chỉnh sửa nhanh, thêm phụ đề tự động.</p></li><li><p><strong>Xuất video chất lượng cao</strong>: MP4, AVI, GIF...</p></li><li><p><strong>Hỗ trợ tạo quiz, tương tác trong video</strong>, đặc biệt hữu ích cho nội dung đào tạo.</p></li></ul><p><em>Loại bản quyền:</em><br>Bản quyền <strong>vĩnh viễn</strong> (không gia hạn hằng năm), <strong>kích hoạt 1 lần</strong>, sử dụng trọn đời cho phiên bản 2023.</p>', '<ul class="list-disc ml-3"><li><p><strong>Đây có phải là bản quyền chính hãng không?</strong><br>→ <em>Có</em>, key được cung cấp là chính hãng từ TechSmith, sử dụng để kích hoạt trên trang chủ.</p></li><li><p><strong>Có thể cài trên bao nhiêu máy?</strong><br>→ Key bản quyền dành cho <strong>1 thiết bị</strong>. Có thể gỡ cài đặt để chuyển sang máy khác nếu cần.</p></li><li><p><strong>Có cần kết nối internet để kích hoạt không?</strong><br>→ Có, cần kết nối internet lần đầu để kích hoạt sản phẩm.</p></li><li><p><strong>Key có dùng được vĩnh viễn không?</strong><br>→ Có, key dùng cho <strong>Camtasia 2023</strong> sẽ sử dụng vĩnh viễn cho phiên bản đó.</p></li></ul>', '<p><strong>Hệ điều hành hỗ trợ:</strong></p><ul class="list-disc ml-3"><li><p><strong>Windows 10 hoặc 11 (64-bit)</strong></p></li><li><p><strong>macOS Monterey 12 trở lên</strong></p></li></ul><p><strong>Yêu cầu tối thiểu:</strong></p><ul class="list-disc ml-3"><li><p>CPU: Intel Core i3 hoặc tương đương</p></li><li><p>RAM: 8GB</p></li><li><p>Ổ cứng: 4GB dung lượng trống</p></li><li><p>GPU: Intel HD Graphics 5000 trở lên</p></li></ul><p><strong>Khuyến nghị:</strong></p><ul class="list-disc ml-3"><li><p>CPU: Intel Core i5/i7 trở lên</p></li><li><p>RAM: 16GB</p></li><li><p>GPU: NVIDIA GeForce hoặc AMD Radeon cho hiệu năng render tốt hơn</p></li></ul>', '<ul class="list-disc ml-3"><li><p><strong>Đảm bảo key chính hãng</strong> từ nhà phân phối.</p></li><li><p><strong>Hỗ trợ đổi key mới</strong> nếu gặp lỗi không kích hoạt trong vòng <strong>48 giờ</strong> kể từ khi nhận hàng.</p></li><li><p><strong>Không hoàn tiền</strong> với lý do không tương thích hệ thống hoặc đã sử dụng.</p></li><li><p>Hỗ trợ kỹ thuật miễn phí trong suốt quá trình cài đặt và kích hoạt.</p></li></ul>', '<ol class="list-decimal ml-3"><li><p>Tải phần mềm Camtasia 2023 từ trang chủ TechSmith: <a target="_blank" rel="noopener noreferrer nofollow" class="text-blue-500 underline cursor-pointer hover:text-blue-700" href="https://www.techsmith.com/download/camtasia">https://www.techsmith.com/download/camtasia</a></p></li><li><p>Cài đặt và mở phần mềm.</p></li><li><p>Vào phần <strong>Help &gt; Enter Software Key</strong>, nhập mã key được cung cấp sau khi mua.</p></li><li><p>Kết nối Internet và kích hoạt.</p></li><li><p>Hoàn tất và sử dụng đầy đủ tính năng bản quyền.</p></li></ol><p><strong>Lưu ý:</strong></p><ul class="list-disc ml-3"><li><p>Không chia sẻ key công khai hoặc dùng cho nhiều máy cùng lúc, sẽ bị khóa key.</p></li><li><p>Sau khi kích hoạt, nên tạo tài khoản TechSmith để liên kết bản quyền.</p></li></ul>');
INSERT INTO public.product_description (id, created_at, deleted_at, description, info, platform, policy, tutorial) VALUES (65, '2025-06-17 09:56:15.83736', NULL, '<p><strong>Filmora 13</strong> là phần mềm <strong>chỉnh sửa video dễ dùng</strong>, lý tưởng cho <strong>người mới bắt đầu</strong> lẫn <strong>người sáng tạo nội dung bán chuyên</strong>, với giao diện kéo-thả trực quan, kho hiệu ứng khổng lồ và tích hợp công nghệ AI hiện đại.</p><p><em>Tính năng nổi bật:</em></p><ul class="list-disc ml-3"><li><p><strong>Chỉnh sửa video chuyên nghiệp</strong> với thao tác kéo-thả đơn giản.</p></li><li><p><strong>Hơn 900 hiệu ứng</strong>: bộ lọc, văn bản động, chuyển cảnh, nhãn dán, tiêu đề.</p></li><li><p><strong>Công nghệ AI mới:</strong> tách nền, nhận diện chuyển động, khử nhiễu âm thanh.</p></li><li><p><strong>Mẫu video dựng sẵn</strong> dành cho TikTok, YouTube, Instagram,...</p></li><li><p><strong>Tách lời bài hát thành beat</strong> chỉ với 1 click.</p></li><li><p><strong>Hỗ trợ video 4K</strong>, nhiều lớp chỉnh sửa đồng thời.</p></li><li><p><strong>Export không watermark</strong> khi kích hoạt bản quyền.</p></li></ul><p><em>Loại bản quyền:</em><br><strong>Trọn đời – Kích hoạt 1 lần, dùng vĩnh viễn</strong> cho phiên bản Filmora 13. Không cần gia hạn hằng năm.</p>', '<ul class="list-disc ml-3"><li><p><strong>Đây có phải là bản quyền vĩnh viễn không?</strong><br>→ <em>Có</em>, bản quyền sử dụng vĩnh viễn cho Filmora 13.</p></li><li><p><strong>Có dùng được trên Mac không?</strong><br>→ Có, hỗ trợ cả Windows và macOS (xem mục nền tảng bên dưới).</p></li><li><p><strong>Filmora có bị watermark khi xuất video không?</strong><br>→ Sau khi kích hoạt bản quyền, video xuất ra <strong>không có watermark</strong>.</p></li><li><p><strong>Có cần tài khoản Wondershare không?</strong><br>→ Có, bạn cần đăng nhập hoặc tạo tài khoản để kích hoạt bản quyền.</p></li></ul>', '<p><strong>Hệ điều hành hỗ trợ:</strong></p><ul class="list-disc ml-3"><li><p><strong>Windows 10/11 (64-bit)</strong></p></li><li><p><strong>macOS 11 trở lên</strong></p></li></ul><p><strong>Cấu hình tối thiểu:</strong></p><ul class="list-disc ml-3"><li><p>CPU: Intel i3 trở lên</p></li><li><p>RAM: 8GB</p></li><li><p>GPU: Intel HD Graphics 5000 hoặc tương đương</p></li><li><p>Ổ cứng: Ít nhất 10GB dung lượng trống</p></li></ul><p><strong>Khuyến nghị:</strong></p><ul class="list-disc ml-3"><li><p>CPU: Intel i5 hoặc i7</p></li><li><p>RAM: 16GB</p></li><li><p>GPU: NVIDIA GTX/RTX hoặc AMD tương đương</p></li><li><p>SSD để tăng tốc độ xử lý video và export</p></li></ul>', '<ul class="list-disc ml-3"><li><p><strong>Key chính hãng</strong> phân phối từ Wondershare.</p></li><li><p><strong>Hỗ trợ đổi key mới</strong> trong vòng 48 giờ nếu gặp lỗi kích hoạt.</p></li><li><p>Không hỗ trợ hoàn tiền với lý do không tương thích máy hoặc đã sử dụng key.</p></li><li><p>Hỗ trợ kỹ thuật miễn phí trong quá trình cài đặt, kích hoạt và sử dụng.</p></li></ul>', '<ol class="list-decimal ml-3"><li><p>Tải Filmora 13 tại: <a target="_blank" rel="noopener noreferrer nofollow" class="text-blue-500 underline cursor-pointer hover:text-blue-700" href="https://filmora.wondershare.com/video-editor/">https://filmora.wondershare.com/video-editor/</a></p></li><li><p>Cài đặt và khởi chạy phần mềm.</p></li><li><p>Đăng nhập hoặc tạo tài khoản Wondershare.</p></li><li><p>Truy cập mục <strong>Activate</strong> hoặc <strong>Tài khoản &gt; Kích hoạt</strong> để nhập mã key.</p></li><li><p>Sau khi kích hoạt, phần mềm sẽ tự động ghi nhận và loại bỏ watermark.</p></li></ol><p><strong>Lưu ý:</strong></p><ul class="list-disc ml-3"><li><p>Key chỉ kích hoạt được <strong>1 lần</strong> trên <strong>1 tài khoản Wondershare</strong>.</p></li><li><p>Nếu thay máy, có thể <strong>liên hệ Wondershare để chuyển key</strong>, mỗi key hỗ trợ chuyển <strong>1 lần duy nhất</strong>.</p></li><li><p>Không chia sẻ key công khai hoặc đăng nhập tài khoản cùng lúc trên nhiều máy.</p></li></ul>');
INSERT INTO public.product_description (id, created_at, deleted_at, description, info, platform, policy, tutorial) VALUES (66, '2025-06-17 09:58:52.478678', NULL, '<p><strong>Adobe Audition 2024</strong> là phần mềm xử lý âm thanh chuyên nghiệp hàng đầu đến từ Adobe, được sử dụng rộng rãi trong các lĩnh vực như hậu kỳ phim, podcasting, ghi âm, và sản xuất nhạc. Phiên bản 2024 mang đến hiệu năng vượt trội, giao diện được tinh chỉnh hiện đại hơn và nhiều công cụ cải tiến hỗ trợ xử lý đa track, làm sạch âm thanh, khôi phục chất lượng bản ghi cũ.</p><p><strong>Tính năng nổi bật:</strong></p><ul class="list-disc ml-3"><li><p><em>Hiệu chỉnh âm thanh đa track chuyên sâu</em>.</p></li><li><p><em>Tích hợp AI giúp loại bỏ tiếng ồn và tạp âm hiệu quả</em>.</p></li><li><p><em>Bộ công cụ khôi phục âm thanh mạnh mẽ</em>.</p></li><li><p><em>Tối ưu hóa hiệu suất và tốc độ xử lý</em>.</p></li><li><p><em>Hỗ trợ các định dạng phổ biến: WAV, MP3, AAC, AIFF, FLAC...</em></p></li></ul>', '<p><strong>Q: Đây có phải là key bản quyền vĩnh viễn không?</strong><br>A: Không, đây là key kích hoạt bản quyền <em>1 năm</em>, hỗ trợ đầy đủ tính năng bản quyền.</p><p><strong>Q: Tôi có thể sử dụng key cho bao nhiêu thiết bị?</strong><br>A: Key chỉ kích hoạt <em>1 thiết bị duy nhất tại một thời điểm</em>. Muốn chuyển máy, bạn cần liên hệ hỗ trợ để hủy kích hoạt trên thiết bị cũ.</p><p><strong>Q: Có cần đăng nhập Adobe ID không?</strong><br>A: <em>Có</em>, bạn cần một tài khoản Adobe để kích hoạt và sử dụng phần mềm.</p>', '<p><strong>Hệ điều hành hỗ trợ:</strong></p><ul class="list-disc ml-3"><li><p><em>Windows 10/11 (64-bit)</em></p></li><li><p><em>macOS Monterey trở lên</em></p></li></ul><p><strong>Cấu hình tối thiểu:</strong></p><ul class="list-disc ml-3"><li><p>CPU: Intel Core i3 hoặc Apple Silicon</p></li><li><p>RAM: 8 GB</p></li><li><p>Ổ cứng: Trống tối thiểu 4 GB</p></li><li><p>Màn hình: 1366 x 768 trở lên</p></li></ul><p><strong>Cấu hình khuyến nghị:</strong></p><ul class="list-disc ml-3"><li><p>CPU: Intel Core i5 / M1 trở lên</p></li><li><p>RAM: 16 GB</p></li><li><p>SSD tốc độ cao</p></li><li><p>Màn hình Full HD trở lên</p></li></ul>', '<ul class="list-disc ml-3"><li><p><em>Không hoàn tiền</em> sau khi đã gửi key hoặc tài khoản.</p></li><li><p>Cam kết <strong>key chính hãng</strong>, hỗ trợ <em>trong suốt thời hạn bản quyền</em>.</p></li><li><p>Nếu key gặp lỗi do nhà cung cấp, chúng tôi <strong>hỗ trợ đổi mới miễn phí</strong>.</p></li><li><p>Không hỗ trợ trong trường hợp vi phạm điều khoản Adobe như chia sẻ tài khoản, thay đổi phần cứng liên tục.</p></li></ul>', '<ol class="list-decimal ml-3"><li><p>Truy cập trang chủ Adobe: <a target="_blank" rel="noopener noreferrer nofollow" class="text-blue-500 underline cursor-pointer hover:text-blue-700" href="https://www.adobe.com/"><em>https://www.adobe.com/</em></a></p></li><li><p>Tải về và cài đặt <strong>Adobe Creative Cloud</strong>.</p></li><li><p>Đăng nhập bằng Adobe ID.</p></li><li><p>Tìm và cài đặt <strong>Adobe Audition 2024</strong>.</p></li><li><p>Kích hoạt key theo hướng dẫn chi tiết sẽ được gửi qua email sau khi thanh toán.</p></li></ol><blockquote><p><em>Lưu ý:</em> Không cập nhật phần mềm nếu có cảnh báo mất bản quyền hoặc không rõ nguồn gốc key.</p></blockquote>');
INSERT INTO public.product_description (id, created_at, deleted_at, description, info, platform, policy, tutorial) VALUES (71, '2025-06-17 10:23:44.771642', NULL, '<p><strong>WebStorm 2024</strong> là phiên bản mới nhất của môi trường phát triển tích hợp (IDE) mạnh mẽ dành cho các lập trình viên web. Được phát triển bởi JetBrains, WebStorm hỗ trợ các công nghệ hiện đại như JavaScript, TypeScript, React, Vue, Angular, Node.js và nhiều hơn nữa. Phiên bản 2024 mang đến hiệu năng cải thiện, gợi ý mã thông minh hơn và hỗ trợ tốt hơn cho các framework phổ biến. Đây là công cụ lý tưởng dành cho các nhà phát triển web muốn tăng tốc quá trình viết mã và nâng cao hiệu suất làm việc.</p>', '<ul class="list-disc ml-3"><li><p><strong>WebStorm có hỗ trợ TypeScript không?</strong><br>Có, WebStorm hỗ trợ hoàn chỉnh TypeScript, bao gồm kiểm tra lỗi, gợi ý mã và biên dịch.</p></li><li><p><strong>Tôi có thể dùng WebStorm cho dự án React hoặc Vue không?</strong><br>Có, WebStorm hỗ trợ đầy đủ cho các framework như React, Vue, Angular và Node.js.</p></li><li><p><strong>Phiên bản này có dùng được trên Linux không?</strong><br>Có, WebStorm 2024 tương thích với Windows, macOS và Linux.</p></li></ul>', '<ul class="list-disc ml-3"><li><p><strong>Hệ điều hành</strong>: Windows 10 trở lên, macOS 12 trở lên, hoặc các bản phân phối Linux hiện đại</p></li><li><p><strong>RAM</strong>: Tối thiểu 4GB, khuyến nghị 8GB trở lên</p></li><li><p><strong>Ổ cứng</strong>: Tối thiểu 3.5GB dung lượng trống</p></li><li><p><strong>Màn hình</strong>: Độ phân giải tối thiểu 1024x768</p></li><li><p><strong>Java</strong>: Tích hợp sẵn Java Runtime (JetBrains Runtime)</p></li></ul>', '<ul class="list-disc ml-3"><li><p>Cung cấp bản quyền số dạng license key hoặc tài khoản JetBrains.</p></li><li><p>Bảo hành kích hoạt thành công.</p></li><li><p>Hỗ trợ cài đặt nếu có yêu cầu.</p></li><li><p>Không hoàn tiền sau khi đã cung cấp license.</p></li></ul>', '<ul class="list-disc ml-3"><li><p>Sau khi nhận license key hoặc tài khoản, truy cập <a target="_blank" rel="noopener noreferrer nofollow" class="text-blue-500 underline cursor-pointer hover:text-blue-700" href="https://jetbrains.com/webstorm">https://jetbrains.com/webstorm</a> để tải và cài đặt WebStorm 2024.</p></li><li><p>Đăng nhập bằng tài khoản JetBrains được cung cấp hoặc nhập license key để kích hoạt.</p></li><li><p>Nên sao lưu thông tin bản quyền để tránh mất mát.</p></li><li><p>Không cập nhật hoặc thay đổi thông tin bản quyền nếu không có hướng dẫn cụ thể từ nhà cung cấp.</p></li></ul>');
INSERT INTO public.product_description (id, created_at, deleted_at, description, info, platform, policy, tutorial) VALUES (74, '2025-06-17 10:31:25.097838', NULL, '<p>Visual Studio 2022 Enterprise là môi trường phát triển tích hợp mạnh mẽ nhất từ Microsoft, được thiết kế dành riêng cho các nhóm phát triển phần mềm chuyên nghiệp, doanh nghiệp và dự án quy mô lớn. Với khả năng hỗ trợ toàn diện các ngôn ngữ như C#, C++, Python, JavaScript cùng các công cụ kiểm thử và gỡ lỗi nâng cao, Visual Studio Enterprise giúp tăng tốc quá trình phát triển, đảm bảo chất lượng và hiệu suất của ứng dụng.</p><p>Điểm nổi bật:</p><ul class="list-disc ml-3"><li><p>IntelliCode AI hỗ trợ lập trình thông minh.</p></li><li><p>Live Unit Testing &amp; Code Coverage.</p></li><li><p>CodeLens: Hiển thị thông tin ngữ cảnh ngay trong mã nguồn.</p></li><li><p>Hỗ trợ DevOps, tích hợp với Azure, Docker, GitHub Actions.</p></li><li><p>Profiling, phân tích hiệu suất và bộ nhớ chuyên sâu.</p></li></ul>', '<ul class="list-disc ml-3"><li><p><strong>Visual Studio Enterprise khác gì bản Professional?</strong><br>Bản Enterprise có thêm các tính năng dành cho doanh nghiệp như Live Unit Testing, IntelliTrace, Code Coverage, và hỗ trợ kiểm thử toàn diện hơn.</p></li><li><p><strong>Có thể cài đặt trên bao nhiêu thiết bị?</strong><br>Theo chính sách Microsoft, một giấy phép thường áp dụng cho một người dùng và có thể sử dụng trên nhiều thiết bị.</p></li><li><p><strong>Bản quyền vĩnh viễn hay theo năm?</strong><br>Tùy theo giấy phép, có thể là vĩnh viễn hoặc dạng thuê bao hàng năm.</p></li></ul>', '<ul class="list-disc ml-3"><li><p><strong>Hệ điều hành:</strong> Windows 10 (1809 trở lên) hoặc Windows 11</p></li><li><p><strong>Bộ xử lý:</strong> Tối thiểu 1.8 GHz hoặc nhanh hơn, lõi kép trở lên</p></li><li><p><strong>RAM:</strong> 4 GB (khuyến nghị 8 GB trở lên)</p></li><li><p><strong>Dung lượng ổ cứng:</strong> Tối thiểu 50 GB</p></li><li><p><strong>Khác:</strong> Yêu cầu kết nối Internet để kích hoạt và cập nhật</p></li></ul>', '<ul class="list-disc ml-3"><li><p><strong>Hỗ trợ kích hoạt:</strong> Cam kết cung cấp hướng dẫn kích hoạt đầy đủ.</p></li><li><p><strong>Hoàn tiền:</strong> Không áp dụng sau khi đã gửi key kích hoạt.</p></li><li><p><strong>Bảo hành:</strong> Trong thời gian sử dụng hợp lệ theo chính sách license.</p></li></ul>', '<ul class="list-disc ml-3"><li><p>Tải Visual Studio 2022 Enterprise từ trang chính thức: <a target="_blank" rel="noopener noreferrer nofollow" class="text-blue-500 underline cursor-pointer hover:text-blue-700" href="https://visualstudio.microsoft.com">https://visualstudio.microsoft.com</a></p></li><li><p>Chạy trình cài đặt, chọn workload phù hợp với nhu cầu phát triển của bạn.</p></li><li><p>Sau khi cài đặt, mở Visual Studio → Đăng nhập hoặc nhập key theo hướng dẫn.</p></li><li><p>Tắt phần mềm diệt virus tạm thời khi kích hoạt nếu gặp lỗi.</p></li><li><p>Không chia sẻ key để tránh bị vô hiệu hóa bản quyền.</p></li></ul>');
INSERT INTO public.product_description (id, created_at, deleted_at, description, info, platform, policy, tutorial) VALUES (69, '2025-06-17 10:18:26.444811', NULL, '<p><strong>JetBrains IntelliJ IDEA Ultimate 2024</strong> là một <em>môi trường phát triển tích hợp (IDE)</em> chuyên nghiệp được thiết kế cho các lập trình viên chuyên nghiệp. Với phiên bản mới nhất năm 2024, IntelliJ IDEA mang lại hiệu suất vượt trội, giao diện hiện đại, hỗ trợ nhiều ngôn ngữ lập trình như Java, Kotlin, Scala, JavaScript, SQL... và tích hợp thông minh với các framework phổ biến như Spring, React, Angular, và nhiều hơn nữa.</p><p><strong>Tính năng nổi bật:</strong></p><ul class="list-disc ml-3"><li><p><strong>Tự động hoàn thành thông minh</strong> và đề xuất code theo ngữ cảnh.</p></li><li><p><strong>Phân tích mã thời gian thực</strong>, hỗ trợ refactoring mạnh mẽ.</p></li><li><p><strong>Debug mạnh mẽ</strong>, hỗ trợ kiểm thử đơn vị tích hợp.</p></li><li><p>Hệ thống <strong>tích hợp Git, Docker, Kubernetes</strong>, CI/CD...</p></li><li><p>Trình quản lý cơ sở dữ liệu tích hợp cho SQL, NoSQL.</p></li></ul>', '<ul class="list-disc ml-3"><li><p><strong>Q: Tôi có thể sử dụng license bao lâu?</strong><br><em>A: License có thời hạn </em><strong><em>1 năm</em></strong><em> hoặc </em><strong><em>trọn đời</em></strong><em> tùy lựa chọn sản phẩm.</em></p></li><li><p><strong>Q: Có cần kết nối Internet để kích hoạt không?</strong><br><em>A: Có. Cần có kết nối Internet khi kích hoạt lần đầu.</em></p></li><li><p><strong>Q: License có thể sử dụng cho bao nhiêu thiết bị?</strong><br><em>A: License chỉ dùng cho </em><strong><em>01 thiết bị</em></strong><em>, không chia sẻ được.</em></p></li></ul>', '<p><strong>Hệ điều hành hỗ trợ</strong>:</p><ul class="list-disc ml-3"><li><p>Windows 10/11 (64-bit)</p></li><li><p>macOS 12 trở lên</p></li><li><p>Ubuntu, Debian, các bản phân phối Linux phổ biến</p></li></ul><p><strong>Yêu cầu tối thiểu</strong>:</p><ul class="list-disc ml-3"><li><p>CPU: Intel Core i3 trở lên</p></li><li><p>RAM: 8 GB</p></li><li><p>Ổ cứng: 3 GB dung lượng trống</p></li><li><p>Độ phân giải màn hình: 1024x768 trở lên</p></li></ul><p><strong>Khuyến nghị</strong>:</p><ul class="list-disc ml-3"><li><p>CPU: Intel Core i5/i7</p></li><li><p>RAM: 16 GB</p></li><li><p>SSD để hiệu năng tốt nhất</p></li></ul>', '<ul class="list-disc ml-3"><li><p><strong>Bảo hành 1 đổi 1 trong 7 ngày</strong> nếu license gặp lỗi từ hệ thống.</p></li><li><p><strong>Hỗ trợ kích hoạt</strong> qua email hoặc live chat trong giờ làm việc.</p></li><li><p>Không hỗ trợ hoàn tiền nếu khách hàng đã kích hoạt thành công.</p></li><li><p>License <strong>không hoàn trả</strong> nếu khách hàng cung cấp sai thông tin hệ thống.</p></li></ul>', '<ol class="list-decimal ml-3"><li><p><strong>Tải về phần mềm</strong> từ trang chủ JetBrains: <a target="_blank" rel="noopener noreferrer nofollow" class="text-blue-500 underline cursor-pointer hover:text-blue-700" href="https://www.jetbrains.com/idea/">https://www.jetbrains.com/idea/</a></p></li><li><p>Cài đặt và khởi động IntelliJ IDEA Ultimate.</p></li><li><p>Truy cập vào mục <strong>"Configure &gt; Manage License"</strong>.</p></li><li><p>Chọn <strong>"Activate via Activation Code"</strong> hoặc <strong>"License Server"</strong> tùy phương thức cung cấp.</p></li><li><p>Dán mã bản quyền được cung cấp.</p></li><li><p>Khởi động lại ứng dụng để hoàn tất quá trình kích hoạt.</p></li></ol><p><strong>Lưu ý:</strong> Vui lòng không chia sẻ license để tránh khóa tài khoản từ JetBrains.</p>');
INSERT INTO public.product_description (id, created_at, deleted_at, description, info, platform, policy, tutorial) VALUES (70, '2025-06-17 10:21:04.490105', NULL, '<p><strong>JetBrains Rider 2024</strong> là một <strong>IDE cao cấp</strong> dành cho lập trình viên .NET, được phát triển bởi JetBrains – công ty nổi tiếng với những công cụ lập trình hiệu quả như IntelliJ, PhpStorm và PyCharm. Rider cung cấp <strong>hiệu suất cao</strong>, <strong>hỗ trợ đa nền tảng</strong>, tích hợp chặt chẽ với ReSharper và các công cụ DevOps hiện đại.</p><p><strong>Tính năng nổi bật:</strong></p><ul class="list-disc ml-3"><li><p>Hỗ trợ <strong>.NET Framework, .NET Core, Mono, Xamarin</strong>, Unity, <a target="_blank" rel="noopener noreferrer nofollow" class="text-blue-500 underline cursor-pointer hover:text-blue-700" href="http://ASP.NET">ASP.NET</a> và nhiều framework khác.</p></li><li><p>Tích hợp sẵn công cụ <strong>Refactor</strong>, <strong>Unit Testing</strong>, <strong>Debugging</strong>, <strong>Database</strong>, <strong>Version Control</strong> (Git).</p></li><li><p><strong>Hiệu suất mượt mà</strong> kể cả trên các project lớn nhờ kiến trúc thông minh.</p></li><li><p>Hỗ trợ <strong>C#, </strong><a target="_blank" rel="noopener noreferrer nofollow" class="text-blue-500 underline cursor-pointer hover:text-blue-700" href="http://VB.NET"><strong>VB.NET</strong></a><strong>, </strong><a target="_blank" rel="noopener noreferrer nofollow" class="text-blue-500 underline cursor-pointer hover:text-blue-700" href="http://ASP.NET"><strong>ASP.NET</strong></a><strong>, JavaScript, TypeScript, HTML, CSS, JSON, XML, XAML</strong>, và nhiều hơn nữa.</p></li><li><p>Giao diện thân thiện, tùy biến linh hoạt với các theme hiện đại.</p><p><strong>Thông tin chung:</strong></p></li></ul><ul class="list-disc ml-3"><li><p><strong>Sản phẩm dạng key bản quyền chính hãng</strong>.</p></li><li><p>Cung cấp dưới dạng <strong>license key kèm hướng dẫn kích hoạt chi tiết</strong>.</p></li><li><p>Thời hạn bản quyền: <strong>12 tháng (1 năm)</strong>.</p></li><li><p>Dùng được cho cả <strong>Windows</strong>, <strong>macOS</strong>, và <strong>Linux</strong>.</p></li><li><p>Không yêu cầu đăng nhập tài khoản JetBrains (tuỳ phiên bản).</p></li></ul>', '<p><strong>Q: Có cần tài khoản JetBrains để sử dụng không?</strong><br>A: Tuỳ vào hình thức key, một số phiên bản không yêu cầu đăng nhập. Hướng dẫn chi tiết sẽ được cung cấp kèm theo.</p><p><strong>Q: Có sử dụng được cho nhiều máy không?</strong><br>A: Mỗi key kích hoạt hợp lệ cho <strong>1 thiết bị</strong> tại một thời điểm.</p><p><strong>Q: Có hỗ trợ cập nhật phần mềm không?</strong><br>A: Có, trong thời gian bản quyền còn hiệu lực.</p>', '<p><strong>Hệ điều hành:</strong></p><ul class="list-disc ml-3"><li><p>Windows 10/11 (64-bit)</p></li><li><p>macOS 11.0 trở lên</p></li><li><p>Linux (Ubuntu, Fedora…)</p></li></ul><p><strong>Cấu hình tối thiểu:</strong></p><ul class="list-disc ml-3"><li><p>CPU: Intel Core i3 hoặc tương đương</p></li><li><p>RAM: 8GB</p></li><li><p>Ổ cứng: 3GB dung lượng trống</p></li><li><p>Độ phân giải: 1024x768 trở lên</p></li></ul><p><strong>Khuyến nghị:</strong></p><ul class="list-disc ml-3"><li><p>CPU: Intel Core i5 hoặc i7</p></li><li><p>RAM: 16GB trở lên</p></li><li><p>SSD để tối ưu hiệu suất</p></li></ul>', '<ul class="list-disc ml-3"><li><p>Tải phần mềm từ trang chính thức: <a target="_blank" rel="noopener noreferrer nofollow" class="text-blue-500 underline cursor-pointer hover:text-blue-700" href="https://www.jetbrains.com/rider/"><em>https://www.jetbrains.com/rider/</em></a></p></li><li><p>Cài đặt phần mềm theo hướng dẫn.</p></li><li><p>Chọn mục kích hoạt bản quyền, nhập key được cung cấp.</p></li><li><p>Không chia sẻ key để tránh bị thu hồi bản quyền.</p></li><li><p>Không cài đặt cùng lúc trên nhiều thiết bị để tránh lỗi kích hoạt.</p></li></ul>', '<ol class="list-decimal ml-3"><li><p><strong>Tải về phần mềm</strong> từ trang chủ JetBrains: <a target="_blank" rel="noopener noreferrer nofollow" class="text-blue-500 underline cursor-pointer hover:text-blue-700" href="https://www.jetbrains.com/idea/">https://www.jetbrains.com/idea/</a></p></li><li><p>Cài đặt và khởi động IntelliJ IDEA Ultimate.</p></li><li><p>Truy cập vào mục <strong>"Configure &gt; Manage License"</strong>.</p></li><li><p>Chọn <strong>"Activate via Activation Code"</strong> hoặc <strong>"License Server"</strong> tùy phương thức cung cấp.</p></li><li><p>Dán mã bản quyền được cung cấp.</p></li><li><p>Khởi động lại ứng dụng để hoàn tất quá trình kích hoạt.</p></li></ol><p><strong>Lưu ý:</strong> Vui lòng không chia sẻ license để tránh khóa tài khoản từ JetBrains.</p>');
INSERT INTO public.product_description (id, created_at, deleted_at, description, info, platform, policy, tutorial) VALUES (72, '2025-06-17 10:26:31.435771', NULL, '<p><strong>PhpStorm 2024</strong> là môi trường phát triển tích hợp (IDE) hàng đầu dành cho lập trình viên PHP, cung cấp trải nghiệm lập trình mạnh mẽ và mượt mà. Phiên bản 2024 mang đến những cải tiến vượt trội về hiệu suất, tính năng thông minh và hỗ trợ framework hiện đại như Laravel, Symfony, WordPress, Magento, v.v.</p><p>Với giao diện trực quan, hệ thống debug mạnh mẽ, tích hợp công cụ kiểm thử và hỗ trợ code hoàn hảo, PhpStorm giúp bạn lập trình nhanh chóng, chính xác và hiệu quả hơn bao giờ hết.</p>', '<ul class="list-disc ml-3"><li><p>Bản quyền chính hãng từ JetBrains.</p></li><li><p>Kích hoạt online bằng tài khoản hoặc license key.</p></li><li><p>Hỗ trợ cập nhật và sử dụng đến hết thời hạn license.</p></li><li><p>Thời hạn sử dụng: 1 năm (hoặc trọn đời nếu là bản vĩnh viễn).</p></li><li><p>Tương thích tốt với Composer, Git, Docker, và các công cụ CI/CD phổ biến.</p></li></ul>', '<ul class="list-disc ml-3"><li><p><strong>Hệ điều hành:</strong> Windows 10/11, macOS Monterey trở lên, Linux</p></li><li><p><strong>RAM:</strong> Tối thiểu 8 GB (khuyến nghị 16 GB)</p></li><li><p><strong>Ổ cứng:</strong> Còn trống ít nhất 2.5 GB</p></li><li><p><strong>Khác:</strong> Yêu cầu kết nối Internet khi kích hoạt lần đầu</p></li></ul>', '<ul class="list-disc ml-3"><li><p>Cam kết bản quyền chính hãng.</p></li><li><p>Cung cấp trong vòng 30 phút đến 6 giờ làm việc.</p></li><li><p>Hỗ trợ kỹ thuật trong quá trình kích hoạt và sử dụng.</p></li><li><p>Không hoàn trả nếu sản phẩm đã được kích hoạt thành công.</p></li></ul>', '<ol class="list-decimal ml-3"><li><p>Tải xuống PhpStorm từ trang chủ JetBrains: <a target="_blank" rel="noopener noreferrer nofollow" class="text-blue-500 underline cursor-pointer hover:text-blue-700" href="https://www.jetbrains.com/phpstorm/">https://www.jetbrains.com/phpstorm/</a></p></li><li><p>Cài đặt và đăng nhập bằng tài khoản JetBrains (nếu dùng license qua tài khoản).</p></li><li><p>Nhập key hoặc kết nối tài khoản được cấp phép để kích hoạt.</p></li><li><p>Không chia sẻ key/tài khoản để tránh bị thu hồi bản quyền.</p></li><li><p>Nếu gặp lỗi kích hoạt, vui lòng liên hệ ngay bộ phận hỗ trợ để được xử lý.</p></li></ol>');
INSERT INTO public.product_description (id, created_at, deleted_at, description, info, platform, policy, tutorial) VALUES (73, '2025-06-17 10:29:15.213446', NULL, '<p><strong>ReSharper Ultimate</strong> là bộ công cụ toàn diện dành cho lập trình viên sử dụng Visual Studio, giúp nâng cao năng suất và hiệu quả phát triển phần mềm. Với khả năng phân tích mã nguồn mạnh mẽ, refactor thông minh, gợi ý tối ưu hóa mã, và kiểm thử đơn vị tích hợp, ReSharper giúp lập trình viên C#, .NET, <a target="_blank" rel="noopener noreferrer nofollow" class="text-blue-500 underline cursor-pointer hover:text-blue-700" href="http://ASP.NET">ASP.NET</a> và nhiều nền tảng khác tiết kiệm thời gian và giảm lỗi trong quá trình phát triển.</p><p>Gói "Ultimate" bao gồm tất cả các công cụ của JetBrains cho .NET developer như: ReSharper, ReSharper C++, dotCover, dotTrace, dotMemory, và dotPeek – giúp quản lý và phân tích toàn bộ vòng đời phát triển phần mềm một cách dễ dàng và hiệu quả.</p>', '<ul class="list-disc ml-3"><li><p>Hỗ trợ C#, <a target="_blank" rel="noopener noreferrer nofollow" class="text-blue-500 underline cursor-pointer hover:text-blue-700" href="http://VB.NET">VB.NET</a>, <a target="_blank" rel="noopener noreferrer nofollow" class="text-blue-500 underline cursor-pointer hover:text-blue-700" href="http://ASP.NET">ASP.NET</a>, JavaScript, TypeScript, XAML, HTML, CSS, và nhiều hơn nữa.</p></li><li><p>Tích hợp trực tiếp vào Microsoft Visual Studio (các phiên bản từ 2019 trở lên).</p></li><li><p>Hỗ trợ refactoring thông minh và phân tích code thời gian thực.</p></li><li><p>Gồm cả công cụ kiểm thử, profiling, decompiling và quản lý bộ nhớ.</p></li><li><p>Dành cho lập trình viên cá nhân hoặc nhóm phát triển chuyên nghiệp.</p></li><li><p>Cập nhật bản quyền và version mới trong suốt thời gian sử dụng.</p></li></ul>', '<ul class="list-disc ml-3"><li><p><strong>Hệ điều hành:</strong> Windows 10 trở lên</p></li><li><p><strong>IDE:</strong> Microsoft Visual Studio 2019 / 2022</p></li><li><p><strong>RAM:</strong> Tối thiểu 4 GB (khuyến nghị 8 GB trở lên)</p></li><li><p><strong>Ổ cứng:</strong> Còn trống ít nhất 2 GB</p></li><li><p><strong>Mạng:</strong> Kết nối Internet để kích hoạt và cập nhật bản quyền</p></li></ul>', '<ul class="list-disc ml-3"><li><p>Cung cấp license key chính hãng từ JetBrains</p></li><li><p>Thời hạn: Tùy chọn theo năm hoặc vĩnh viễn</p></li><li><p>Có thể gia hạn bản quyền dễ dàng</p></li><li><p>Giao key và hướng dẫn qua email trong vòng 15 phút – 24 giờ</p></li><li><p>Cam kết bảo hành kích hoạt thành công</p></li></ul>', '<ul class="list-disc ml-3"><li><p>Tải về ReSharper từ trang chính thức của JetBrains.</p></li><li><p>Cài đặt plugin ReSharper vào Visual Studio tương thích.</p></li><li><p>Nhập license key được cung cấp để kích hoạt.</p></li><li><p>Đảm bảo Visual Studio đã được cài đặt sẵn trước khi cài ReSharper.</p></li><li><p>Vui lòng không chia sẻ key công khai để tránh bị thu hồi bản quyền.</p></li></ul>');
INSERT INTO public.product_description (id, created_at, deleted_at, description, info, platform, policy, tutorial) VALUES (75, '2025-06-17 10:33:11.002108', NULL, '<p><strong>PyCharm Professional 2024</strong> là môi trường phát triển tích hợp (IDE) mạnh mẽ đến từ JetBrains, được thiết kế dành riêng cho lập trình Python chuyên sâu. Với sự hỗ trợ đầy đủ cho Django, Flask, FastAPI, và nhiều framework khác, phiên bản 2024 mang đến hiệu suất tối ưu cho lập trình viên Python hiện đại.</p><p>PyCharm Pro không chỉ hỗ trợ hoàn hảo cho backend Python mà còn tích hợp khả năng phát triển frontend với JavaScript, HTML, CSS. Tính năng phân tích mã thông minh, tự động hoàn thiện, kiểm tra lỗi theo thời gian thực và hỗ trợ debugging nâng cao giúp tăng hiệu suất làm việc đáng kể.</p>', '<ul class="list-disc ml-3"><li><p><strong>Loại giấy phép:</strong> Bản quyền chính hãng (dưới dạng key hoặc JetBrains Account)</p></li><li><p><strong>Sử dụng:</strong> Trọn đời đối với phiên bản 2024 (không tự động cập nhật lên bản mới hơn)</p></li><li><p><strong>Kích hoạt:</strong> Online hoặc thông qua JetBrains Account</p></li><li><p><strong>Số thiết bị sử dụng:</strong> 1 máy tính</p></li></ul>', '<ul class="list-disc ml-3"><li><p><strong>Hệ điều hành:</strong> Windows 10/11, macOS Monterey trở lên, Ubuntu/CentOS/Fedora hoặc các bản phân phối Linux tương đương</p></li><li><p><strong>RAM:</strong> Tối thiểu 4 GB (khuyến nghị 8 GB trở lên)</p></li><li><p><strong>Dung lượng ổ cứng:</strong> Ít nhất 2.5 GB</p></li><li><p><strong>Màn hình:</strong> Độ phân giải tối thiểu 1024×768</p></li></ul>', '<ul class="list-disc ml-3"><li><p><strong>Giao hàng:</strong> Gửi key bản quyền và hướng dẫn qua email trong vòng 30 phút đến 6 giờ làm việc</p></li><li><p><strong>Bảo hành:</strong> Hỗ trợ kỹ thuật &amp; bảo hành kích hoạt trong 12 tháng</p></li><li><p><strong>Đổi trả:</strong> Không áp dụng đổi/trả sau khi giao key (trừ lỗi kích hoạt do hệ thống)</p></li></ul>', '<ul class="list-disc ml-3"><li><p>Vui lòng tải đúng phiên bản <strong>PyCharm Professional 2024</strong> từ trang chủ JetBrains: <a target="_blank" rel="noopener noreferrer nofollow" class="text-blue-500 underline cursor-pointer hover:text-blue-700" href="https://www.jetbrains.com/pycharm/download">https://www.jetbrains.com/pycharm/download</a></p></li><li><p>Sau khi cài đặt, chọn phương thức kích hoạt thông qua key hoặc đăng nhập tài khoản JetBrains được cấp</p></li><li><p>Tắt các phần mềm diệt virus tạm thời nếu gặp sự cố khi kích hoạt</p></li><li><p>Không chia sẻ bản quyền cho bên thứ ba, tránh bị thu hồi license</p></li></ul>');
INSERT INTO public.product_description (id, created_at, deleted_at, description, info, platform, policy, tutorial) VALUES (76, '2025-06-17 10:35:41.317884', NULL, '<p><strong>Kaspersky Plus 2024</strong> là giải pháp bảo mật toàn diện giúp bảo vệ máy tính và thông tin cá nhân của bạn trước các mối đe dọa từ Internet. Với công nghệ diệt virus tiên tiến, tường lửa mạnh mẽ và khả năng phát hiện phần mềm độc hại theo thời gian thực, Kaspersky Plus mang lại sự yên tâm tuyệt đối khi bạn lướt web, mua sắm online hoặc làm việc từ xa.</p><p>Phiên bản 2024 được tối ưu hiệu suất, tăng cường khả năng bảo vệ chống phishing, ransomware và các cuộc tấn công mạng hiện đại.</p>', '<ul class="list-disc ml-3"><li><p><strong>Loại bản quyền:</strong> Key chính hãng (Retail hoặc kích hoạt online)</p></li><li><p><strong>Thời hạn:</strong> 1 năm kể từ ngày kích hoạt</p></li><li><p><strong>Số thiết bị hỗ trợ:</strong> 1 PC</p></li><li><p><strong>Ngôn ngữ:</strong> Tiếng Việt, Tiếng Anh, đa ngôn ngữ</p></li><li><p><strong>Kích hoạt:</strong> Tải phần mềm từ trang chính thức, nhập key để kích hoạt</p></li></ul>', '<ul class="list-disc ml-3"><li><p><strong>Hệ điều hành:</strong> Windows 11 / 10 / 8.1 / 7 SP1, macOS (phiên bản mới nhất)</p></li><li><p><strong>Bộ xử lý:</strong> Tối thiểu 1 GHz</p></li><li><p><strong>RAM:</strong> 2 GB trở lên</p></li><li><p><strong>Dung lượng ổ đĩa:</strong> Ít nhất 1.5 GB trống</p></li><li><p><strong>Kết nối Internet:</strong> Bắt buộc để kích hoạt và cập nhật</p></li></ul>', '<ul class="list-disc ml-3"><li><p>Cấp key nhanh chóng qua email sau khi thanh toán</p></li><li><p>Cam kết key hoạt động 100% – hỗ trợ đổi key nếu có lỗi</p></li><li><p>Không hoàn tiền sau khi đã cấp key thành công</p></li><li><p>Hỗ trợ kỹ thuật qua Zalo hoặc email</p></li></ul>', '<ol class="list-decimal ml-3"><li><p>Tải Kaspersky Plus từ trang chính thức: <a target="_blank" rel="noopener noreferrer nofollow" class="text-blue-500 underline cursor-pointer hover:text-blue-700" href="https://www.kaspersky.com/downloads">https://www.kaspersky.com/downloads</a></p></li><li><p>Cài đặt và nhập key bản quyền được gửi sau khi mua hàng</p></li><li><p>Đăng nhập hoặc tạo tài khoản Kaspersky để đồng bộ và quản lý thiết bị</p></li><li><p>Không chia sẻ key cho người khác — key chỉ hoạt động cho số thiết bị đăng ký</p></li></ol><p><strong>Lưu ý:</strong> Đảm bảo gỡ bỏ hoàn toàn phần mềm diệt virus cũ trước khi cài Kaspersky để tránh xung đột.</p>');
INSERT INTO public.product_description (id, created_at, deleted_at, description, info, platform, policy, tutorial) VALUES (77, '2025-06-17 10:37:24.111944', NULL, '<p>ESET Internet Security 2024 là giải pháp bảo mật toàn diện cho máy tính và thiết bị cá nhân, mang đến khả năng bảo vệ mạnh mẽ trước các loại mã độc, virus, phần mềm gián điệp, ransomware và các mối đe dọa từ Internet. Với công nghệ trí tuệ nhân tạo và điện toán đám mây, ESET cung cấp một lớp lá chắn thông minh, nhẹ và hiệu quả, không làm chậm hệ thống.</p><p>Phiên bản 2024 đi kèm nhiều cải tiến về tốc độ quét, giao diện trực quan hơn và khả năng bảo vệ nâng cao khi truy cập ngân hàng trực tuyến hoặc mua sắm online.</p>', '<ul class="list-disc ml-3"><li><p><strong>Loại bản quyền:</strong> Bản quyền chính hãng, kích hoạt online</p></li><li><p><strong>Thời hạn sử dụng:</strong> 1 năm (có thể chọn 1 PC, 2 PC, 3 PC...)</p></li><li><p><strong>Kích hoạt:</strong> Bằng mã license key hoặc tài khoản đăng nhập ESET</p></li><li><p><strong>Hình thức nhận hàng:</strong> Gửi qua email sau khi thanh toán</p></li><li><p><strong>Dành cho:</strong> Cá nhân, gia đình hoặc doanh nghiệp nhỏ</p></li></ul>', '<ul class="list-disc ml-3"><li><p><strong>Hệ điều hành hỗ trợ:</strong></p><ul class="list-disc ml-3"><li><p>Windows 11, 10, 8.1, 7</p></li><li><p>Android (qua ESET Mobile Security, tùy sản phẩm)</p></li></ul></li><li><p><strong>Cấu hình tối thiểu:</strong></p><ul class="list-disc ml-3"><li><p>CPU: 1 GHz</p></li><li><p>RAM: 512 MB</p></li><li><p>Ổ cứng trống: 500 MB</p></li><li><p>Kết nối Internet để kích hoạt và cập nhật</p></li></ul></li></ul>', '<ul class="list-disc ml-3"><li><p>Không hoàn trả bản quyền sau khi đã gửi key</p></li><li><p>Bảo hành kích hoạt thành công</p></li><li><p>Hỗ trợ cài đặt và xử lý lỗi trong suốt thời gian sử dụng</p></li><li><p>Có thể gia hạn key hoặc nâng cấp gói bảo mật sau này</p></li></ul>', '<ol class="list-decimal ml-3"><li><p><strong>Tải phần mềm:</strong><br>Tải bản cài chính thức tại <a target="_blank" rel="noopener noreferrer nofollow" class="text-blue-500 underline cursor-pointer hover:text-blue-700" href="https://www.eset.com">https://www.eset.com</a></p></li><li><p><strong>Cài đặt &amp; kích hoạt:</strong></p><ul class="list-disc ml-3"><li><p>Chạy cài đặt và chọn "Activate with a License Key"</p></li><li><p>Nhập mã key hoặc đăng nhập tài khoản được cấp</p></li></ul></li><li><p><strong>Lưu ý:</strong></p><ul class="list-disc ml-3"><li><p>Gỡ bỏ các phần mềm diệt virus khác trước khi cài ESET</p></li><li><p>Đảm bảo kết nối Internet để cập nhật cơ sở dữ liệu virus</p></li><li><p>Không chia sẻ license key để tránh bị khóa</p></li></ul></li></ol>');
INSERT INTO public.product_description (id, created_at, deleted_at, description, info, platform, policy, tutorial) VALUES (78, '2025-06-17 10:38:46.70789', NULL, '<p><strong>Bitdefender Total Security 2024</strong> là giải pháp bảo mật toàn diện, tích hợp công nghệ trí tuệ nhân tạo tiên tiến nhằm bảo vệ máy tính, điện thoại và thiết bị của bạn trước các mối đe dọa mạng hiện đại. Với khả năng phát hiện và ngăn chặn virus, mã độc, phần mềm gián điệp và ransomware hiệu quả, phần mềm giúp bạn duyệt web an toàn, bảo vệ dữ liệu cá nhân và cải thiện hiệu suất hệ thống.</p><p>Tính năng nổi bật:</p><ul class="list-disc ml-3"><li><p>Bảo vệ thời gian thực trước tất cả các loại mã độc</p></li><li><p>Tường lửa nâng cao và kiểm soát truy cập mạng</p></li><li><p>Quản lý mật khẩu, chống lừa đảo và theo dõi danh tính</p></li><li><p>VPN miễn phí (giới hạn dung lượng)</p></li><li><p>Dọn dẹp và tối ưu hóa hiệu suất thiết bị</p></li></ul>', '<ul class="list-disc ml-3"><li><p><strong>Số thiết bị hỗ trợ:</strong> Lên đến 5 thiết bị (Windows, macOS, Android, iOS)</p></li><li><p><strong>Thời hạn:</strong> 1 năm bản quyền chính hãng</p></li><li><p><strong>Hỗ trợ cập nhật:</strong> Tự động cập nhật trong suốt thời gian bản quyền</p></li><li><p><strong>Ngôn ngữ:</strong> Tiếng Việt, Tiếng Anh</p></li></ul>', '<ul class="list-disc ml-3"><li><p><strong>Hệ điều hành:</strong> Windows 11 / 10 / 8.1 / 7 SP1, macOS, Android 6.0 trở lên, iOS 13 trở lên</p></li><li><p><strong>Bộ xử lý:</strong> Dual-core 1.6 GHz trở lên</p></li><li><p><strong>RAM:</strong> Tối thiểu 2 GB</p></li><li><p><strong>Dung lượng đĩa cứng:</strong> 2.5 GB dung lượng trống</p></li><li><p><strong>Kết nối internet:</strong> Bắt buộc để cài đặt và kích hoạt</p></li></ul>', '<ul class="list-disc ml-3"><li><p><strong>Giao hàng:</strong> Gửi mã key và hướng dẫn qua email trong vòng 15 phút</p></li><li><p><strong>Bảo hành:</strong> Hỗ trợ trong suốt thời gian bản quyền</p></li><li><p><strong>Đổi trả:</strong> Không hỗ trợ đổi trả sau khi đã gửi key, trừ trường hợp key lỗi</p></li></ul>', '<ul class="list-disc ml-3"><li><p>Tải phần mềm trực tiếp từ <a target="_new" rel="noopener" class="text-blue-500 underline cursor-pointer hover:text-blue-700" href="https://www.bitdefender.com/">trang chủ Bitdefender</a></p></li><li><p>Cài đặt và đăng nhập tài khoản Bitdefender Central</p></li><li><p>Nhập key bản quyền để kích hoạt sản phẩm</p></li><li><p>Đảm bảo gỡ bỏ các phần mềm diệt virus khác trước khi cài đặt</p></li></ul>');
INSERT INTO public.product_description (id, created_at, deleted_at, description, info, platform, policy, tutorial) VALUES (79, '2025-06-17 10:40:13.674499', NULL, '<p>McAfee Total Protection 2024 là giải pháp bảo mật toàn diện giúp bảo vệ máy tính và các thiết bị của bạn khỏi virus, phần mềm độc hại, tấn công mạng và các mối đe dọa trực tuyến khác. Phiên bản 2024 mang lại hiệu suất được tối ưu hóa, giao diện người dùng trực quan và các tính năng mới như VPN tích hợp, quản lý mật khẩu và bảo vệ danh tính.</p>', '<ul class="list-disc ml-3"><li><p><strong>Bản quyền:</strong> Chính hãng 1 năm (tùy gói)</p></li><li><p><strong>Thiết bị hỗ trợ:</strong> PC, Mac, điện thoại Android/iOS</p></li><li><p><strong>Tài khoản:</strong> Kích hoạt bằng key hoặc tài khoản McAfee</p></li><li><p><strong>Hỗ trợ:</strong> Cập nhật phần mềm và cơ sở dữ liệu virus tự động</p></li><li><p><strong>Ngôn ngữ:</strong> Tiếng Anh, Tiếng Việt</p></li></ul>', '<ul class="list-disc ml-3"><li><p><strong>Windows:</strong> Windows 10/11 (64-bit)</p></li><li><p><strong>macOS:</strong> macOS 10.15 trở lên</p></li><li><p><strong>Android/iOS:</strong> Android 8.0+ / iOS 13+</p></li><li><p><strong>Yêu cầu khác:</strong> Kết nối internet để tải và cập nhật</p></li></ul>', '<ul class="list-disc ml-3"><li><p><strong>Giao hàng:</strong> Qua email trong vòng 1–12h</p></li><li><p><strong>Hoàn tiền:</strong> Không hỗ trợ hoàn tiền sau khi đã kích hoạt</p></li><li><p><strong>Hỗ trợ kỹ thuật:</strong> Trực tiếp qua Zalo/Email/Facebook</p></li></ul>', '<ul class="list-disc ml-3"><li><p>Tải phần mềm McAfee từ website chính thức.</p></li><li><p>Đăng nhập hoặc tạo tài khoản McAfee để nhập key bản quyền.</p></li><li><p>Sau khi kích hoạt, phần mềm sẽ tự động cập nhật.</p></li><li><p>Không chia sẻ tài khoản hoặc key để tránh bị thu hồi bản quyền.</p></li><li><p>Nên gỡ bỏ phần mềm diệt virus khác trước khi cài đặt McAfee.</p></li></ul>');
INSERT INTO public.product_description (id, created_at, deleted_at, description, info, platform, policy, tutorial) VALUES (80, '2025-06-17 10:42:12.769996', NULL, '<p>AVG Ultimate 2024 là giải pháp bảo mật toàn diện dành cho người dùng cá nhân và gia đình, tích hợp giữa phần mềm diệt virus mạnh mẽ cùng các công cụ tối ưu hệ thống và bảo vệ quyền riêng tư. Với một giấy phép duy nhất, bạn có thể bảo vệ toàn bộ thiết bị Windows, macOS, Android một cách dễ dàng và hiệu quả.</p>', '<ul class="list-disc ml-3"><li><p><strong>Loại bản quyền:</strong> Key kích hoạt chính hãng</p></li><li><p><strong>Thời hạn sử dụng:</strong> 1 năm kể từ ngày kích hoạt</p></li><li><p><strong>Số thiết bị:</strong> Hỗ trợ lên đến 10 thiết bị (Windows/macOS/Android)</p></li><li><p><strong>Hình thức giao hàng:</strong> Gửi key và hướng dẫn qua email</p></li><li><p><strong>Thời gian giao hàng:</strong> Trong vòng 30 phút đến 6 giờ</p></li></ul>', '<p><strong>Windows:</strong></p><ul class="list-disc ml-3"><li><p>Hệ điều hành: Windows 7 SP1, 8, 8.1, 10, 11</p></li><li><p>RAM: Tối thiểu 1 GB</p></li><li><p>Dung lượng ổ cứng: Tối thiểu 2 GB</p></li><li><p>Kết nối Internet để kích hoạt và cập nhật</p></li></ul><p><strong>macOS:</strong></p><ul class="list-disc ml-3"><li><p>Phiên bản macOS 10.10 trở lên</p></li></ul><p><strong>Android:</strong></p><ul class="list-disc ml-3"><li><p>Android 5.0 trở lên</p></li></ul>', '<ul class="list-disc ml-3"><li><p><strong>Hoàn tiền:</strong> Không hỗ trợ hoàn tiền sau khi key đã được gửi</p></li><li><p><strong>Hỗ trợ kỹ thuật:</strong> 1-1 qua email hoặc chat trong giờ hành chính</p></li><li><p><strong>Bảo hành:</strong> Trong thời gian key chưa kích hoạt</p></li></ul>', '<ol class="list-decimal ml-3"><li><p>Tải và cài đặt phần mềm tại trang chủ AVG: <a target="_blank" rel="noopener noreferrer nofollow" class="text-blue-500 underline cursor-pointer hover:text-blue-700" href="https://www.avg.com">https://www.avg.com</a></p></li><li><p>Trong quá trình cài đặt, chọn “Enter license” và nhập key được gửi.</p></li><li><p>Đảm bảo thiết bị được kết nối Internet ổn định để hoàn tất kích hoạt.</p></li><li><p>Nếu gặp lỗi kích hoạt, liên hệ ngay với bộ phận hỗ trợ để được xử lý trong thời gian sớm nhất.</p></li></ol>');
INSERT INTO public.product_description (id, created_at, deleted_at, description, info, platform, policy, tutorial) VALUES (81, '2025-06-17 10:44:19.698631', NULL, '<p>CCleaner Professional 2024 là công cụ tối ưu hóa hệ thống hàng đầu, giúp máy tính của bạn chạy nhanh hơn, mượt mà hơn và an toàn hơn. Phiên bản 2024 mang đến những cải tiến vượt trội trong việc dọn dẹp rác, quản lý khởi động và bảo vệ quyền riêng tư, đảm bảo hiệu suất tối đa cho mọi nhu cầu sử dụng.</p>', '<ul class="list-disc ml-3"><li><p>Bản quyền chính hãng 1 năm</p></li><li><p>Kích hoạt online nhanh chóng</p></li><li><p>Hỗ trợ kỹ thuật trong suốt thời gian sử dụng</p></li><li><p>Cập nhật phiên bản mới tự động</p></li><li><p>Không giới hạn tính năng</p></li></ul>', '<ul class="list-disc ml-3"><li><p><strong>Hệ điều hành:</strong> Windows 10, 11</p></li><li><p><strong>Dung lượng đĩa trống:</strong> ≥ 200MB</p></li><li><p><strong>Yêu cầu mạng:</strong> Internet để kích hoạt và cập nhật</p></li><li><p><strong>Yêu cầu khác:</strong> Quyền quản trị viên khi cài đặt</p></li></ul>', '<ul class="list-disc ml-3"><li><p>Bảo hành kích hoạt 100%</p></li><li><p>Không hoàn tiền sau khi đã giao key</p></li><li><p>Hỗ trợ đổi key nếu không kích hoạt được do lỗi từ phía hệ thống</p></li></ul>', '<ol class="list-decimal ml-3"><li><p>Tải bản cài đặt từ trang chủ: <a target="_blank" rel="noopener noreferrer nofollow" class="text-blue-500 underline cursor-pointer hover:text-blue-700" href="https://www.ccleaner.com">https://www.ccleaner.com</a></p></li><li><p>Cài đặt và nhập key bản quyền được cung cấp</p></li><li><p>Tránh cập nhật qua bên thứ ba hoặc phần mềm lạ</p></li><li><p>Sử dụng đầy đủ chức năng như dọn rác, chống phân mảnh, dọn registry, quản lý startup…</p></li><li><p>Hạn chế dùng song song với các phần mềm tối ưu hóa khác để tránh xung đột hệ thống</p></li></ol>');
INSERT INTO public.product_description (id, created_at, deleted_at, description, info, platform, policy, tutorial) VALUES (82, '2025-06-17 10:45:58.056667', NULL, '<p>Driver Booster PRO 11 là phần mềm cập nhật driver chuyên nghiệp đến từ IObit, giúp người dùng giữ cho hệ thống luôn hoạt động ổn định và hiệu suất cao nhất. Với khả năng quét, tải xuống và cài đặt tự động hàng triệu driver chỉ với một cú nhấp chuột, phần mềm giúp giảm thiểu các sự cố phần cứng và tối ưu hiệu suất chơi game cũng như làm việc.</p>', '<ul class="list-disc ml-3"><li><p>Tự động phát hiện và cập nhật driver lỗi thời, thiếu hoặc lỗi</p></li><li><p>Hỗ trợ hơn 6 triệu driver và linh kiện phần cứng</p></li><li><p>Cải thiện hiệu suất thiết bị và khắc phục lỗi driver</p></li><li><p>Tích hợp chế độ Game Boost giúp tối ưu hệ thống cho trải nghiệm chơi game mượt mà</p></li><li><p>Tạo điểm khôi phục hệ thống trước khi cài đặt driver mới để đảm bảo an toàn</p></li></ul>', '<ul class="list-disc ml-3"><li><p><strong>Hệ điều hành:</strong> Windows 11 / 10 / 8.1 / 8 / 7 / Vista / XP</p></li><li><p><strong>Dung lượng đĩa trống:</strong> Tối thiểu 1GB</p></li><li><p><strong>Kết nối Internet:</strong> Bắt buộc để tải driver và kích hoạt bản quyền</p></li></ul>', '<ul class="list-disc ml-3"><li><p>Kích hoạt bằng key bản quyền chính hãng</p></li><li><p>Bản quyền dùng trong 1 năm hoặc trọn đời tùy phiên bản</p></li><li><p>Cập nhật miễn phí trong thời gian hiệu lực</p></li><li><p>Hỗ trợ kỹ thuật từ nhà cung cấp</p></li></ul>', '<ul class="list-disc ml-3"><li><p>Tải phần mềm Driver Booster PRO 11 từ trang chính thức của IObit</p></li><li><p>Cài đặt phần mềm và nhập mã kích hoạt được cung cấp</p></li><li><p>Sau khi kích hoạt, tiến hành quét hệ thống và cập nhật driver tự động</p></li><li><p>Nên tạo điểm khôi phục hệ thống trước mỗi lần cập nhật</p></li><li><p>Không nên tắt máy khi phần mềm đang cập nhật driver</p></li></ul>');
INSERT INTO public.product_description (id, created_at, deleted_at, description, info, platform, policy, tutorial) VALUES (83, '2025-06-17 10:48:08.877344', NULL, '<p><strong>Advanced SystemCare Pro 17</strong> là phần mềm tối ưu hệ thống toàn diện giúp tăng tốc hiệu suất máy tính, dọn dẹp file rác, sửa lỗi registry và cải thiện tốc độ khởi động. Với giao diện thân thiện và các tính năng nâng cao, phần mềm này phù hợp với cả người dùng phổ thông lẫn người dùng chuyên sâu muốn giữ máy tính hoạt động mượt mà và an toàn.</p><p>Các tính năng nổi bật:</p><ul class="list-disc ml-3"><li><p>Tối ưu hệ thống và tăng tốc máy tính chỉ với một cú nhấp chuột</p></li><li><p>Dọn dẹp file rác, sửa lỗi registry và quản lý các mục khởi động</p></li><li><p>Bảo vệ quyền riêng tư khi lướt web và chặn theo dõi trình duyệt</p></li><li><p>Quét và loại bỏ phần mềm gián điệp, quảng cáo độc hại</p></li><li><p>Cập nhật driver, phần mềm lỗi thời</p></li><li><p>Tăng tốc internet và hiệu suất chơi game</p></li></ul>', '<ul class="list-disc ml-3"><li><p><strong>Bản quyền</strong>: 1 năm, 1 PC (có thể thay đổi tùy chính sách của shop)</p></li><li><p><strong>Hình thức giao hàng</strong>: Gửi key và hướng dẫn qua email</p></li><li><p><strong>Kích hoạt online</strong>: Có</p></li><li><p><strong>Có thể cài lại</strong>: Có, khi dùng lại key trên cùng máy</p></li></ul>', '<ul class="list-disc ml-3"><li><p><strong>Hệ điều hành</strong>: Windows 11 / 10 / 8.1 / 8 / 7 / Vista / XP</p></li><li><p><strong>Bộ xử lý</strong>: Từ 1 GHz trở lên</p></li><li><p><strong>RAM</strong>: Tối thiểu 512 MB</p></li><li><p><strong>Dung lượng ổ đĩa</strong>: Ít nhất 300 MB dung lượng trống</p></li><li><p><strong>Mạng</strong>: Yêu cầu kết nối Internet để kích hoạt và cập nhật</p></li></ul>', '<ul class="list-disc ml-3"><li><p>Không hoàn tiền sau khi đã gửi key</p></li><li><p>Hỗ trợ kỹ thuật qua email hoặc chat trong giờ làm việc</p></li><li><p>Key chính hãng, kích hoạt trực tuyến</p></li></ul>', '<ol class="list-decimal ml-3"><li><p>Tải phần mềm tại trang chủ: <a target="_blank" rel="noopener noreferrer nofollow" class="text-blue-500 underline cursor-pointer hover:text-blue-700" href="https://www.iobit.com/en/advanced-systemcare.php">https://www.iobit.com/en/advanced-systemcare.php</a></p></li><li><p>Cài đặt phần mềm và mở lên</p></li><li><p>Nhập key bản quyền được gửi qua email để kích hoạt</p></li><li><p>Nên tắt phần mềm diệt virus trước khi cài đặt nếu gặp lỗi</p></li></ol>');
INSERT INTO public.product_description (id, created_at, deleted_at, description, info, platform, policy, tutorial) VALUES (84, '2025-06-17 10:49:54.476879', NULL, '<p>Revo Uninstaller Pro 5 là công cụ gỡ cài đặt phần mềm mạnh mẽ, giúp bạn loại bỏ hoàn toàn các chương trình không mong muốn và dọn dẹp các tệp rác còn sót lại trên hệ thống. Với công nghệ quét sâu sau khi gỡ cài đặt, Revo đảm bảo hệ thống của bạn luôn sạch sẽ, mượt mà và không còn dấu vết của phần mềm đã xóa.</p>', '<ul class="list-disc ml-3"><li><p><strong>Loại phần mềm:</strong> Gỡ cài đặt và tối ưu hệ thống</p></li><li><p><strong>Hạn sử dụng:</strong> Trọn đời hoặc theo giấy phép (tùy phiên bản)</p></li><li><p><strong>Kích hoạt:</strong> Bằng key bản quyền</p></li><li><p><strong>Ngôn ngữ:</strong> Đa ngôn ngữ, có hỗ trợ tiếng Việt</p></li><li><p><strong>Dùng cho:</strong> 1 máy tính (có thể nâng cấp bản quyền nhiều máy)</p></li></ul>', '<ul class="list-disc ml-3"><li><p><strong>Hệ điều hành:</strong> Windows 11 / 10 / 8.1 / 8 / 7</p></li><li><p><strong>Bộ xử lý:</strong> Pentium III trở lên</p></li><li><p><strong>RAM:</strong> Tối thiểu 128 MB</p></li><li><p><strong>Dung lượng ổ đĩa:</strong> 50 MB trống</p></li></ul>', '<ul class="list-disc ml-3"><li><p><strong>Giao key điện tử qua email</strong></p></li><li><p><strong>Không hỗ trợ đổi trả khi đã giao key thành công</strong></p></li><li><p><strong>Hỗ trợ kỹ thuật qua Zalo/Email trong quá trình kích hoạt</strong></p></li></ul>', '<ol class="list-decimal ml-3"><li><p>Tải phần mềm từ trang chủ hoặc liên kết được cung cấp.</p></li><li><p>Cài đặt và mở phần mềm, sau đó nhập key bản quyền để kích hoạt.</p></li><li><p>Tránh sử dụng đồng thời với các phần mềm dọn rác khác để đảm bảo hiệu quả.</p></li></ol><blockquote><p><strong>Lưu ý:</strong> Tắt Windows Defender hoặc các phần mềm antivirus tạm thời trong quá trình kích hoạt nếu bị chặn.</p></blockquote>');
INSERT INTO public.product_description (id, created_at, deleted_at, description, info, platform, policy, tutorial) VALUES (85, '2025-06-17 10:51:29.68996', NULL, '<p><strong>EaseUS Partition Master Pro</strong> là phần mềm quản lý phân vùng ổ đĩa mạnh mẽ, giúp người dùng dễ dàng tạo, chia, gộp, định dạng và mở rộng phân vùng mà không mất dữ liệu. Phù hợp với cả người dùng cá nhân và kỹ thuật viên IT, phần mềm mang đến giao diện thân thiện cùng khả năng xử lý nhanh chóng và an toàn.</p>', '<ul class="list-disc ml-3"><li><p><strong>Phân vùng không mất dữ liệu:</strong> Hỗ trợ gộp, chia, định dạng phân vùng mà không ảnh hưởng đến dữ liệu đang có.</p></li><li><p><strong>Hỗ trợ ổ cứng lớn:</strong> Làm việc tốt với ổ cứng dung lượng lớn, kể cả ổ GPT.</p></li><li><p><strong>Chuyển đổi định dạng:</strong> Chuyển đổi phân vùng từ MBR sang GPT và ngược lại.</p></li><li><p><strong>Tối ưu hóa hiệu suất:</strong> Giúp hệ thống hoạt động trơn tru hơn nhờ bố trí lại không gian đĩa.</p></li></ul>', '<ul class="list-disc ml-3"><li><p><strong>Hệ điều hành:</strong> Windows 11 / 10 / 8.1 / 8 / 7</p></li><li><p><strong>CPU:</strong> Intel hoặc tương đương, 1GHz trở lên</p></li><li><p><strong>RAM:</strong> Tối thiểu 1GB</p></li><li><p><strong>Ổ cứng trống:</strong> Tối thiểu 500MB cho cài đặt</p></li></ul>', '<ul class="list-disc ml-3"><li><p><strong>Bản quyền kỹ thuật số (License Key)</strong></p></li><li><p><strong>Kích hoạt 1 PC</strong></p></li><li><p><strong>Không hoàn tiền sau khi kích hoạt</strong></p></li><li><p><strong>Hỗ trợ cập nhật trong phiên bản đã mua</strong></p></li></ul>', '<ol class="list-decimal ml-3"><li><p>Tải và cài đặt phần mềm từ trang chủ EaseUS.</p></li><li><p>Nhập key bản quyền do shop cung cấp vào mục kích hoạt trong phần mềm.</p></li><li><p>Tắt phần mềm diệt virus trong quá trình cài đặt (nếu có lỗi).</p></li><li><p>Không dùng key cho nhiều máy hoặc chia sẻ công khai để tránh bị khóa bản quyền.</p></li></ol>');
INSERT INTO public.product_description (id, created_at, deleted_at, description, info, platform, policy, tutorial) VALUES (86, '2025-06-17 10:53:28.914274', NULL, '<p><strong>TeraCopy Pro</strong> là phần mềm tăng tốc sao chép và di chuyển dữ liệu tối ưu dành cho hệ điều hành Windows. Với khả năng tăng hiệu suất truyền tệp lớn và đảm bảo dữ liệu không bị lỗi, TeraCopy Pro là lựa chọn lý tưởng cho người dùng thường xuyên làm việc với tập tin nặng hoặc số lượng lớn dữ liệu.</p>', '<ul class="list-disc ml-3"><li><p><strong>Tính năng chính</strong>:</p><ul class="list-disc ml-3"><li><p>Tăng tốc quá trình sao chép và di chuyển tệp tin.</p></li><li><p>Tạm dừng và tiếp tục quá trình sao chép dễ dàng.</p></li><li><p>Tự động kiểm tra lỗi sau khi hoàn tất.</p></li><li><p>Giao diện trực quan, tích hợp ngay trong menu chuột phải của Windows.</p></li><li><p>So sánh nội dung file để đảm bảo tính toàn vẹn.</p></li><li><p>Ghi nhật ký chi tiết quá trình truyền file.</p></li></ul></li><li><p><strong>Ưu điểm nổi bật</strong>:</p><ul class="list-disc ml-3"><li><p>Sao chép siêu nhanh và ổn định.</p></li><li><p>Tránh lỗi truyền dữ liệu nhờ kiểm tra CRC.</p></li><li><p>Tối ưu hóa làm việc cho người quản trị hệ thống và người dùng chuyên nghiệp.</p></li></ul></li></ul>', '<ul class="list-disc ml-3"><li><p><strong>Hệ điều hành</strong>: Windows 7, 8, 10, 11 (32-bit &amp; 64-bit)</p></li><li><p><strong>Dung lượng ổ cứng</strong>: tối thiểu 20MB</p></li><li><p><strong>Yêu cầu khác</strong>: Quyền quản trị viên để cài đặt phần mềm</p></li></ul>', '<ul class="list-disc ml-3"><li><p>Cấp phép trọn đời cho 1 thiết bị</p></li><li><p>Giao key bản quyền qua email sau 1-30 phút</p></li><li><p>Cam kết key chính hãng, bảo hành kích hoạt</p></li><li><p>Hỗ trợ đổi mới nếu key lỗi không kích hoạt được</p></li></ul>', '<ol class="list-decimal ml-3"><li><p>Tải phần mềm từ trang chính thức: <a target="_blank" rel="noopener noreferrer nofollow" class="text-blue-500 underline cursor-pointer hover:text-blue-700" href="https://www.codesector.com/teracopy">https://www.codesector.com/teracopy</a></p></li><li><p>Cài đặt như bình thường, sau đó mở phần mềm.</p></li><li><p>Vào phần "Enter License Key" và dán mã bản quyền được cung cấp.</p></li><li><p>Không cập nhật phần mềm nếu không cần thiết để tránh mất key (trừ khi shop hướng dẫn).</p></li></ol>');
INSERT INTO public.product_description (id, created_at, deleted_at, description, info, platform, policy, tutorial) VALUES (119, '2025-06-17 13:23:43.71304', NULL, '<p><strong>Clair Obscur: Expedition 33</strong> là một tựa game nhập vai chiến thuật theo lượt với phong cách nghệ thuật độc đáo pha trộn giữa hiện thực và siêu thực, được phát triển bởi Sandfall Interactive. Người chơi sẽ bước vào một thế giới kỳ ảo đầy bí ẩn, nơi mỗi năm có một con số bị “xóa sổ” khỏi sự tồn tại – và đến năm 33, đó là lượt của bạn.</p><p>Bạn vào vai Gloria, thủ lĩnh Expedition 33, dẫn dắt nhóm chiến binh vượt qua thế lực kỳ bí của “Paintress” để phá vỡ vòng lặp chết chóc và cứu lấy nhân loại. Gameplay kết hợp giữa hành động thời gian thực và chiến đấu theo lượt, tạo nên trải nghiệm giàu chiến thuật và cảm xúc.</p>', '<ul class="list-disc ml-3"><li><p><strong>Thể loại:</strong> Nhập vai, Chiến thuật theo lượt, Hành động</p></li><li><p><strong>Chế độ chơi:</strong> Một người chơi (Single-player)</p></li><li><p><strong>Nhà phát triển:</strong> Sandfall Interactive</p></li><li><p><strong>Nhà phát hành:</strong> Kepler Interactive</p></li><li><p><strong>Năm phát hành:</strong> 2025 (dự kiến Q4)</p></li><li><p><strong>Ngôn ngữ:</strong> Tiếng Anh (phụ đề hỗ trợ nhiều ngôn ngữ khác)</p></li></ul>', '<p><strong>Hệ điều hành:</strong> Windows 10/11 (64-bit)<br><strong>CPU:</strong> Intel Core i5-9600K hoặc AMD Ryzen 5 3600<br><strong>RAM:</strong> 16 GB<br><strong>Card đồ họa:</strong> NVIDIA GTX 1660 Super hoặc AMD RX 5600 XT<br><strong>Dung lượng ổ đĩa:</strong> 80 GB trống<br><strong>DirectX:</strong> Phiên bản 12<br><strong>Ghi chú:</strong> Yêu cầu kết nối internet để kích hoạt bản quyền và cập nhật game.</p>', '<ul class="list-disc ml-3"><li><p>Kích hoạt bản quyền chính hãng 1 lần vĩnh viễn.</p></li><li><p>Không hoàn tiền sau khi đã kích hoạt.</p></li><li><p>Hỗ trợ kỹ thuật miễn phí trong thời gian bảo hành.</p></li><li><p>Không cam kết hoạt động nếu máy không đạt yêu cầu hệ thống tối thiểu.</p></li></ul>', '<ul class="list-disc ml-3"><li><p>Sau khi thanh toán, bạn sẽ nhận được hướng dẫn tải và key bản quyền qua email trong vòng 15 phút đến 3 giờ.</p></li><li><p>Vui lòng tắt tường lửa hoặc phần mềm diệt virus tạm thời khi kích hoạt để tránh bị chặn kết nối.</p></li><li><p>Kiểm tra kỹ cấu hình máy trước khi mua.</p></li><li><p>Mọi vấn đề phát sinh trong quá trình cài đặt sẽ được hỗ trợ thông qua Zalo hoặc Email hỗ trợ.</p></li></ul>');
INSERT INTO public.product_description (id, created_at, deleted_at, description, info, platform, policy, tutorial) VALUES (120, '2025-06-17 13:28:26.079964', NULL, '<p><strong>Blue Prince</strong> là một <em>tựa game chiến thuật pha lẫn yếu tố quản lý không gian và thời gian</em>, mang phong cách nghệ thuật độc đáo và không khí huyền bí. Bạn vào vai một người khám phá một tòa lâu đài kỳ lạ, nơi các căn phòng thay đổi mỗi ngày và thời gian là yếu tố sống còn.</p><p><strong>Tính năng nổi bật:</strong></p><ul class="list-disc ml-3"><li><p><strong>Khám phá tòa lâu đài vô tận:</strong> Mỗi ngày, bạn sẽ được cấp quyền truy cập vào những căn phòng mới — và chúng chỉ tồn tại trong 24 giờ.</p></li><li><p><strong>Chiến lược và quản lý thời gian:</strong> Hành trình của bạn bị giới hạn bởi một lượng thời gian nhất định. Mỗi hành động, mỗi quyết định đều phải tính toán kỹ lưỡng.</p></li><li><p><em>Phong cách đồ họa tối giản</em>, huyền bí và đầy mê hoặc tạo nên bầu không khí độc nhất vô nhị.</p></li><li><p>Câu chuyện dần hé lộ thông qua từng căn phòng, từng đồ vật, mang đến cảm giác khám phá như đọc một quyển nhật ký bị lãng quên.</p></li></ul>', '<ul class="list-disc ml-3"><li><p><strong>Tôi có thể chơi lại không nếu hết thời gian?</strong><br>Có, nhưng bạn sẽ phải bắt đầu lại từ đầu. Mỗi lần chơi là một trải nghiệm hoàn toàn mới.</p></li><li><p><strong>Có cần kết nối internet để chơi không?</strong><br><em>Không</em>, trò chơi hoạt động hoàn toàn offline sau khi kích hoạt.</p></li><li><p><strong>Game có hỗ trợ tiếng Việt không?</strong><br>Hiện tại <em>chưa có</em>, game chỉ hỗ trợ tiếng Anh.</p></li></ul>', '<ul class="list-disc ml-3"><li><p><strong>Hệ điều hành:</strong> Windows 10 hoặc mới hơn</p></li><li><p><strong>CPU:</strong> Intel Core i3 trở lên</p></li><li><p><strong>RAM:</strong> Tối thiểu 4GB</p></li><li><p><strong>Card đồ họa:</strong> Intel HD Graphics 4000 trở lên</p></li><li><p><strong>Dung lượng ổ cứng:</strong> Ít nhất 1GB trống</p></li></ul><p><strong>Lưu ý:</strong> Game không yêu cầu phần cứng mạnh, nhưng khuyến nghị sử dụng hệ thống có <strong>SSD</strong> để đảm bảo trải nghiệm mượt mà hơn.</p>', '<ul class="list-disc ml-3"><li><p><strong>Kích hoạt bằng mã key bản quyền</strong> – gửi qua email ngay sau khi thanh toán.</p></li><li><p><strong>Không hỗ trợ hoàn tiền</strong> sau khi key đã được kích hoạt thành công.</p></li><li><p>Trường hợp key lỗi hoặc không thể kích hoạt, <strong>bạn sẽ được đổi key mới miễn phí</strong> sau khi xác minh.</p></li></ul>', '<ol class="list-decimal ml-3"><li><p>Sau khi mua, bạn sẽ nhận được key và link tải game.</p></li><li><p>Tải và cài đặt game theo hướng dẫn.</p></li><li><p>Nhập key để kích hoạt bản quyền.</p></li><li><p><em>Lưu ý:</em> <strong>Một key chỉ sử dụng được cho một thiết bị</strong> – không chia sẻ.</p></li><li><p>Luôn kiểm tra email (bao gồm cả mục spam) sau khi thanh toán để nhận key.</p></li></ol>');
INSERT INTO public.product_description (id, created_at, deleted_at, description, info, platform, policy, tutorial) VALUES (121, '2025-06-17 13:31:00.839357', NULL, '<p><strong>Split Fiction</strong> là một <em>tựa game kể chuyện tương tác</em> độc đáo, nơi bạn vào vai hai nhân vật khác nhau sống trong cùng một thế giới nhưng mang hai định mệnh trái ngược. Tựa game tập trung vào <em>cốt truyện, lựa chọn và mối quan hệ giữa các nhân vật</em>, mang đến trải nghiệm như đọc một tiểu thuyết sống động.</p><p><strong>Điểm nổi bật:</strong></p><ul class="list-disc ml-3"><li><p><strong>Hai tuyến truyện song song:</strong> Người chơi điều khiển hai nhân vật chính, mỗi người với mục tiêu riêng biệt, nhưng mọi hành động của bạn đều ảnh hưởng đến cả hai.</p></li><li><p><em>Lựa chọn quan trọng:</em> Không có “đáp án đúng” – chỉ có hệ quả. Game khuyến khích bạn <em>tái chơi nhiều lần</em> để khám phá toàn bộ câu chuyện.</p></li><li><p><strong>Phong cách nghệ thuật vẽ tay</strong> với màu sắc mang đậm chất điện ảnh.</p></li><li><p>Hệ thống âm thanh, nhạc nền <em>tùy biến theo cảm xúc</em>, tạo nên bầu không khí sâu lắng và cuốn hút.</p></li></ul>', '<ul class="list-disc ml-3"><li><p><strong>Game có hỗ trợ lưu thủ công không?</strong><br>Có, bạn có thể lưu tiến trình bất kỳ lúc nào trong suốt quá trình chơi.</p></li><li><p><strong>Có bao nhiêu kết thúc trong game?</strong><br><em>Hơn 10 kết thúc</em> khác nhau, tùy thuộc vào lựa chọn và thứ tự hành động của bạn.</p></li><li><p><strong>Split Fiction có phù hợp với người chơi mới?</strong><br>Có, gameplay không yêu cầu kỹ năng cao mà tập trung vào trải nghiệm <em>cốt truyện và cảm xúc</em>.</p></li></ul>', '<ul class="list-disc ml-3"><li><p><strong>Hệ điều hành:</strong> Windows 7/8/10/11</p></li><li><p><strong>CPU:</strong> Intel Core i3 hoặc tương đương</p></li><li><p><strong>RAM:</strong> 4GB</p></li><li><p><strong>Card đồ họa:</strong> GPU tích hợp đủ để chạy ổn định</p></li><li><p><strong>Dung lượng ổ cứng:</strong> Khoảng 2GB trống</p></li></ul><p><strong>Khuyến nghị:</strong> Dùng tai nghe khi chơi để tận hưởng trọn vẹn hiệu ứng âm thanh và âm nhạc.</p>', '<ul class="list-disc ml-3"><li><p>Gửi key bản quyền <strong>qua email trong vòng 5 phút sau thanh toán</strong>.</p></li><li><p>Mỗi key chỉ dùng được <strong>cho một tài khoản và một lần kích hoạt duy nhất</strong>.</p></li><li><p><strong>Không hỗ trợ hoàn tiền</strong> với lý do chủ quan (không thích, mua nhầm).</p></li><li><p>Trong trường hợp không kích hoạt được do lỗi hệ thống, <strong>chúng tôi sẽ cấp lại key mới miễn phí</strong> sau khi xác minh.</p></li></ul>', '<ol class="list-decimal ml-3"><li><p>Nhận email chứa key và link tải game.</p></li><li><p>Cài đặt game từ link chính thức.</p></li><li><p>Nhập key khi được yêu cầu để kích hoạt game bản quyền.</p></li><li><p><em>Lưu ý:</em> <strong>Không chia sẻ key với người khác</strong> – điều này có thể khiến key bị vô hiệu hóa.</p></li><li><p>Với game mang yếu tố kể chuyện như Split Fiction, <em>hãy chơi trong không gian yên tĩnh để thưởng thức trọn vẹn câu chuyện.</em></p></li></ol>');
INSERT INTO public.product_description (id, created_at, deleted_at, description, info, platform, policy, tutorial) VALUES (122, '2025-06-17 13:33:30.408286', NULL, '<p><strong>Doom: The Dark Ages</strong> là phần tiền truyện mới nhất của loạt game huyền thoại <strong>DOOM</strong>, đưa người chơi trở về <em>thời kỳ đen tối của lịch sử</em>, nơi khởi nguồn của Slayer – nhân vật chính mang tính biểu tượng. Tựa game kết hợp <em>lối chơi bạo lực nhanh như chớp</em> với <em>bối cảnh trung cổ tăm tối</em>, tạo ra một trải nghiệm hành động độc nhất vô nhị.</p><p><strong>Điểm nổi bật:</strong></p><ul class="list-disc ml-3"><li><p><strong>Hệ thống chiến đấu cổ điển kết hợp hiện đại:</strong> Tiếp nối gameplay tốc độ cao và đẫm máu của DOOM Eternal, nhưng nay được đặt trong bối cảnh <em>kiếm, búa, áo giáp thép và quái vật cổ xưa</em>.</p></li><li><p><strong>Vũ khí và công cụ tàn bạo:</strong> Bao gồm <em>một chiếc búa chiến thần thánh</em>, phá hủy kẻ thù một cách tàn nhẫn.</p></li><li><p><strong>Kỵ mã cơ khí rồng:</strong> Bạn có thể điều khiển một con <em>rồng máy</em> trong trận chiến, mở ra những pha hành động chưa từng có trong series DOOM.</p></li><li><p><strong>Âm nhạc metal đậm chất chiến tranh</strong> và thiết kế âm thanh “nặng đô” giúp thăng hoa mọi pha hành động.</p></li></ul>', '<ul class="list-disc ml-3"><li><p><strong>Game có phải là phần tiếp theo của DOOM Eternal không?</strong><br>Không, đây là <em>phần tiền truyện</em>, giải thích nguồn gốc của Slayer và lịch sử đẫm máu giữa thiên thần, quỷ dữ và con người.</p></li><li><p><strong>Có chơi được offline không?</strong><br>Có, game hỗ trợ chế độ chơi đơn hoàn toàn offline.</p></li><li><p><strong>Có cần chơi các phần trước để hiểu cốt truyện?</strong><br>Không bắt buộc, nhưng <em>người chơi từng trải nghiệm DOOM (2016) hoặc DOOM Eternal</em> sẽ cảm nhận rõ hơn chiều sâu của vũ trụ DOOM.</p></li></ul>', '<ul class="list-disc ml-3"><li><p><strong>Hệ điều hành:</strong> Windows 10 64-bit</p></li><li><p><strong>CPU:</strong> Intel Core i7-6700K / AMD Ryzen 7 2700</p></li><li><p><strong>RAM:</strong> 16GB</p></li><li><p><strong>Card đồ họa:</strong> NVIDIA GeForce GTX 1070 / AMD RX Vega 56</p></li><li><p><strong>Dung lượng ổ cứng:</strong> 80GB trống</p></li><li><p><strong>DirectX:</strong> Version 12</p></li></ul><p><strong>Khuyến nghị:</strong> Sử dụng ổ SSD và tai nghe chất lượng cao để tận hưởng đầy đủ âm thanh và hiệu suất mượt mà.</p>', '<ul class="list-disc ml-3"><li><p><strong>Key bản quyền chính hãng</strong>, được gửi qua email trong vòng 5-10 phút sau khi thanh toán.</p></li><li><p><strong>Không hỗ trợ hoàn tiền</strong> sau khi key đã được gửi và xác nhận đã sử dụng.</p></li><li><p>Trong trường hợp gặp lỗi kỹ thuật không kích hoạt được, <strong>chúng tôi sẽ hỗ trợ đổi key khác miễn phí</strong> sau khi xác minh.</p></li></ul>', '<ol class="list-decimal ml-3"><li><p>Sau khi thanh toán, kiểm tra email để nhận <strong>key bản quyền và link tải game chính thức</strong>.</p></li><li><p>Tải và cài đặt game.</p></li><li><p>Nhập key khi được yêu cầu để kích hoạt.</p></li><li><p><em>Hãy đảm bảo thiết bị của bạn đáp ứng đủ cấu hình yêu cầu để tránh giật lag.</em></p></li><li><p><em>Lưu ý:</em> <strong>Không chia sẻ key</strong> – nếu key bị sử dụng bởi người khác, bạn sẽ không được hỗ trợ kích hoạt lại.</p></li></ol>');
INSERT INTO public.product_description (id, created_at, deleted_at, description, info, platform, policy, tutorial) VALUES (123, '2025-06-17 13:35:40.194042', NULL, '<p><strong><em>Death Stranding 2: On the Beach</em></strong> là phần tiếp theo được mong đợi của tựa game đình đám <em>Death Stranding</em> do Hideo Kojima sáng tạo. Người chơi tiếp tục hành trình cùng <strong>Sam Porter Bridges</strong> trong một thế giới hậu tận thế, nơi mà ranh giới giữa sự sống và cái chết trở nên mờ nhạt.</p><p>Game mang đến đồ họa ấn tượng, thiết kế môi trường rộng lớn cùng lối chơi đậm chất “walking simulator” pha trộn hành động, giải đố và yếu tố tâm linh, tạo nên một trải nghiệm độc đáo chưa từng có.</p><p><strong>Tính năng nổi bật:</strong></p><ul class="list-disc ml-3"><li><p>Cốt truyện sâu sắc, nhiều tầng lớp cảm xúc và triết lý về sự kết nối.</p></li><li><p>Diễn xuất lồng tiếng và mô hình hóa nhân vật siêu thực từ Norman Reedus, Léa Seydoux, Elle Fanning và Troy Baker.</p></li><li><p>Cơ chế xây dựng và hợp tác cộng đồng giữa người chơi thông qua hệ thống chia sẻ vật phẩm.</p></li><li><p>Nâng cấp hệ thống chiến đấu và công cụ di chuyển giúp gameplay trở nên đa dạng hơn.</p></li></ul>', '<ul class="list-disc ml-3"><li><p><em>Game có cần chơi phần 1 trước không?</em><br>➤ Không bắt buộc, nhưng bạn sẽ hiểu cốt truyện và nhân vật hơn nếu đã chơi phần đầu.</p></li><li><p><em>Có chế độ multiplayer không?</em><br>➤ Có, nhưng là dạng <strong>asynchronous</strong> – bạn không chơi trực tiếp với người khác mà sẽ thấy ảnh hưởng từ những gì họ để lại (cầu, thang, vật phẩm…).</p></li><li><p><em>Ngôn ngữ hỗ trợ?</em><br>➤ Tiếng Anh (đầy đủ lồng tiếng và phụ đề), có thể cập nhật thêm ngôn ngữ trong tương lai.</p></li></ul>', '<p><strong>Nền tảng hỗ trợ:</strong> Windows, PlayStation 5<br><strong>Yêu cầu tối thiểu (PC):</strong></p><ul class="list-disc ml-3"><li><p>HĐH: Windows 10 64-bit</p></li><li><p>CPU: Intel Core i5-4460 hoặc AMD Ryzen 5 1400</p></li><li><p>RAM: 8GB</p></li><li><p>GPU: NVIDIA GeForce GTX 1050 / AMD Radeon RX 560</p></li><li><p>Dung lượng trống: 80GB</p></li></ul><p><strong>Cấu hình khuyến nghị:</strong></p><ul class="list-disc ml-3"><li><p>CPU: Intel Core i7-7700 / Ryzen 5 3600</p></li><li><p>GPU: RTX 2060 / RX 5700</p></li><li><p>RAM: 16GB</p></li><li><p>SSD: Khuyến khích sử dụng để giảm thời gian tải</p></li></ul>', '<ul class="list-disc ml-3"><li><p><strong>Bảo hành:</strong> Sản phẩm digital, cam kết key hợp lệ và kích hoạt được.</p></li><li><p><strong>Đổi trả:</strong> Không hỗ trợ đổi trả sau khi key đã được gửi.</p></li><li><p><strong>Hoàn tiền:</strong> Chỉ hỗ trợ hoàn tiền nếu có lỗi từ phía nhà cung cấp key hoặc lỗi kỹ thuật không thể khắc phục được.</p></li></ul>', '<ol class="list-decimal ml-3"><li><p>Sau khi thanh toán thành công, bạn sẽ nhận được mã key qua email đã đăng ký.</p></li><li><p>Kích hoạt game trên <strong>Steam</strong> (PC) hoặc <strong>PlayStation Store</strong> (PS5).</p></li><li><p>Đảm bảo kiểm tra cấu hình hệ thống trước khi mua.</p></li><li><p>Nên cập nhật driver card đồ họa và hệ điều hành để tránh lỗi trong quá trình chơi.</p></li></ol>');
INSERT INTO public.product_description (id, created_at, deleted_at, description, info, platform, policy, tutorial) VALUES (136, '2025-06-17 14:12:23.674458', NULL, '<p><strong><br>Quy trình nhận hàng</strong></p><ol class="list-decimal ml-3"><li><p>Đây là&nbsp;Steam Wallet Code&nbsp;dùng để nạp tiền vào tài khoản Steam, từ đó bạn có thể sử dụng để mua game, nội dung tải về (DLC), vật phẩm trong game, phần mềm, và các dịch vụ khác trên nền tảng Steam</p></li><li><p>Sau khi mua hàng thành công bạn sẽ nhận được ngay code Steam Wallet.</p></li><li><p>Thời gian xử lý: Bạn sẽ nhận được code&nbsp;ngay sau khi mua hàng thành công.</p></li><li><p>Hình thức nhận hàng: Code&nbsp;kích hoạt trong đơn hàng</p></li><li><p><a target="_blank" rel="noopener noreferrer nofollow" class="text-blue-500 underline cursor-pointer hover:text-blue-700" href="https://help.divineshop.vn/huong-dan-cai-dat-va-su-dung-san-pham/huong-dan-nhap-steam-wallet"><strong>Hướng dẫn nhập code Steam&nbsp;Wallet</strong></a></p></li></ol><p><strong>Steam Wallet Code 150 TWD&nbsp;– Nạp tiền ngay, chơi game liền tay</strong></p><p><strong>Steam Wallet Code 150 TWD</strong>&nbsp;– Nạp tiền nhanh chóng&nbsp;vào tài khoản Steam của bạn! Sau khi mua, bạn sẽ nhận&nbsp;mã code tức thì để nạp vào tài khoản Steam, giúp bạn thỏa sức mua sắm game, DLC, vật phẩm và nhiều nội dung hấp dẫn khác trên Steam. Không cần chờ đợi lâu, nâng cấp trải nghiệm chơi game của bạn ngay hôm nay!</p>', '<p><strong>1. Steam Wallet Code là gì?</strong></p><p>Steam Wallet Code là mã thẻ dùng để nạp tiền vào Steam. Sau khi mua hàng, Code sẽ được tự động gửi vào Email của bạn. Bạn sử dụng Code đó để nạp tiền vào Steam. Sau khi nạp xong bạn có thể dùng tiền đó để mua game, mua vật phẩm và sử dụng các tiện ích khác của Steam.&nbsp;</p><p><strong>2. Mua Steam Wallet để làm gì?</strong></p><p>Bạn sẽ có vô vàn những lợi ích cực kỳ thú vị khi mua Steam Wallet. Chẳng hạn như:</p><p>- Mở khóa Add friend.</p><p>- Mở khóa Steam Market.</p><p>- Mua những tựa game bom tấn như: Elden Ring, God of&nbsp;War,&nbsp;GTA V …</p><p>-&nbsp;Mua những item như skin Dota 2, rương súng, key trong CS:GO …</p><p>- Mở khóa Level up Steam Account.</p><p>-&nbsp;Nhận được Steam Trading Card …</p><p><strong>3. Chính sách bảo hành khi Steam Wallet Code lỗi thế nào?</strong></p><p>Divine Shop cam kết bảo hành với tất cả các Code Steam Wallet&nbsp;bán ra. Bạn gặp bất cứ vấn đề gì thì bạn có thể liên hệ với CSKH bên Divine Shop để được hỗ trợ cụ thể.</p><p><strong>5.&nbsp;Code Wallet tôi đã sử dụng, có thể refund để hoàn tiền không?</strong></p><p>Code Wallet đã sử dụng sẽ&nbsp;không thể refund.</p><p><strong>6.&nbsp;Tôi nạp code này vào steam của mình rồi tặng game cho bạn bè được không?</strong></p><p>Hiện chính sách gift game của steam đã đổi cơ chế, bạn chỉ có thể gift game cho bạn bè bằng thẻ thanh toán chứ không gift bằng steam wallet code được.</p><p><strong>8.&nbsp;Tôi có thể sử dụng số dư từ Wallet để thanh toán các tựa game dưới dạng Pre-Order (Đặt trước) trên Steam không?</strong></p><p>Hoàn toàn có thể.</p><p><strong>9.&nbsp;Hiện tại Steam bị Việt Nam chặn thì có thể sử dụng code để nạp vào ví Steam để mua game và chơi được không?&nbsp;</strong></p><p>Dạ bạn vẫn có thể nạp tiền vào ví Steam để thanh toán các sản phẩm bình thường và không có vấn đề gì ạ. Các game trên Steam sau khi bạn đã mua sẽ được thêm vào Thư viện của bạn.</p><p><strong>10. Code steam&nbsp;wallet có kí hiệu HKD, TWD,... có khác gì nhau?</strong></p><p>Kí hiệu HKD, TWD là kí hiệu tiền tệ của Hồng Kông và&nbsp;Đài Loan. Các Steam&nbsp;wallet code&nbsp;Divine Shop cung cấp sẽ&nbsp;đảm bảo nạp&nbsp;được cho&nbsp;tài khoản Steam Việt Nam, sau khi nạp code xong Steam sẽ tự quy&nbsp;đổi số dư sang mệnh giá VNĐ tương&nbsp;ứng trên&nbsp;tài khoản Steam của bạn theo tỷ giá của ngày hôm&nbsp;đó.</p>', '', '<p><strong>Thời gian bảo hành</strong></p><ul class="list-disc ml-3"><li><p>12 tháng</p></li></ul><p><strong>Cách thức bảo hành</strong></p><ul class="list-disc ml-3"><li><p>Đổi mới code khác hoặc hoàn tiền&nbsp;nếu lỗi trong quá trình sử dụng.</p></li></ul><p><strong>Lưu ý</strong></p><ul class="list-disc ml-3"><li><p>Không bảo hành trong trường hợp code bị redeem sau thời điểm hệ thống gửi code. Khách hàng vui lòng nhập code ngay sau khi mua hàng, tránh trường hợp bị lộ code.</p></li><li><p>Khi gửi hỗ trợ, khách hàng vui lòng chỉ&nbsp;gửi 5 kí tự cuối kèm mã đơn hàng (nếu gửi&nbsp;ảnh chụp màn hình cũng cần che code, chỉ show 5 kí&nbsp;tự cuối). Tránh lộ code qua kênh chat.</p></li></ul>', '<ul class="list-disc ml-3"><li><p>Khi nhập code vào tài khoản Steam, tiền sẽ được <strong>quy đổi thành VNĐ</strong> theo tỉ giá ngày hôm đó. Số tiền VNĐ hiển thị trên sản phẩm sẽ ước lượng gần đúng tỉ giá khi nhập.</p></li><li><p>Các code có mệnh giá &gt; 120.000 VNĐ sẽ có thêm chức năng unlock tài khoản Steam để có thể kết bạn, tham gia vào Steam Market.</p></li><li><p>Giới hạn nhập code là <strong>10 lần/1 giờ</strong>, sau khi nhập đủ 10 lần bạn cần đợi 1 tiếng sau để nhập tiếp.</p></li><li><p>Code sẽ chỉ nhập được với tài khoản Steam có Region ở Việt Nam. (Vào <a target="_blank" rel="noopener noreferrer nofollow" class="text-blue-500 underline cursor-pointer hover:text-blue-700" href="https://store.steampowered.com/account/">ĐÂY </a>để kiểm tra)</p></li></ul>');
INSERT INTO public.product_description (id, created_at, deleted_at, description, info, platform, policy, tutorial) VALUES (124, '2025-06-17 13:37:44.227321', NULL, '<p><strong>Borderlands 4</strong> là phần tiếp theo được mong đợi từ loạt game hành động bắn súng đình đám của Gearbox Software. Tiếp nối phong cách <em>cel-shading</em> đặc trưng và lối chơi <strong>loot-and-shoot</strong> hấp dẫn, Borderlands 4 mang đến một vũ trụ hỗn loạn hoàn toàn mới với những nhân vật độc đáo, nhiệm vụ điên rồ và kho vũ khí không tưởng.</p><p><strong>Tính năng nổi bật:</strong></p><ul class="list-disc ml-3"><li><p><strong>Cốt truyện mới sâu sắc</strong> với những khúc ngoặt bất ngờ, nhân vật phản diện đầy lôi cuốn.</p></li><li><p><strong>Chế độ Co-op 4 người</strong> cùng bạn bè trải nghiệm thế giới điên loạn.</p></li><li><p><strong>Tùy chỉnh nhân vật sâu rộng</strong>, nhiều lớp kỹ năng, phong cách chiến đấu độc đáo.</p></li><li><p><strong>Kho vũ khí đa dạng</strong> với hàng triệu biến thể – từ súng phóng axit đến đạn nổ điện.</p></li><li><p><strong>Nhiều hành tinh mới</strong>, đa dạng môi trường – từ sa mạc, rừng rậm đến đô thị tương lai.</p></li></ul>', '<ul class="list-disc ml-3"><li><p><strong>Tôi có cần chơi các phần trước không?</strong><br>Không bắt buộc, nhưng nếu từng chơi Borderlands 3 sẽ giúp bạn hiểu hơn về bối cảnh nhân vật.</p></li><li><p><strong>Game có hỗ trợ chơi đơn không?</strong><br>Có, bạn hoàn toàn có thể chơi đơn với AI đồng hành.</p></li><li><p><strong>Có thể chơi chéo nền tảng không?</strong><br>Có hỗ trợ crossplay giữa PC và các hệ console thế hệ mới.</p></li></ul>', '<ul class="list-disc ml-3"><li><p><strong>Windows (PC)</strong></p></li><li><p><strong>PlayStation 5</strong></p></li><li><p><strong>Xbox Series X/S</strong></p></li></ul><p><strong>Yêu cầu tối thiểu (PC):</strong></p><ul class="list-disc ml-3"><li><p>CPU: Intel Core i5-7600 / AMD Ryzen 5 2600</p></li><li><p>RAM: 8 GB</p></li><li><p>GPU: NVIDIA GTX 1060 / AMD Radeon RX 580</p></li><li><p>Dung lượng: ~90 GB</p></li></ul><p><strong>Khuyến nghị:</strong></p><ul class="list-disc ml-3"><li><p>CPU: Intel i7-9700 / AMD Ryzen 7 3700X</p></li><li><p>RAM: 16 GB</p></li><li><p>GPU: RTX 3060 / RX 6700XT</p></li></ul>', '<ul class="list-disc ml-3"><li><p><strong>Bảo hành key 1 đổi 1 trong vòng 48h</strong> nếu không kích hoạt được.</p></li><li><p><strong>Không hoàn tiền</strong> sau khi key đã được sử dụng thành công.</p></li><li><p>Cam kết <strong>key chính hãng</strong>, kích hoạt trực tiếp trên nền tảng tương ứng.</p></li></ul>', '<ol class="list-decimal ml-3"><li><p>Sau khi thanh toán thành công, bạn sẽ nhận được <strong>license key</strong> qua email hoặc mục đơn hàng.</p></li><li><p>Truy cập nền tảng tương ứng (Steam / PS Store / Xbox).</p></li><li><p>Dán mã key vào phần <strong>Redeem Code</strong> và xác nhận.</p></li><li><p>Tải và cài đặt game từ thư viện của bạn.</p></li><li><p>Chúc bạn có những giờ phút <strong>bắn phá đầy hỗn loạn và hài hước!</strong></p></li></ol>');
INSERT INTO public.product_description (id, created_at, deleted_at, description, info, platform, policy, tutorial) VALUES (125, '2025-06-17 13:39:29.420405', NULL, '<p><strong>Metroid Prime 4: Beyond</strong> đánh dấu sự trở lại đầy kỳ vọng của dòng game <em>Metroid Prime</em> sau nhiều năm im ắng. Trong phần tiếp theo này, người chơi tiếp tục hóa thân thành nữ thợ săn tiền thưởng <em>Samus Aran</em>, tiếp tục hành trình khám phá những hành tinh xa xôi và đương đầu với các thế lực ngoài hành tinh.</p><p>Trò chơi sử dụng góc nhìn người thứ nhất kết hợp yếu tố hành động, khám phá và giải đố. Đồ họa được nâng cấp đáng kể với công nghệ mới, mang đến trải nghiệm chân thật trong từng hành tinh và sinh vật kỳ bí. Cốt truyện hấp dẫn hé lộ thêm nhiều bí mật về tổ chức Galactic Federation và chủng loài Chozo.</p><p><strong>Tính năng nổi bật:</strong></p><ul class="list-disc ml-3"><li><p>Hành động góc nhìn thứ nhất kịch tính, kết hợp khám phá không gian.</p></li><li><p>Nâng cấp bộ giáp và vũ khí đa dạng.</p></li><li><p>Cốt truyện sâu sắc, mở rộng vũ trụ <em>Metroid</em>.</p></li><li><p>Thiết kế thế giới mở bán tự do, cho phép người chơi tự do khám phá.</p></li></ul>', '<ul class="list-disc ml-3"><li><p><em>Metroid Prime 4: Beyond</em> là phần kế tiếp trực tiếp của <em>Metroid Prime 3: Corruption</em>.</p></li><li><p>Không yêu cầu chơi các phần trước để hiểu cốt truyện, tuy nhiên người hâm mộ lâu năm sẽ cảm nhận được chiều sâu nội dung tốt hơn.</p></li><li><p>Không hỗ trợ chế độ multiplayer.</p></li></ul>', '<ul class="list-disc ml-3"><li><p><strong>Nền tảng:</strong> Nintendo Switch, Nintendo Switch 2 (khi phát hành)</p></li><li><p><strong>Hệ điều hành:</strong> Hệ điều hành tích hợp sẵn của Nintendo</p></li><li><p><strong>Cấu hình tối thiểu:</strong> Thiết bị phải là máy chơi game Nintendo Switch.</p></li><li><p><strong>Khuyến nghị:</strong> Sử dụng máy Switch OLED hoặc các phiên bản mới để có trải nghiệm hình ảnh tốt nhất.</p></li></ul>', '<ul class="list-disc ml-3"><li><p><strong>Bảo hành:</strong> 1 đổi 1 trong vòng 24 giờ nếu key không kích hoạt được.</p></li><li><p><strong>Không áp dụng đổi trả sau khi đã kích hoạt.</strong></p></li><li><p><strong>Không hoàn tiền cho các lỗi đến từ thiết bị người dùng hoặc vi phạm chính sách của Nintendo.</strong></p></li></ul>', '<ol class="list-decimal ml-3"><li><p>Sau khi mua hàng, bạn sẽ nhận được mã key qua email trong vòng 5 phút.</p></li><li><p>Truy cập eShop trên thiết bị Nintendo của bạn → chọn <em>Redeem Code</em> → nhập mã key để kích hoạt trò chơi.</p></li><li><p>Hãy đảm bảo tài khoản Nintendo của bạn thuộc khu vực hỗ trợ game.</p></li><li><p>Một số nội dung tải thêm (DLC) có thể yêu cầu mua riêng.</p></li></ol>');
INSERT INTO public.product_description (id, created_at, deleted_at, description, info, platform, policy, tutorial) VALUES (126, '2025-06-17 13:41:33.06097', NULL, '<p><strong><em>Kingdom Come: Deliverance 2</em></strong> là phần tiếp theo được mong đợi của tựa game nhập vai lịch sử từng gây tiếng vang lớn. Tiếp nối câu chuyện của Henry – một chàng rèn kiếm người Bohemia – bạn sẽ được đưa vào thế giới <strong>chân thực, đầy khốc liệt của Trung Cổ Châu Âu</strong> với hệ thống chiến đấu phức tạp, các nhiệm vụ sâu sắc và một thế giới mở giàu chiều sâu.</p><p><strong>Các tính năng nổi bật:</strong></p><ul class="list-disc ml-3"><li><p><strong>Cốt truyện tiếp nối trực tiếp</strong> từ phần 1, với hàng chục giờ chơi.</p></li><li><p><strong>Thế giới mở rộng lớn và chi tiết</strong>, tái hiện trung thực vùng Bohemia thế kỷ 15.</p></li><li><p><strong>Cơ chế chiến đấu thực tế</strong>, dựa trên vật lý và kỹ năng người chơi.</p></li><li><p><strong>Tùy chọn đối thoại ảnh hưởng đến kết quả</strong>, mang lại chiều sâu nhập vai chân thực.</p></li><li><p><strong>Đồ họa nâng cấp mạnh mẽ</strong> trên nền tảng thế hệ mới.</p></li></ul>', '<ul class="list-disc ml-3"><li><p><strong>Game có cần kết nối internet không?</strong><br>Không, bạn có thể chơi hoàn toàn offline sau khi kích hoạt bản quyền.</p></li><li><p><strong>Tôi có thể cài lại game nếu thay máy không?</strong><br>Có. Key bản quyền đi kèm tài khoản hoặc có thể tái sử dụng tùy nền tảng.</p></li><li><p><strong>Game có hỗ trợ tiếng Việt không?</strong><br>Chưa có bản dịch chính thức, tuy nhiên có thể có bản mod Việt ngữ từ cộng đồng sau khi game ra mắt.</p></li></ul>', '<p><strong>Hỗ trợ:</strong> Windows PC</p><p><strong>Yêu cầu tối thiểu:</strong></p><ul class="list-disc ml-3"><li><p>OS: Windows 10 64-bit</p></li><li><p>CPU: Intel Core i5-8400 / AMD Ryzen 5 2600</p></li><li><p>RAM: 16 GB</p></li><li><p>GPU: NVIDIA GTX 1060 / AMD RX 590</p></li><li><p>Dung lượng đĩa: 70 GB</p></li></ul><p><strong>Khuyến nghị:</strong></p><ul class="list-disc ml-3"><li><p>CPU: Intel Core i7-10700K / AMD Ryzen 7 3700X</p></li><li><p>GPU: NVIDIA RTX 3060 / AMD RX 6700 XT</p></li><li><p>SSD để tối ưu thời gian tải game</p></li></ul>', '<ul class="list-disc ml-3"><li><p><strong>hông hoàn tiền</strong> sau khi key đã được gửi và sử dụng.</p></li><li><p>Trong trường hợp key lỗi hoặc không kích hoạt được:<br><strong><em>Chúng tôi hỗ trợ đổi key miễn phí trong vòng 24 giờ</em></strong> sau khi khách hàng cung cấp bằng chứng lỗi.</p></li></ul>', '<ol class="list-decimal ml-3"><li><p>Sau khi thanh toán, bạn sẽ nhận được <strong>mã key bản quyền</strong> qua email.</p></li><li><p>Kích hoạt thông qua nền tảng được chỉ định (Steam/Epic).</p></li><li><p>Tải game và bắt đầu hành trình với Henry trong thế giới Trung Cổ.</p></li><li><p>Vui lòng đảm bảo rằng cấu hình máy bạn đáp ứng yêu cầu tối thiểu để tránh tình trạng giật, lag.</p></li><li><p><strong>Sao lưu key và thông tin đăng nhập</strong> để tiện khôi phục nếu cần.</p></li></ol>');
INSERT INTO public.product_description (id, created_at, deleted_at, description, info, platform, policy, tutorial) VALUES (127, '2025-06-17 13:43:47.479971', NULL, '<p><strong>Civilization VII</strong> là phần tiếp theo của series game chiến thuật huyền thoại, nơi bạn xây dựng một nền văn minh vĩ đại kéo dài từ thời kỳ sơ khai đến tương lai xa. Với đồ họa nâng cấp, trí tuệ nhân tạo cải tiến và hệ thống chiến lược đa lớp, trò chơi mang lại một trải nghiệm chiến thuật chuyên sâu, nơi mọi quyết định của bạn đều có thể thay đổi tiến trình lịch sử.</p><p><strong>Những điểm nổi bật:</strong></p><ul class="list-disc ml-3"><li><p><em>Mở rộng thế giới</em>: Bản đồ chi tiết hơn, địa hình ảnh hưởng đến chiến lược phát triển.</p></li><li><p><em>Xây dựng &amp; điều hành</em>: Lựa chọn các con đường phát triển khác nhau – quân sự, khoa học, tôn giáo, văn hóa.</p></li><li><p><em>AI thông minh hơn</em>: Các nhà lãnh đạo AI có cá tính, động cơ và chiến lược riêng.</p></li><li><p><em>Chế độ chơi linh hoạt</em>: Hỗ trợ cả chơi đơn lẫn multiplayer với bạn bè.</p></li></ul>', '<ul class="list-disc ml-3"><li><p><strong>Tôi có cần kết nối internet để chơi?</strong><br><em>Không bắt buộc. Bạn có thể chơi offline sau khi kích hoạt game.</em></p></li><li><p><strong>Game có tiếng Việt không?</strong><br><em>Hiện tại chưa hỗ trợ tiếng Việt chính thức.</em></p></li><li><p><strong>Tôi có thể chơi nhiều lần với các nền văn minh khác nhau không?</strong><br><em>Hoàn toàn có. Mỗi nền văn minh có lối chơi và khả năng riêng biệt.</em></p></li></ul>', '<p><strong>Hệ điều hành hỗ trợ:</strong><br><em>Windows 10 / 11 (64-bit)</em>, <em>macOS (phiên bản hỗ trợ sẽ cập nhật sau khi ra mắt)</em></p><p><strong>Cấu hình tối thiểu:</strong></p><ul class="list-disc ml-3"><li><p>CPU: Intel Core i5 thế hệ thứ 6 trở lên</p></li><li><p>RAM: 8GB</p></li><li><p>GPU: NVIDIA GTX 950 / AMD Radeon RX 460</p></li><li><p>Dung lượng: 30GB trống</p></li></ul><p><strong>Cấu hình khuyến nghị:</strong></p><ul class="list-disc ml-3"><li><p>CPU: Intel Core i7 / Ryzen 5</p></li><li><p>RAM: 16GB</p></li><li><p>GPU: NVIDIA GTX 1660 Ti / RTX 2060</p></li><li><p>Dung lượng: SSD trống 30GB</p></li></ul>', '<ul class="list-disc ml-3"><li><p>Kích hoạt thành công 100%.</p></li><li><p>Hỗ trợ kỹ thuật trong suốt quá trình cài đặt và chơi game.</p></li><li><p>Không hoàn tiền nếu key đã được kích hoạt thành công.</p></li></ul>', '<ol class="list-decimal ml-3"><li><p>Sau khi mua hàng, bạn sẽ nhận được <strong>license key</strong> và <strong>hướng dẫn cài đặt</strong> qua email hoặc tài khoản cá nhân trên website.</p></li><li><p>Dùng nền tảng <strong>Steam</strong> để kích hoạt và cài đặt game.</p></li><li><p>Đảm bảo máy tính có kết nối mạng ổn định khi kích hoạt lần đầu.</p></li><li><p>Vui lòng sao lưu tài khoản Steam để đảm bảo không bị mất quyền truy cập game.</p></li></ol>');
INSERT INTO public.product_description (id, created_at, deleted_at, description, info, platform, policy, tutorial) VALUES (128, '2025-06-17 13:46:27.195395', NULL, '<p><em>Avowed</em> là tựa game <strong>RPG hành động góc nhìn thứ nhất</strong> do <strong>Obsidian Entertainment</strong> phát triển và được phát hành bởi <strong>Xbox Game Studios</strong>. Lấy bối cảnh trong thế giới <strong>Eora</strong> – nơi từng được biết đến qua series <em>Pillars of Eternity</em>, <em>Avowed</em> đưa người chơi vào một hành trình kỳ ảo, nơi phép thuật, kiếm thuật và những quyết định đạo đức sẽ định hình vận mệnh của cả vương quốc.</p><p>Người chơi sẽ vào vai một sứ giả của Aedyr, được cử tới vùng đất bị nguyền rủa <strong>Living Lands</strong>, khám phá những bí ẩn cổ xưa, chiến đấu chống lại dịch bệnh ma thuật và đưa ra những lựa chọn mang tính sống còn.</p><p><strong>Tính năng nổi bật:</strong></p><ul class="list-disc ml-3"><li><p>Hệ thống chiến đấu kết hợp <strong>phép thuật, vũ khí và kỹ năng</strong> linh hoạt.</p></li><li><p>Cốt truyện sâu sắc, đậm chất điện ảnh với nhiều nhánh rẽ lựa chọn.</p></li><li><p>Hệ thống tùy biến nhân vật phong phú và phát triển kỹ năng tự do.</p></li><li><p>Đồ họa tuyệt đẹp, được tối ưu cho các hệ máy hiện đại.</p></li></ul>', '<ul class="list-disc ml-3"><li><p><em>Đây có phải là game dạng key số hóa?</em><br>→ <strong>Có</strong>, bạn sẽ nhận được key kích hoạt bản quyền qua email ngay sau khi thanh toán thành công.</p></li><li><p><em>Game có hỗ trợ ngôn ngữ tiếng Việt không?</em><br>→ Tạm thời không, game hỗ trợ các ngôn ngữ chính như English, French, German, Spanish.</p></li><li><p><em>Key có giới hạn thời gian kích hoạt không?</em><br>→ <strong>Không</strong>, key vĩnh viễn và không có thời hạn sử dụng.</p></li></ul>', '<p><strong>Nền tảng hỗ trợ:</strong></p><ul class="list-disc ml-3"><li><p>Windows 10/11 (64-bit)</p></li><li><p>Xbox Series X|S</p></li></ul><p><strong>Yêu cầu tối thiểu:</strong></p><ul class="list-disc ml-3"><li><p>CPU: Intel Core i5-8400 / AMD Ryzen 5 1600</p></li><li><p>RAM: 8 GB</p></li><li><p>GPU: NVIDIA GTX 1060 / AMD RX 580</p></li><li><p>Dung lượng ổ cứng: 50 GB trống</p></li><li><p>DirectX: Version 12</p></li></ul><p><strong>Cấu hình khuyến nghị:</strong></p><ul class="list-disc ml-3"><li><p>CPU: Intel Core i7-9700K / AMD Ryzen 7 3700X</p></li><li><p>RAM: 16 GB</p></li><li><p>GPU: NVIDIA RTX 3060 / AMD RX 6700 XT</p></li></ul>', '<ul class="list-disc ml-3"><li><p><strong>Bảo hành 1 đổi 1</strong> nếu key không kích hoạt được do lỗi từ nhà cung cấp.</p></li><li><p>Không hỗ trợ hoàn tiền với lý do cá nhân (đổi ý, không tương thích hệ thống, đã kích hoạt trước đó).</p></li><li><p>Vui lòng <strong>kiểm tra kỹ cấu hình trước khi mua</strong> để tránh các sự cố không mong muốn.</p></li></ul>', '<ol class="list-decimal ml-3"><li><p>Sau khi thanh toán thành công, bạn sẽ nhận được email kèm theo <strong>mã key bản quyền và hướng dẫn kích hoạt</strong>.</p></li><li><p>Truy cập <strong>Microsoft Store</strong> hoặc ứng dụng <strong>Xbox App</strong> trên Windows, đăng nhập tài khoản Microsoft.</p></li><li><p>Chọn "Redeem a Code" và nhập key được cung cấp.</p></li><li><p>Tải về và cài đặt <em>Avowed</em>.</p></li></ol>');
INSERT INTO public.product_description (id, created_at, deleted_at, description, info, platform, policy, tutorial) VALUES (129, '2025-06-17 13:48:09.293806', NULL, '<p><em>The Outer Worlds 2</em> là phần tiếp theo được mong đợi của tựa game nhập vai khoa học viễn tưởng đình đám <em>The Outer Worlds</em>, do <strong>Obsidian Entertainment</strong> phát triển và <strong>Xbox Game Studios</strong> phát hành. Trò chơi đưa người chơi đến một <strong>hệ sao hoàn toàn mới</strong>, với một <strong>phi hành đoàn mới</strong>, và một hành trình khám phá đầy châm biếm, bất ngờ và lựa chọn khó lường.</p><p>Bạn sẽ lại tiếp tục trải nghiệm phong cách kể chuyện đặc trưng của Obsidian – nơi mọi quyết định, hành động, và thái độ của bạn đều ảnh hưởng trực tiếp đến cốt truyện, mối quan hệ giữa các nhân vật và cả <strong>vận mệnh của các hành tinh</strong> trong thiên hà.</p><p><strong>Tính năng nổi bật:</strong></p><ul class="list-disc ml-3"><li><p>Thế giới mở mới mẻ với nhiều hành tinh đa dạng để khám phá.</p></li><li><p>Tùy chọn phát triển nhân vật sâu rộng, tự do chọn kỹ năng, đặc điểm và hướng đi đạo đức.</p></li><li><p>Hệ thống chiến đấu linh hoạt, hỗ trợ vũ khí tầm xa, cận chiến và năng lực đặc biệt.</p></li><li><p>Cốt truyện mang đậm chất <strong>hài đen</strong> và xã hội học viễn tưởng.</p></li></ul>', '<ul class="list-disc ml-3"><li><p><em>Key dùng để kích hoạt ở đâu?</em><br>→ <strong>Trên Microsoft Store hoặc Xbox App</strong> dành cho nền tảng Windows và Xbox Series X|S.</p></li><li><p><em>Tôi có thể chơi offline không?</em><br>→ Có, sau khi cài đặt và kích hoạt, bạn hoàn toàn có thể chơi <em>The Outer Worlds 2</em> ở chế độ offline.</p></li><li><p><em>Game có cần chơi phần 1 trước không?</em><br>→ <em>Không bắt buộc.</em> Đây là một phần mới với nhân vật và cốt truyện riêng biệt.</p></li><li><p><em>Key này có bị giới hạn vùng không?</em><br>→ <strong>Không</strong>, đây là <strong>Global Key</strong>, kích hoạt được ở mọi khu vực.</p></li></ul>', '<p><strong>Hệ điều hành hỗ trợ:</strong></p><ul class="list-disc ml-3"><li><p>Windows 10/11 (64-bit)</p></li><li><p>Xbox Series X|S</p></li></ul><p><strong>Yêu cầu tối thiểu:</strong></p><ul class="list-disc ml-3"><li><p>CPU: Intel Core i5-7600 / AMD Ryzen 5 1400</p></li><li><p>RAM: 8 GB</p></li><li><p>GPU: NVIDIA GTX 1060 / AMD RX 590</p></li><li><p>Dung lượng trống: 60 GB</p></li><li><p>DirectX: Version 12</p></li></ul><p><strong>Cấu hình đề xuất:</strong></p><ul class="list-disc ml-3"><li><p>CPU: Intel Core i7-9700K / AMD Ryzen 7 3700X</p></li><li><p>RAM: 16 GB</p></li><li><p>GPU: NVIDIA RTX 2070 / AMD RX 6700 XT</p></li><li><p>SSD khuyến nghị để tải nhanh và giảm giật lag</p></li></ul>', '<ul class="list-disc ml-3"><li><p>Cam kết <strong>hoạt động 100%</strong> hoặc hoàn tiền.</p></li><li><p>Hỗ trợ <strong>đổi key</strong> trong vòng 48 giờ nếu gặp lỗi từ phía hệ thống hoặc key không hợp lệ (có bằng chứng).</p></li><li><p>Không áp dụng hoàn tiền cho các trường hợp đã kích hoạt thành công.</p></li><li><p>Vui lòng <strong>ghi hình quá trình nhập key</strong> để được hỗ trợ nhanh chóng.</p></li></ul>', '<ol class="list-decimal ml-3"><li><p>Mở <strong>Microsoft Store</strong> hoặc <strong>Xbox App</strong> trên thiết bị Windows.</p></li><li><p>Đăng nhập tài khoản Microsoft.</p></li><li><p>Truy cập mục "Redeem a Code" và nhập key được cung cấp.</p></li><li><p>Sau khi xác nhận, game sẽ tự động được thêm vào thư viện của bạn để tải và cài đặt.</p></li></ol><p><strong>Lưu ý:</strong></p><ul class="list-disc ml-3"><li><p>Một số tính năng yêu cầu kết nối internet như cập nhật và DLC.</p></li><li><p>Không chia sẻ key công khai sau khi mua.</p></li><li><p>Nếu chưa từng chơi dòng game này, bạn vẫn có thể tiếp cận dễ dàng nhờ cốt truyện độc lập.</p></li></ul>');
INSERT INTO public.product_description (id, created_at, deleted_at, description, info, platform, policy, tutorial) VALUES (130, '2025-06-17 13:49:47.367851', NULL, '<p><strong><em>Ninja Gaiden 4</em></strong> là sự trở lại đầy ngoạn mục của dòng game hành động chặt chém huyền thoại đến từ Team Ninja. Người chơi sẽ một lần nữa hóa thân thành <strong>Ryu Hayabusa</strong>, chiến binh ninja mạnh mẽ, trong hành trình tàn sát kẻ thù và khám phá một cốt truyện đen tối, đầy bi kịch và máu lửa.</p><p>Trò chơi được nâng cấp toàn diện về <strong>đồ họa</strong>, <strong>hệ thống chiến đấu</strong>, và <strong>AI kẻ địch</strong>, mang đến cảm giác chiến đấu mượt mà, khốc liệt nhưng cũng đầy thử thách. Với vũ khí đa dạng, combo phong phú và nhịp độ nhanh đặc trưng, <strong>Ninja Gaiden 4</strong> hứa hẹn sẽ là lựa chọn không thể bỏ qua với fan của thể loại <strong>hack-and-slash hardcore</strong>.</p>', '<ul class="list-disc ml-3"><li><p>Liệu game có dễ? <strong><em>Không.</em></strong> Ninja Gaiden 4 vẫn giữ nguyên <strong>độ khó tàn bạo</strong> của series, yêu cầu kỹ năng phản xạ tốt, sự kiên nhẫn và chiến thuật hợp lý.</p></li><li><p>Có phần chơi mạng không? <strong><em>Không.</em></strong> Game chỉ hỗ trợ chơi đơn.</p></li><li><p>Có cần chơi các phần trước không? _<strong>Không bắt buộc</strong>, nhưng bạn sẽ hiểu thêm về cốt truyện nếu đã từng chơi các phần trước.</p></li></ul>', '<p><strong>Hệ điều hành:</strong></p><ul class="list-disc ml-3"><li><p>Windows 10/11 64-bit</p></li><li><p>PlayStation 5</p></li><li><p>Xbox Series X|S</p></li></ul><p><strong>Cấu hình tối thiểu (PC):</strong></p><ul class="list-disc ml-3"><li><p>CPU: Intel Core i5-8400 / AMD Ryzen 5 2600</p></li><li><p>RAM: 8GB</p></li><li><p>GPU: NVIDIA GTX 1060 / AMD RX 580</p></li><li><p>Dung lượng ổ cứng: 50GB trống</p></li></ul><p><strong>Cấu hình khuyến nghị:</strong></p><ul class="list-disc ml-3"><li><p>CPU: Intel Core i7-10700K / AMD Ryzen 7 3700X</p></li><li><p>RAM: 16GB</p></li><li><p>GPU: NVIDIA RTX 3060 / AMD RX 6700 XT</p></li><li><p>SSD: khuyến khích sử dụng</p></li></ul>', '<ul class="list-disc ml-3"><li><p><strong>Bảo hành key 1 đổi 1</strong> trong vòng <strong>48 giờ</strong> kể từ khi kích hoạt nếu gặp lỗi kỹ thuật từ phía nhà cung cấp.</p></li><li><p>Không hỗ trợ hoàn tiền nếu key đã được sử dụng và kích hoạt thành công.</p></li><li><p>Mọi phản hồi xin liên hệ qua hệ thống <strong>ticket hỗ trợ</strong> trên website.</p></li></ul>', '<ol class="list-decimal ml-3"><li><p>Sau khi mua, bạn sẽ nhận được <strong>key bản quyền chính hãng</strong> kèm hướng dẫn kích hoạt chi tiết qua email.</p></li><li><p><strong>Cách kích hoạt (PC):</strong></p><ul class="list-disc ml-3"><li><p>Truy cập nền tảng Steam / Epic Games (tùy phiên bản key bạn mua).</p></li><li><p>Đăng nhập hoặc tạo tài khoản.</p></li><li><p>Chọn mục "Activate a Product on Steam" / "Redeem Code" trên Epic.</p></li><li><p>Nhập mã key và hoàn tất kích hoạt.</p></li></ul></li><li><p>Đảm bảo hệ thống của bạn <strong>đáp ứng yêu cầu tối thiểu</strong> để trải nghiệm game mượt mà.</p></li><li><p>Nếu cần hỗ trợ trong quá trình cài đặt và chơi, hãy liên hệ đội ngũ kỹ thuật của chúng tôi <strong>24/7</strong>.</p></li></ol>');
INSERT INTO public.product_description (id, created_at, deleted_at, description, info, platform, policy, tutorial) VALUES (131, '2025-06-17 13:51:51.50066', NULL, '<p><strong><em>Grounded 2</em></strong> là phần tiếp theo được mong đợi của tựa game sinh tồn hành động đình đám <em>Grounded</em>, do <strong>Obsidian Entertainment</strong> phối hợp cùng <strong>Eidos-Montréal</strong> phát triển và <strong>Xbox Game Studios</strong> phát hành. Trò chơi đưa người chơi vào một thế giới thu nhỏ, nơi mọi vật dụng quen thuộc trở thành những chướng ngại vật khổng lồ, và nhiệm vụ là sống sót, khám phá và xây dựng trong môi trường đầy thử thách.</p><p><strong>Tính năng nổi bật:</strong></p><ul class="list-disc ml-3"><li><p><strong>Thế giới mở rộng lớn:</strong> Khám phá công viên Brookhollow, gấp ba lần kích thước khu vườn trong phần đầu.</p></li><li><p><strong>Hệ thống phương tiện mới:</strong> Sử dụng "Buggies" – những con côn trùng có thể cưỡi, hỗ trợ di chuyển và chiến đấu.</p></li><li><p><strong>Cải tiến chiến đấu:</strong> Hệ thống chiến đấu được nâng cấp với cơ chế né tránh mới và các công cụ chiến đấu đa dạng.</p></li><li><p><strong>Chế độ chơi đa dạng:</strong> Hỗ trợ chơi đơn và co-op tối đa 4 người chơi, với cốt truyện sâu sắc và nhiệm vụ phong phú.</p></li><li><p><strong>Đồ họa Unreal Engine 5:</strong> Hình ảnh sắc nét, hiệu ứng ánh sáng và môi trường sống động.</p></li></ul>', '<ul class="list-disc ml-3"><li><p><strong>Phát hành:</strong> 29/07/2025 (Game Preview trên Xbox Series X|S và PC, Steam Early Access)</p></li><li><p><strong>Hỗ trợ Xbox Game Pass:</strong> Có mặt ngay ngày đầu phát hành cho người dùng Xbox Game Pass Ultimate và PC Game Pass.</p></li><li><p><strong>Phát triển:</strong> Được phát triển bởi Obsidian Entertainment và Eidos-Montréal, với sự hỗ trợ từ cộng đồng người chơi trong quá trình Early Access.</p></li></ul>', '<p><strong>Nền tảng hỗ trợ:</strong></p><ul class="list-disc ml-3"><li><p><strong>PC:</strong> Windows 10/11 (64-bit)</p></li><li><p><strong>Console:</strong> Xbox Series X|S</p></li></ul><p><strong>Cấu hình tối thiểu (PC):</strong></p><ul class="list-disc ml-3"><li><p><strong>Hệ điều hành:</strong> Windows 10/11 (64-bit)</p></li><li><p><strong>CPU:</strong> Intel Core i5-8400 / AMD Ryzen 5 2600</p></li><li><p><strong>RAM:</strong> 8GB</p></li><li><p><strong>GPU:</strong> NVIDIA GTX 1060 / AMD RX 580</p></li><li><p><strong>Dung lượng ổ cứng:</strong> 50GB trống</p></li><li><p><strong>DirectX:</strong> Version 12</p></li></ul><p><strong>Cấu hình khuyến nghị (PC):</strong></p><ul class="list-disc ml-3"><li><p><strong>Hệ điều hành:</strong> Windows 10/11 (64-bit)</p></li><li><p><strong>CPU:</strong> Intel Core i7-9700K / AMD Ryzen 7 3700X</p></li><li><p><strong>RAM:</strong> 16GB</p></li><li><p><strong>GPU:</strong> NVIDIA RTX 3060 / AMD RX 6700 XT</p></li><li><p><strong>Dung lượng ổ cứng:</strong> SSD với ít nhất 50GB trống</p></li></ul>', '<ul class="list-disc ml-3"><li><p><strong>Bảo hành key 1 đổi 1</strong> trong vòng <strong>48 giờ</strong> kể từ khi kích hoạt nếu gặp lỗi kỹ thuật từ phía nhà cung cấp.</p></li><li><p>Không hỗ trợ hoàn tiền nếu key đã được sử dụng và kích hoạt thành công.</p></li><li><p>Mọi phản hồi xin liên hệ qua hệ thống <strong>ticket hỗ trợ</strong> trên website.</p></li></ul>', '<ol class="list-decimal ml-3"><li><p>Sau khi mua, bạn sẽ nhận được <strong>key bản quyền chính hãng</strong> kèm hướng dẫn kích hoạt chi tiết qua email.</p></li><li><p><strong>Cách kích hoạt (PC):</strong></p><ul class="list-disc ml-3"><li><p>Truy cập nền tảng Steam hoặc Xbox App trên PC.</p></li><li><p>Đăng nhập tài khoản của bạn.</p></li><li><p>Chọn mục "Activate a Product on Steam" hoặc "Redeem Code" trên Xbox App.</p></li><li><p>Nhập mã key và hoàn tất kích hoạt.</p></li></ul></li><li><p>Đảm bảo hệ thống của bạn <strong>đáp ứng yêu cầu tối thiểu</strong> để trải nghiệm game mượt mà.</p></li><li><p>Nếu cần hỗ trợ trong quá trình cài đặt và chơi, hãy liên hệ đội ngũ kỹ thuật của chúng tôi <strong>24/7</strong>.</p></li></ol>');
INSERT INTO public.product_description (id, created_at, deleted_at, description, info, platform, policy, tutorial) VALUES (132, '2025-06-17 13:53:35.685571', NULL, '<p><strong><em>Demonschool</em></strong> là một tựa game nhập vai chiến thuật mới lạ, kết hợp giữa yếu tố kinh dị và cuộc sống học đường, được phát triển bởi <strong>Necrosoft Games</strong> và phát hành bởi <strong>Ysbryd Games</strong>. Trò chơi đưa người chơi vào vai <strong>Faye</strong>, một sinh viên tại trường đại học trên một hòn đảo bí ẩn, nơi ranh giới giữa thế giới người và quái vật mờ nhạt. Bạn sẽ cùng nhóm bạn đồng hành đối mặt với những sinh vật kỳ dị, đồng thời quản lý lịch học và xây dựng mối quan hệ trong môi trường học đường đầy thử thách.</p><p><strong>Tính năng nổi bật:</strong></p><ul class="list-disc ml-3"><li><p><strong>Chiến thuật theo lượt:</strong> Lập kế hoạch hành động trong giai đoạn chuẩn bị và thực hiện đồng loạt trong giai đoạn hành động. Bạn có thể quay lại các bước trước đó để tối ưu chiến thuật.</p></li><li><p><strong>Cốt truyện kinh dị nhẹ:</strong> Khám phá câu chuyện qua các nhân vật với tạo hình lớn và những nhiệm vụ phụ phong phú.</p></li><li><p><strong>Quản lý thời gian:</strong> Lên lịch học để nâng cao kỹ năng và phát triển nhân vật.</p></li><li><p><strong>Xây dựng mối quan hệ:</strong> Tương tác với 15 nhân vật để tạo dựng tình bạn và ảnh hưởng đến diễn biến cốt truyện.</p></li></ul>', '<ul class="list-disc ml-3"><li><p><strong>Ngày phát hành:</strong> Quý 3 năm 2025</p></li><li><p><strong>Nền tảng hỗ trợ:</strong> Windows, macOS, Linux, PlayStation 4, PlayStation 5, Xbox One, Xbox Series X|S, Nintendo Switch</p></li><li><p><strong>Ngôn ngữ hỗ trợ:</strong> Tiếng Anh, Nhật, Trung giản thể, Pháp, Tây Ban Nha (Mỹ Latinh)</p></li><li><p><strong>Độ tuổi:</strong> Dành cho người chơi từ 17 tuổi trở lên</p></li></ul>', '<p><strong>Yêu cầu tối thiểu (PC):</strong></p><ul class="list-disc ml-3"><li><p><strong>Hệ điều hành:</strong> Windows 10 (64-bit)</p></li><li><p><strong>Bộ xử lý:</strong> Dual Core 2.4 GHz</p></li><li><p><strong>RAM:</strong> 4 GB</p></li><li><p><strong>Đồ họa:</strong> 1GB VRAM / Hỗ trợ DirectX 11+</p></li><li><p><strong>DirectX:</strong> Phiên bản 11</p></li><li><p><strong>Dung lượng ổ cứng:</strong> 2 GB trống</p></li></ul><p><strong>Yêu cầu đề xuất (PC):</strong></p><ul class="list-disc ml-3"><li><p><strong>Hệ điều hành:</strong> Windows 11 (64-bit)</p></li><li><p><strong>Bộ xử lý:</strong> Dual Core 3.0 GHz+</p></li><li><p><strong>RAM:</strong> 8 GB</p></li><li><p><strong>Đồ họa:</strong> 2GB VRAM / Hỗ trợ DirectX 11+</p></li><li><p><strong>DirectX:</strong> Phiên bản 11</p></li><li><p><strong>Dung lượng ổ cứng:</strong> 2 GB trống</p></li></ul>', '<ul class="list-disc ml-3"><li><p><strong>Bảo hành key 1 đổi 1</strong> trong vòng <strong>48 giờ</strong> kể từ khi kích hoạt nếu gặp lỗi kỹ thuật từ phía nhà cung cấp.</p></li><li><p>Không hỗ trợ hoàn tiền nếu key đã được sử dụng và kích hoạt thành công.</p></li><li><p>Mọi phản hồi xin liên hệ qua hệ thống <strong>ticket hỗ trợ</strong> trên website.</p></li></ul>', '<ol class="list-decimal ml-3"><li><p>Sau khi mua, bạn sẽ nhận được <strong>key bản quyền chính hãng</strong> kèm hướng dẫn kích hoạt chi tiết qua email.</p></li><li><p><strong>Cách kích hoạt (PC):</strong></p><ul class="list-disc ml-3"><li><p>Truy cập nền tảng Steam hoặc Epic Games Store.</p></li><li><p>Đăng nhập tài khoản của bạn.</p></li><li><p>Chọn mục "Activate a Product on Steam" hoặc "Redeem Code" trên Epic Games Store.</p></li><li><p>Nhập mã key và hoàn tất kích hoạt.</p></li></ul></li><li><p>Đảm bảo hệ thống của bạn <strong>đáp ứng yêu cầu tối thiểu</strong> để trải nghiệm game mượt mà.</p></li><li><p>Nếu cần hỗ trợ trong quá trình cài đặt và chơi, hãy liên hệ đội ngũ kỹ thuật của chúng tôi <strong>24/7</strong>.</p></li></ol>');
INSERT INTO public.product_description (id, created_at, deleted_at, description, info, platform, policy, tutorial) VALUES (133, '2025-06-17 13:55:16.917691', NULL, '<p><strong><em>Mario Kart World</em></strong> là tựa game đua xe kart mới nhất trong series Mario Kart, được phát triển và phát hành bởi <strong>Nintendo</strong> dành riêng cho <strong>Nintendo Switch 2</strong>. Phát hành vào ngày <strong>5 tháng 6 năm 2025</strong>, game mang đến một trải nghiệm đua xe hoàn toàn mới với thế giới liên kết mở rộng lớn, nơi người chơi có thể tự do di chuyển giữa các đường đua khác nhau.</p><p><strong>Tính năng nổi bật:</strong></p><ul class="list-disc ml-3"><li><p><strong>Thế giới liên kết mở rộng lớn:</strong> Khám phá các khu vực như đồng cỏ xanh mướt, thành phố nhộn nhịp, đại dương bao la và núi lửa hùng vĩ, tất cả đều được kết nối liền mạch, mang đến trải nghiệm đua xe không gián đoạn.</p></li><li><p><strong>Hỗ trợ lên đến 24 người chơi:</strong> Tăng cường tính cạnh tranh và vui nhộn với số lượng người chơi đông đảo hơn so với các phiên bản trước.</p></li><li><p><strong>Chế độ Knockout Tour:</strong> Trải nghiệm đua xe theo phong cách battle royale, nơi người chơi phải chiến đấu để duy trì vị trí và loại bỏ đối thủ.</p></li><li><p><strong>Trang phục nhân vật mở khóa:</strong> Thu thập các trang phục mới cho nhân vật yêu thích của bạn thông qua các nhiệm vụ và thử thách trong game.</p></li><li><p><strong>Hiệu ứng thời tiết động:</strong> Trải nghiệm đua xe trong các điều kiện thời tiết thay đổi, ảnh hưởng đến chiến thuật và lối chơi.</p></li></ul>', '<ul class="list-disc ml-3"><li><p><strong>Ngày phát hành:</strong> 5 tháng 6 năm 2025</p></li><li><p><strong>Nền tảng hỗ trợ:</strong> Nintendo Switch 2</p></li><li><p><strong>Ngôn ngữ hỗ trợ:</strong> Tiếng Anh, Nhật, Trung giản thể, Pháp, Tây Ban Nha (Mỹ Latinh)</p></li><li><p><strong>Độ tuổi:</strong> Dành cho người chơi từ 7 tuổi trở lên</p></li></ul>', '<p><strong>Yêu cầu tối thiểu:</strong></p><ul class="list-disc ml-3"><li><p><strong>Hệ điều hành:</strong> Nintendo Switch 2</p></li><li><p><strong>Bộ xử lý:</strong> Được tối ưu hóa cho Nintendo Switch 2</p></li><li><p><strong>RAM:</strong> Tích hợp trong Nintendo Switch 2</p></li><li><p><strong>Đồ họa:</strong> Tích hợp trong Nintendo Switch 2</p></li><li><p><strong>Dung lượng ổ cứng:</strong> 6.5 GB trống</p></li></ul>', '<ul class="list-disc ml-3"><li><p><strong>Bảo hành key 1 đổi 1</strong> trong vòng <strong>48 giờ</strong> kể từ khi kích hoạt nếu gặp lỗi kỹ thuật từ phía nhà cung cấp.</p></li><li><p>Không hỗ trợ hoàn tiền nếu key đã được sử dụng và kích hoạt thành công.</p></li><li><p>Mọi phản hồi xin liên hệ qua hệ thống <strong>ticket hỗ trợ</strong> trên website.</p></li></ul>', '<ol class="list-decimal ml-3"><li><p>Sau khi mua, bạn sẽ nhận được <strong>key bản quyền chính hãng</strong> kèm hướng dẫn kích hoạt chi tiết qua email.</p></li><li><p><strong>Cách kích hoạt:</strong></p><ul class="list-disc ml-3"><li><p>Truy cập Nintendo eShop trên Nintendo Switch 2.</p></li><li><p>Đăng nhập tài khoản của bạn.</p></li><li><p>Chọn mục "Redeem Code".</p></li><li><p>Nhập mã key và hoàn tất kích hoạt.</p></li></ul></li><li><p>Đảm bảo hệ thống của bạn <strong>đáp ứng yêu cầu tối thiểu</strong> để trải nghiệm game mượt mà.</p></li><li><p>Nếu cần hỗ trợ trong quá trình cài đặt và chơi, hãy liên hệ đội ngũ kỹ thuật của chúng tôi <strong>24/7</strong>.</p></li></ol>');
INSERT INTO public.product_description (id, created_at, deleted_at, description, info, platform, policy, tutorial) VALUES (134, '2025-06-17 13:57:57.860342', NULL, '<p><strong><em>High on Life 2</em></strong> là phần tiếp theo được mong đợi của tựa game hành động bắn súng góc nhìn thứ nhất kết hợp yếu tố hài hước, được phát triển bởi <strong>Squanch Games</strong>. Trò chơi tiếp tục hành trình của người chơi trong vũ trụ đầy màu sắc và kỳ quái, với một cốt truyện mới, vũ khí nói chuyện độc đáo và môi trường đa dạng.</p><p><strong>Tính năng nổi bật:</strong></p><ul class="list-disc ml-3"><li><p><strong>Cốt truyện mới:</strong> Khám phá một âm mưu vũ trụ mới đe dọa sự tồn vong của nhân loại.</p></li><li><p><strong>Vũ khí nói chuyện:</strong> Tiếp tục sử dụng các vũ khí đặc biệt với tính cách riêng biệt, bao gồm cả những khẩu súng mới như shotgun và cung tên.</p></li><li><p><strong>Môi trường đa dạng:</strong> Di chuyển qua các địa điểm kỳ lạ và phong phú, từ thành phố tương lai đến các khu vực hoang dã.</p></li><li><p><strong>Gameplay cải tiến:</strong> Trải nghiệm cơ chế chơi mới mẻ, bao gồm cả việc sử dụng ván trượt để di chuyển nhanh chóng trong môi trường.</p></li></ul>', '<ul class="list-disc ml-3"><li><p><strong>Ngày phát hành:</strong> Mùa đông năm 2025</p></li><li><p><strong>Nền tảng hỗ trợ:</strong> Windows PC, Xbox Series X|S, Xbox Cloud Gaming, Xbox Play Anywhere</p></li><li><p><strong>Hỗ trợ Game Pass:</strong> Có mặt ngay ngày đầu phát hành cho người dùng Xbox Game Pass Ultimate và PC Game Pass</p></li><li><p><strong>Độ tuổi:</strong> Dành cho người chơi từ 17 tuổi trở lên</p></li></ul>', '<p><strong>Yêu cầu tối thiểu (PC):</strong></p><ul class="list-disc ml-3"><li><p><strong>Hệ điều hành:</strong> Windows 10 (64-bit)</p></li><li><p><strong>Bộ xử lý:</strong> Quad-core 2.5 GHz</p></li><li><p><strong>RAM:</strong> 8 GB</p></li><li><p><strong>Đồ họa:</strong> NVIDIA GTX 1060 / AMD RX 580</p></li><li><p><strong>Dung lượng ổ cứng:</strong> 50 GB trống</p></li></ul><p><strong>Yêu cầu đề xuất (PC):</strong></p><ul class="list-disc ml-3"><li><p><strong>Hệ điều hành:</strong> Windows 10/11 (64-bit)</p></li><li><p><strong>Bộ xử lý:</strong> Quad-core 3.0 GHz+</p></li><li><p><strong>RAM:</strong> 16 GB</p></li><li><p><strong>Đồ họa:</strong> NVIDIA RTX 3060 / AMD RX 6700 XT</p></li><li><p><strong>Dung lượng ổ cứng:</strong> 50 GB trống</p></li></ul>', '<ul class="list-disc ml-3"><li><p><strong>Bảo hành key 1 đổi 1</strong> trong vòng <strong>48 giờ</strong> kể từ khi kích hoạt nếu gặp lỗi kỹ thuật từ phía nhà cung cấp.</p></li><li><p>Không hỗ trợ hoàn tiền nếu key đã được sử dụng và kích hoạt thành công.</p></li><li><p>Mọi phản hồi xin liên hệ qua hệ thống <strong>ticket hỗ trợ</strong> trên website.</p></li></ul>', '<ol class="list-decimal ml-3"><li><p>Sau khi mua, bạn sẽ nhận được <strong>key bản quyền chính hãng</strong> kèm hướng dẫn kích hoạt chi tiết qua email.</p></li><li><p><strong>Cách kích hoạt (PC):</strong></p><ul class="list-disc ml-3"><li><p>Truy cập nền tảng <strong>Steam</strong> hoặc <strong>Xbox App</strong> trên PC.</p></li><li><p>Đăng nhập tài khoản của bạn.</p></li><li><p>Chọn mục "Activate a Product on Steam" hoặc "Redeem Code" trên Xbox App.</p></li><li><p>Nhập mã key và hoàn tất kích hoạt.</p></li></ul></li><li><p>Đảm bảo hệ thống của bạn <strong>đáp ứng yêu cầu tối thiểu</strong> để trải nghiệm game mượt mà.</p></li><li><p>Nếu cần hỗ trợ trong quá trình cài đặt và chơi, hãy liên hệ đội ngũ kỹ thuật của chúng tôi <strong>24/7</strong>.</p></li></ol>');
INSERT INTO public.product_description (id, created_at, deleted_at, description, info, platform, policy, tutorial) VALUES (135, '2025-06-17 14:02:00.152198', NULL, '<p><strong><em>Steam Random Code</em></strong> là một lựa chọn thú vị dành cho những ai yêu thích sự bất ngờ và muốn khám phá những tựa game mới lạ trên nền tảng Steam. Khi mua sản phẩm này, bạn sẽ nhận được một mã kích hoạt ngẫu nhiên, có thể là bất kỳ game nào từ kho game phong phú trên Steam, từ những tựa game indie độc đáo đến các game AAA nổi tiếng.</p><p><strong>Tính năng nổi bật:</strong></p><ul class="list-disc ml-3"><li><p><strong>Trải nghiệm bất ngờ:</strong> Mỗi mã kích hoạt là một bất ngờ, giúp bạn khám phá những tựa game mới mà có thể bạn chưa từng nghe đến.</p></li><li><p><strong>Giá trị vượt trội:</strong> Với mức giá hợp lý, bạn có thể nhận được game có giá trị cao hơn nhiều so với số tiền bỏ ra.</p></li><li><p><strong>Đơn giản và nhanh chóng:</strong> Nhận mã ngay sau khi thanh toán và kích hoạt trực tiếp trên tài khoản Steam của bạn.</p></li></ul>', '<ul class="list-disc ml-3"><li><p><strong>Nền tảng hỗ trợ:</strong> Steam (PC)</p></li><li><p><strong>Ngôn ngữ hỗ trợ:</strong> Tiếng Anh, Tiếng Việt (tùy thuộc vào game nhận được)</p></li><li><p><strong>Độ tuổi:</strong> Phù hợp với người chơi từ 13 tuổi trở lên (tùy thuộc vào game nhận được)</p></li></ul>', '', '<ul class="list-disc ml-3"><li><p><strong>Bảo hành key 1 đổi 1</strong> trong vòng <strong>48 giờ</strong> kể từ khi kích hoạt nếu gặp lỗi kỹ thuật từ phía nhà cung cấp.</p></li><li><p>Không hỗ trợ hoàn tiền nếu key đã được sử dụng và kích hoạt thành công.</p></li><li><p>Mọi phản hồi xin liên hệ qua hệ thống <strong>ticket hỗ trợ</strong> trên website.</p></li></ul>', '<ol class="list-decimal ml-3"><li><p>Sau khi mua, bạn sẽ nhận được <strong>key bản quyền chính hãng</strong> kèm hướng dẫn kích hoạt chi tiết qua email.</p></li><li><p><strong>Cách kích hoạt:</strong></p><ul class="list-disc ml-3"><li><p>Truy cập nền tảng <strong>Steam</strong> trên PC.</p></li><li><p>Đăng nhập tài khoản của bạn.</p></li><li><p>Chọn mục "Games" ở góc trên bên trái và chọn "Activate a Product on Steam...".</p></li><li><p>Nhập mã key và hoàn tất kích hoạt.</p></li></ul></li><li><p>Đảm bảo hệ thống của bạn <strong>đáp ứng yêu cầu tối thiểu</strong> để trải nghiệm game mượt mà.</p></li><li><p>Nếu cần hỗ trợ trong quá trình cài đặt và chơi, hãy liên hệ đội ngũ kỹ thuật của chúng tôi <strong>24/7</strong>.</p></li></ol>');
INSERT INTO public.product_description (id, created_at, deleted_at, description, info, platform, policy, tutorial) VALUES (137, '2025-06-17 14:14:44.702103', NULL, '<p><strong><br>Quy trình nhận hàng</strong></p><ol class="list-decimal ml-3"><li><p>Đây là&nbsp;Steam Wallet Code&nbsp;dùng để nạp tiền vào tài khoản Steam, từ đó bạn có thể sử dụng để mua game, nội dung tải về (DLC), vật phẩm trong game, phần mềm, và các dịch vụ khác trên nền tảng Steam</p></li><li><p>Sau khi mua hàng thành công bạn sẽ nhận được ngay code Steam Wallet.</p></li><li><p>Thời gian xử lý: Bạn sẽ nhận được code&nbsp;ngay sau khi mua hàng thành công.</p></li><li><p>Hình thức nhận hàng: Code&nbsp;kích hoạt trong đơn hàng</p></li><li><p><a target="_blank" rel="noopener noreferrer nofollow" class="text-blue-500 underline cursor-pointer hover:text-blue-700" href="https://help.divineshop.vn/huong-dan-cai-dat-va-su-dung-san-pham/huong-dan-nhap-steam-wallet"><strong>Hướng dẫn nhập code Steam&nbsp;Wallet</strong></a></p></li></ol><p><strong>Steam Wallet Code 50 PHP&nbsp;</strong>– Nạp tiền nhanh chóng&nbsp;vào tài khoản Steam của bạn! Sau khi mua, bạn sẽ nhận&nbsp;mã code tức thì để nạp vào tài khoản Steam, giúp bạn thỏa sức mua sắm game, DLC, vật phẩm và nhiều nội dung hấp dẫn khác trên Steam. Không cần chờ đợi lâu, nâng cấp trải nghiệm chơi game của bạn ngay hôm nay!</p>', '<p><strong>1. Steam Wallet Code là gì?</strong></p><p>Steam Wallet Code là mã thẻ dùng để nạp tiền vào Steam. Sau khi mua hàng, Code sẽ được tự động gửi vào Email của bạn. Bạn sử dụng Code đó để nạp tiền vào Steam. Sau khi nạp xong bạn có thể dùng tiền đó để mua game, mua vật phẩm và sử dụng các tiện ích khác của Steam.&nbsp;</p><p><strong>2. Mua Steam Wallet để làm gì?</strong></p><p>Bạn sẽ có vô vàn những lợi ích cực kỳ thú vị khi mua Steam Wallet. Chẳng hạn như:</p><p>- Mở khóa Add friend.</p><p>- Mở khóa Steam Market.</p><p>- Mua những tựa game bom tấn như: Elden Ring, God of&nbsp;War,&nbsp;GTA V …</p><p>-&nbsp;Mua những item như skin Dota 2, rương súng, key trong CS:GO …</p><p>- Mở khóa Level up Steam Account.</p><p>-&nbsp;Nhận được Steam Trading Card …</p><p><strong>3. Chính sách bảo hành khi Steam Wallet Code lỗi thế nào?</strong></p><p>Divine Shop cam kết bảo hành với tất cả các Code Steam Wallet&nbsp;bán ra. Bạn gặp bất cứ vấn đề gì thì bạn có thể liên hệ với CSKH bên Divine Shop để được hỗ trợ cụ thể.</p><p><strong>5.&nbsp;Code Wallet tôi đã sử dụng, có thể refund để hoàn tiền không?</strong></p><p>Code Wallet đã sử dụng sẽ&nbsp;không thể refund.</p><p><strong>6.&nbsp;Tôi nạp code này vào steam của mình rồi tặng game cho bạn bè được không?</strong></p><p>Hiện chính sách gift game của steam đã đổi cơ chế, bạn chỉ có thể gift game cho bạn bè bằng thẻ thanh toán chứ không gift bằng steam wallet code được.</p><p><strong>8.&nbsp;Tôi có thể sử dụng số dư từ Wallet để thanh toán các tựa game dưới dạng Pre-Order (Đặt trước) trên Steam không?</strong></p><p>Hoàn toàn có thể.</p><p><strong>9.&nbsp;Hiện tại Steam bị Việt Nam chặn thì có thể sử dụng code để nạp vào ví Steam để mua game và chơi được không?&nbsp;</strong></p><p>Dạ bạn vẫn có thể nạp tiền vào ví Steam để thanh toán các sản phẩm bình thường và không có vấn đề gì ạ. Các game trên Steam sau khi bạn đã mua sẽ được thêm vào Thư viện của bạn.</p><p><strong>10. Code steam&nbsp;wallet có kí hiệu HKD, TWD,... có khác gì nhau?</strong></p><p>Kí hiệu HKD, TWD là kí hiệu tiền tệ của Hồng Kông và&nbsp;Đài Loan. Các Steam&nbsp;wallet code&nbsp;Divine Shop cung cấp sẽ&nbsp;đảm bảo nạp&nbsp;được cho&nbsp;tài khoản Steam Việt Nam, sau khi nạp code xong Steam sẽ tự quy&nbsp;đổi số dư sang mệnh giá VNĐ tương&nbsp;ứng trên&nbsp;tài khoản Steam của bạn theo tỷ giá của ngày hôm&nbsp;đó.</p>', '', '<p><strong>Thời gian bảo hành</strong></p><ul class="list-disc ml-3"><li><p>12 tháng</p></li></ul><p><strong>Cách thức bảo hành</strong></p><ul class="list-disc ml-3"><li><p>Đổi mới code khác hoặc hoàn tiền&nbsp;nếu lỗi trong quá trình sử dụng.</p></li></ul><p><strong>Lưu ý</strong></p><ul class="list-disc ml-3"><li><p>Không bảo hành trong trường hợp code bị redeem sau thời điểm hệ thống gửi code. Khách hàng vui lòng nhập code ngay sau khi mua hàng, tránh trường hợp bị lộ code.</p></li><li><p>Khi gửi hỗ trợ, khách hàng vui lòng chỉ&nbsp;gửi 5 kí tự cuối kèm mã đơn hàng (nếu gửi&nbsp;ảnh chụp màn hình cũng cần che code, chỉ show 5 kí&nbsp;tự cuối). Tránh lộ code qua kênh chat.</p></li></ul>', '<ul class="list-disc ml-3"><li><p>Khi nhập code vào tài khoản Steam, tiền sẽ được <strong>quy đổi thành VNĐ</strong> theo tỉ giá ngày hôm đó. Số tiền VNĐ hiển thị trên sản phẩm sẽ ước lượng gần đúng tỉ giá khi nhập.</p></li><li><p>Các code có mệnh giá &gt; 120.000 VNĐ sẽ có thêm chức năng unlock tài khoản Steam để có thể kết bạn, tham gia vào Steam Market.</p></li><li><p>Giới hạn nhập code là <strong>10 lần/1 giờ</strong>, sau khi nhập đủ 10 lần bạn cần đợi 1 tiếng sau để nhập tiếp.</p></li><li><p>Code sẽ chỉ nhập được với tài khoản Steam có Region ở Việt Nam. (Vào <a target="_blank" rel="noopener noreferrer nofollow" class="text-blue-500 underline cursor-pointer hover:text-blue-700" href="https://store.steampowered.com/account/">ĐÂY </a>để kiểm tra)</p></li></ul>');
INSERT INTO public.product_description (id, created_at, deleted_at, description, info, platform, policy, tutorial) VALUES (139, '2025-06-17 14:17:24.943282', NULL, '<p><strong><br>Quy trình nhận hàng</strong></p><ol class="list-decimal ml-3"><li><p>Đây là&nbsp;Steam Wallet Code&nbsp;dùng để nạp tiền vào tài khoản Steam, từ đó bạn có thể sử dụng để mua game, nội dung tải về (DLC), vật phẩm trong game, phần mềm, và các dịch vụ khác trên nền tảng Steam</p></li><li><p>Sau khi mua hàng thành công bạn sẽ nhận được ngay code Steam Wallet.</p></li><li><p>Thời gian xử lý: Bạn sẽ nhận được code&nbsp;ngay sau khi mua hàng thành công.</p></li><li><p>Hình thức nhận hàng: Code&nbsp;kích hoạt trong đơn hàng</p></li><li><p><a target="_blank" rel="noopener noreferrer nofollow" class="text-blue-500 underline cursor-pointer hover:text-blue-700" href="https://help.divineshop.vn/huong-dan-cai-dat-va-su-dung-san-pham/huong-dan-nhap-steam-wallet"><strong>Hướng dẫn nhập code Steam&nbsp;Wallet</strong></a></p></li></ol><p><strong>Steam Wallet Code 300 TWD </strong>– Nạp tiền nhanh chóng&nbsp;vào tài khoản Steam của bạn! Sau khi mua, bạn sẽ nhận&nbsp;mã code tức thì để nạp vào tài khoản Steam, giúp bạn thỏa sức mua sắm game, DLC, vật phẩm và nhiều nội dung hấp dẫn khác trên Steam. Không cần chờ đợi lâu, nâng cấp trải nghiệm chơi game của bạn ngay hôm nay!</p>', '<p><strong>1. Steam Wallet Code là gì?</strong></p><p>Steam Wallet Code là mã thẻ dùng để nạp tiền vào Steam. Sau khi mua hàng, Code sẽ được tự động gửi vào Email của bạn. Bạn sử dụng Code đó để nạp tiền vào Steam. Sau khi nạp xong bạn có thể dùng tiền đó để mua game, mua vật phẩm và sử dụng các tiện ích khác của Steam.&nbsp;</p><p><strong>2. Mua Steam Wallet để làm gì?</strong></p><p>Bạn sẽ có vô vàn những lợi ích cực kỳ thú vị khi mua Steam Wallet. Chẳng hạn như:</p><p>- Mở khóa Add friend.</p><p>- Mở khóa Steam Market.</p><p>- Mua những tựa game bom tấn như: Elden Ring, God of&nbsp;War,&nbsp;GTA V …</p><p>-&nbsp;Mua những item như skin Dota 2, rương súng, key trong CS:GO …</p><p>- Mở khóa Level up Steam Account.</p><p>-&nbsp;Nhận được Steam Trading Card …</p><p><strong>3. Chính sách bảo hành khi Steam Wallet Code lỗi thế nào?</strong></p><p>Divine Shop cam kết bảo hành với tất cả các Code Steam Wallet&nbsp;bán ra. Bạn gặp bất cứ vấn đề gì thì bạn có thể liên hệ với CSKH bên Divine Shop để được hỗ trợ cụ thể.</p><p><strong>5.&nbsp;Code Wallet tôi đã sử dụng, có thể refund để hoàn tiền không?</strong></p><p>Code Wallet đã sử dụng sẽ&nbsp;không thể refund.</p><p><strong>6.&nbsp;Tôi nạp code này vào steam của mình rồi tặng game cho bạn bè được không?</strong></p><p>Hiện chính sách gift game của steam đã đổi cơ chế, bạn chỉ có thể gift game cho bạn bè bằng thẻ thanh toán chứ không gift bằng steam wallet code được.</p><p><strong>8.&nbsp;Tôi có thể sử dụng số dư từ Wallet để thanh toán các tựa game dưới dạng Pre-Order (Đặt trước) trên Steam không?</strong></p><p>Hoàn toàn có thể.</p><p><strong>9.&nbsp;Hiện tại Steam bị Việt Nam chặn thì có thể sử dụng code để nạp vào ví Steam để mua game và chơi được không?&nbsp;</strong></p><p>Dạ bạn vẫn có thể nạp tiền vào ví Steam để thanh toán các sản phẩm bình thường và không có vấn đề gì ạ. Các game trên Steam sau khi bạn đã mua sẽ được thêm vào Thư viện của bạn.</p><p><strong>10. Code steam&nbsp;wallet có kí hiệu HKD, TWD,... có khác gì nhau?</strong></p><p>Kí hiệu HKD, TWD là kí hiệu tiền tệ của Hồng Kông và&nbsp;Đài Loan. Các Steam&nbsp;wallet code&nbsp;Divine Shop cung cấp sẽ&nbsp;đảm bảo nạp&nbsp;được cho&nbsp;tài khoản Steam Việt Nam, sau khi nạp code xong Steam sẽ tự quy&nbsp;đổi số dư sang mệnh giá VNĐ tương&nbsp;ứng trên&nbsp;tài khoản Steam của bạn theo tỷ giá của ngày hôm&nbsp;đó.</p>', '', '<p><strong>Thời gian bảo hành</strong></p><ul class="list-disc ml-3"><li><p>12 tháng</p></li></ul><p><strong>Cách thức bảo hành</strong></p><ul class="list-disc ml-3"><li><p>Đổi mới code khác hoặc hoàn tiền&nbsp;nếu lỗi trong quá trình sử dụng.</p></li></ul><p><strong>Lưu ý</strong></p><ul class="list-disc ml-3"><li><p>Không bảo hành trong trường hợp code bị redeem sau thời điểm hệ thống gửi code. Khách hàng vui lòng nhập code ngay sau khi mua hàng, tránh trường hợp bị lộ code.</p></li><li><p>Khi gửi hỗ trợ, khách hàng vui lòng chỉ&nbsp;gửi 5 kí tự cuối kèm mã đơn hàng (nếu gửi&nbsp;ảnh chụp màn hình cũng cần che code, chỉ show 5 kí&nbsp;tự cuối). Tránh lộ code qua kênh chat.</p></li></ul>', '<ul class="list-disc ml-3"><li><p>Khi nhập code vào tài khoản Steam, tiền sẽ được <strong>quy đổi thành VNĐ</strong> theo tỉ giá ngày hôm đó. Số tiền VNĐ hiển thị trên sản phẩm sẽ ước lượng gần đúng tỉ giá khi nhập.</p></li><li><p>Các code có mệnh giá &gt; 120.000 VNĐ sẽ có thêm chức năng unlock tài khoản Steam để có thể kết bạn, tham gia vào Steam Market.</p></li><li><p>Giới hạn nhập code là <strong>10 lần/1 giờ</strong>, sau khi nhập đủ 10 lần bạn cần đợi 1 tiếng sau để nhập tiếp.</p></li><li><p>Code sẽ chỉ nhập được với tài khoản Steam có Region ở Việt Nam. (Vào <a target="_blank" rel="noopener noreferrer nofollow" class="text-blue-500 underline cursor-pointer hover:text-blue-700" href="https://store.steampowered.com/account/">ĐÂY </a>để kiểm tra)</p></li></ul>');
INSERT INTO public.product_description (id, created_at, deleted_at, description, info, platform, policy, tutorial) VALUES (140, '2025-06-17 14:18:37.54295', NULL, '<p><strong><br>Quy trình nhận hàng</strong></p><ol class="list-decimal ml-3"><li><p>Đây là&nbsp;Steam Wallet Code&nbsp;dùng để nạp tiền vào tài khoản Steam, từ đó bạn có thể sử dụng để mua game, nội dung tải về (DLC), vật phẩm trong game, phần mềm, và các dịch vụ khác trên nền tảng Steam</p></li><li><p>Sau khi mua hàng thành công bạn sẽ nhận được ngay code Steam Wallet.</p></li><li><p>Thời gian xử lý: Bạn sẽ nhận được code&nbsp;ngay sau khi mua hàng thành công.</p></li><li><p>Hình thức nhận hàng: Code&nbsp;kích hoạt trong đơn hàng</p></li><li><p><a target="_blank" rel="noopener noreferrer nofollow" class="text-blue-500 underline cursor-pointer hover:text-blue-700" href="https://help.divineshop.vn/huong-dan-cai-dat-va-su-dung-san-pham/huong-dan-nhap-steam-wallet"><strong>Hướng dẫn nhập code Steam&nbsp;Wallet</strong></a></p></li></ol><p><strong>Steam Wallet Code 240 HKD </strong>– Nạp tiền nhanh chóng&nbsp;vào tài khoản Steam của bạn! Sau khi mua, bạn sẽ nhận&nbsp;mã code tức thì để nạp vào tài khoản Steam, giúp bạn thỏa sức mua sắm game, DLC, vật phẩm và nhiều nội dung hấp dẫn khác trên Steam. Không cần chờ đợi lâu, nâng cấp trải nghiệm chơi game của bạn ngay hôm nay!</p>', '<p><strong>1. Steam Wallet Code là gì?</strong></p><p>Steam Wallet Code là mã thẻ dùng để nạp tiền vào Steam. Sau khi mua hàng, Code sẽ được tự động gửi vào Email của bạn. Bạn sử dụng Code đó để nạp tiền vào Steam. Sau khi nạp xong bạn có thể dùng tiền đó để mua game, mua vật phẩm và sử dụng các tiện ích khác của Steam.&nbsp;</p><p><strong>2. Mua Steam Wallet để làm gì?</strong></p><p>Bạn sẽ có vô vàn những lợi ích cực kỳ thú vị khi mua Steam Wallet. Chẳng hạn như:</p><p>- Mở khóa Add friend.</p><p>- Mở khóa Steam Market.</p><p>- Mua những tựa game bom tấn như: Elden Ring, God of&nbsp;War,&nbsp;GTA V …</p><p>-&nbsp;Mua những item như skin Dota 2, rương súng, key trong CS:GO …</p><p>- Mở khóa Level up Steam Account.</p><p>-&nbsp;Nhận được Steam Trading Card …</p><p><strong>3. Chính sách bảo hành khi Steam Wallet Code lỗi thế nào?</strong></p><p>Divine Shop cam kết bảo hành với tất cả các Code Steam Wallet&nbsp;bán ra. Bạn gặp bất cứ vấn đề gì thì bạn có thể liên hệ với CSKH bên Divine Shop để được hỗ trợ cụ thể.</p><p><strong>5.&nbsp;Code Wallet tôi đã sử dụng, có thể refund để hoàn tiền không?</strong></p><p>Code Wallet đã sử dụng sẽ&nbsp;không thể refund.</p><p><strong>6.&nbsp;Tôi nạp code này vào steam của mình rồi tặng game cho bạn bè được không?</strong></p><p>Hiện chính sách gift game của steam đã đổi cơ chế, bạn chỉ có thể gift game cho bạn bè bằng thẻ thanh toán chứ không gift bằng steam wallet code được.</p><p><strong>8.&nbsp;Tôi có thể sử dụng số dư từ Wallet để thanh toán các tựa game dưới dạng Pre-Order (Đặt trước) trên Steam không?</strong></p><p>Hoàn toàn có thể.</p><p><strong>9.&nbsp;Hiện tại Steam bị Việt Nam chặn thì có thể sử dụng code để nạp vào ví Steam để mua game và chơi được không?&nbsp;</strong></p><p>Dạ bạn vẫn có thể nạp tiền vào ví Steam để thanh toán các sản phẩm bình thường và không có vấn đề gì ạ. Các game trên Steam sau khi bạn đã mua sẽ được thêm vào Thư viện của bạn.</p><p><strong>10. Code steam&nbsp;wallet có kí hiệu HKD, TWD,... có khác gì nhau?</strong></p><p>Kí hiệu HKD, TWD là kí hiệu tiền tệ của Hồng Kông và&nbsp;Đài Loan. Các Steam&nbsp;wallet code&nbsp;Divine Shop cung cấp sẽ&nbsp;đảm bảo nạp&nbsp;được cho&nbsp;tài khoản Steam Việt Nam, sau khi nạp code xong Steam sẽ tự quy&nbsp;đổi số dư sang mệnh giá VNĐ tương&nbsp;ứng trên&nbsp;tài khoản Steam của bạn theo tỷ giá của ngày hôm&nbsp;đó.</p>', '', '<p><strong>Thời gian bảo hành</strong></p><ul class="list-disc ml-3"><li><p>12 tháng</p></li></ul><p><strong>Cách thức bảo hành</strong></p><ul class="list-disc ml-3"><li><p>Đổi mới code khác hoặc hoàn tiền&nbsp;nếu lỗi trong quá trình sử dụng.</p></li></ul><p><strong>Lưu ý</strong></p><ul class="list-disc ml-3"><li><p>Không bảo hành trong trường hợp code bị redeem sau thời điểm hệ thống gửi code. Khách hàng vui lòng nhập code ngay sau khi mua hàng, tránh trường hợp bị lộ code.</p></li><li><p>Khi gửi hỗ trợ, khách hàng vui lòng chỉ&nbsp;gửi 5 kí tự cuối kèm mã đơn hàng (nếu gửi&nbsp;ảnh chụp màn hình cũng cần che code, chỉ show 5 kí&nbsp;tự cuối). Tránh lộ code qua kênh chat.</p></li></ul>', '<ul class="list-disc ml-3"><li><p>Khi nhập code vào tài khoản Steam, tiền sẽ được <strong>quy đổi thành VNĐ</strong> theo tỉ giá ngày hôm đó. Số tiền VNĐ hiển thị trên sản phẩm sẽ ước lượng gần đúng tỉ giá khi nhập.</p></li><li><p>Các code có mệnh giá &gt; 120.000 VNĐ sẽ có thêm chức năng unlock tài khoản Steam để có thể kết bạn, tham gia vào Steam Market.</p></li><li><p>Giới hạn nhập code là <strong>10 lần/1 giờ</strong>, sau khi nhập đủ 10 lần bạn cần đợi 1 tiếng sau để nhập tiếp.</p></li><li><p>Code sẽ chỉ nhập được với tài khoản Steam có Region ở Việt Nam. (Vào <a target="_blank" rel="noopener noreferrer nofollow" class="text-blue-500 underline cursor-pointer hover:text-blue-700" href="https://store.steampowered.com/account/">ĐÂY </a>để kiểm tra)</p></li></ul>');
INSERT INTO public.product_description (id, created_at, deleted_at, description, info, platform, policy, tutorial) VALUES (138, '2025-06-17 14:15:59.845322', NULL, '<p><strong><br>Quy trình nhận hàng</strong></p><ol class="list-decimal ml-3"><li><p>Đây là&nbsp;Steam Wallet Code&nbsp;dùng để nạp tiền vào tài khoản Steam, từ đó bạn có thể sử dụng để mua game, nội dung tải về (DLC), vật phẩm trong game, phần mềm, và các dịch vụ khác trên nền tảng Steam</p></li><li><p>Sau khi mua hàng thành công bạn sẽ nhận được ngay code Steam Wallet.</p></li><li><p>Thời gian xử lý: Bạn sẽ nhận được code&nbsp;ngay sau khi mua hàng thành công.</p></li><li><p>Hình thức nhận hàng: Code&nbsp;kích hoạt trong đơn hàng</p></li><li><p><a target="_blank" rel="noopener noreferrer nofollow" class="text-blue-500 underline cursor-pointer hover:text-blue-700" href="https://help.divineshop.vn/huong-dan-cai-dat-va-su-dung-san-pham/huong-dan-nhap-steam-wallet"><strong>Hướng dẫn nhập code Steam&nbsp;Wallet</strong></a></p></li></ol><p><strong>Steam Wallet Code 100 HKD </strong>– Nạp tiền nhanh chóng&nbsp;vào tài khoản Steam của bạn! Sau khi mua, bạn sẽ nhận&nbsp;mã code tức thì để nạp vào tài khoản Steam, giúp bạn thỏa sức mua sắm game, DLC, vật phẩm và nhiều nội dung hấp dẫn khác trên Steam. Không cần chờ đợi lâu, nâng cấp trải nghiệm chơi game của bạn ngay hôm nay!</p>', '<p><strong>1. Steam Wallet Code là gì?</strong></p><p>Steam Wallet Code là mã thẻ dùng để nạp tiền vào Steam. Sau khi mua hàng, Code sẽ được tự động gửi vào Email của bạn. Bạn sử dụng Code đó để nạp tiền vào Steam. Sau khi nạp xong bạn có thể dùng tiền đó để mua game, mua vật phẩm và sử dụng các tiện ích khác của Steam.&nbsp;</p><p><strong>2. Mua Steam Wallet để làm gì?</strong></p><p>Bạn sẽ có vô vàn những lợi ích cực kỳ thú vị khi mua Steam Wallet. Chẳng hạn như:</p><p>- Mở khóa Add friend.</p><p>- Mở khóa Steam Market.</p><p>- Mua những tựa game bom tấn như: Elden Ring, God of&nbsp;War,&nbsp;GTA V …</p><p>-&nbsp;Mua những item như skin Dota 2, rương súng, key trong CS:GO …</p><p>- Mở khóa Level up Steam Account.</p><p>-&nbsp;Nhận được Steam Trading Card …</p><p><strong>3. Chính sách bảo hành khi Steam Wallet Code lỗi thế nào?</strong></p><p>Divine Shop cam kết bảo hành với tất cả các Code Steam Wallet&nbsp;bán ra. Bạn gặp bất cứ vấn đề gì thì bạn có thể liên hệ với CSKH bên Divine Shop để được hỗ trợ cụ thể.</p><p><strong>5.&nbsp;Code Wallet tôi đã sử dụng, có thể refund để hoàn tiền không?</strong></p><p>Code Wallet đã sử dụng sẽ&nbsp;không thể refund.</p><p><strong>6.&nbsp;Tôi nạp code này vào steam của mình rồi tặng game cho bạn bè được không?</strong></p><p>Hiện chính sách gift game của steam đã đổi cơ chế, bạn chỉ có thể gift game cho bạn bè bằng thẻ thanh toán chứ không gift bằng steam wallet code được.</p><p><strong>8.&nbsp;Tôi có thể sử dụng số dư từ Wallet để thanh toán các tựa game dưới dạng Pre-Order (Đặt trước) trên Steam không?</strong></p><p>Hoàn toàn có thể.</p><p><strong>9.&nbsp;Hiện tại Steam bị Việt Nam chặn thì có thể sử dụng code để nạp vào ví Steam để mua game và chơi được không?&nbsp;</strong></p><p>Dạ bạn vẫn có thể nạp tiền vào ví Steam để thanh toán các sản phẩm bình thường và không có vấn đề gì ạ. Các game trên Steam sau khi bạn đã mua sẽ được thêm vào Thư viện của bạn.</p><p><strong>10. Code steam&nbsp;wallet có kí hiệu HKD, TWD,... có khác gì nhau?</strong></p><p>Kí hiệu HKD, TWD là kí hiệu tiền tệ của Hồng Kông và&nbsp;Đài Loan. Các Steam&nbsp;wallet code&nbsp;Divine Shop cung cấp sẽ&nbsp;đảm bảo nạp&nbsp;được cho&nbsp;tài khoản Steam Việt Nam, sau khi nạp code xong Steam sẽ tự quy&nbsp;đổi số dư sang mệnh giá VNĐ tương&nbsp;ứng trên&nbsp;tài khoản Steam của bạn theo tỷ giá của ngày hôm&nbsp;đó.</p>', '', '<p><strong>Thời gian bảo hành</strong></p><ul class="list-disc ml-3"><li><p>12 tháng</p></li></ul><p><strong>Cách thức bảo hành</strong></p><ul class="list-disc ml-3"><li><p>Đổi mới code khác hoặc hoàn tiền&nbsp;nếu lỗi trong quá trình sử dụng.</p></li></ul><p><strong>Lưu ý</strong></p><ul class="list-disc ml-3"><li><p>Không bảo hành trong trường hợp code bị redeem sau thời điểm hệ thống gửi code. Khách hàng vui lòng nhập code ngay sau khi mua hàng, tránh trường hợp bị lộ code.</p></li><li><p>Khi gửi hỗ trợ, khách hàng vui lòng chỉ&nbsp;gửi 5 kí tự cuối kèm mã đơn hàng (nếu gửi&nbsp;ảnh chụp màn hình cũng cần che code, chỉ show 5 kí&nbsp;tự cuối). Tránh lộ code qua kênh chat.</p></li></ul>', '<ul class="list-disc ml-3"><li><p>Khi nhập code vào tài khoản Steam, tiền sẽ được <strong>quy đổi thành VNĐ</strong> theo tỉ giá ngày hôm đó. Số tiền VNĐ hiển thị trên sản phẩm sẽ ước lượng gần đúng tỉ giá khi nhập.</p></li><li><p>Các code có mệnh giá &gt; 120.000 VNĐ sẽ có thêm chức năng unlock tài khoản Steam để có thể kết bạn, tham gia vào Steam Market.</p></li><li><p>Giới hạn nhập code là <strong>10 lần/1 giờ</strong>, sau khi nhập đủ 10 lần bạn cần đợi 1 tiếng sau để nhập tiếp.</p></li><li><p>Code sẽ chỉ nhập được với tài khoản Steam có Region ở Việt Nam. (Vào <a target="_blank" rel="noopener noreferrer nofollow" class="text-blue-500 underline cursor-pointer hover:text-blue-700" href="https://store.steampowered.com/account/">ĐÂY </a>để kiểm tra)</p></li></ul>');


--
-- Data for Name: product_groups; Type: TABLE DATA; Schema: public; Owner: phong
--

INSERT INTO public.product_groups (id, created_at, deleted_at, name) VALUES (1, '2025-04-23 21:05:23.825715', NULL, 'other');
INSERT INTO public.product_groups (id, created_at, deleted_at, name) VALUES (2, '2025-05-14 02:10:49.978783', NULL, 'AI');
INSERT INTO public.product_groups (id, created_at, deleted_at, name) VALUES (3, '2025-05-14 02:10:52.333377', NULL, 'Windows');
INSERT INTO public.product_groups (id, created_at, deleted_at, name) VALUES (4, '2025-05-14 02:10:54.684567', NULL, 'office');
INSERT INTO public.product_groups (id, created_at, deleted_at, name) VALUES (5, '2025-05-14 02:10:56.173013', NULL, 'gift card');
INSERT INTO public.product_groups (id, created_at, deleted_at, name) VALUES (6, '2025-06-17 04:54:26.324073', NULL, 'Linux');
INSERT INTO public.product_groups (id, created_at, deleted_at, name) VALUES (7, '2025-06-17 07:13:38.820329', NULL, 'VMWare');
INSERT INTO public.product_groups (id, created_at, deleted_at, name) VALUES (8, '2025-06-17 08:01:57.66761', NULL, 'PDF');
INSERT INTO public.product_groups (id, created_at, deleted_at, name) VALUES (9, '2025-06-17 08:11:01.221723', NULL, 'Writing');
INSERT INTO public.product_groups (id, created_at, deleted_at, name) VALUES (10, '2025-06-17 08:17:25.430327', NULL, 'ProjectManagement');
INSERT INTO public.product_groups (id, created_at, deleted_at, name) VALUES (11, '2025-06-17 08:29:11.591791', NULL, 'Photoshop');
INSERT INTO public.product_groups (id, created_at, deleted_at, name) VALUES (12, '2025-06-17 09:44:14.375613', NULL, 'Video Editing');
INSERT INTO public.product_groups (id, created_at, deleted_at, name) VALUES (13, '2025-06-17 09:57:59.97058', NULL, 'Audio Editing');
INSERT INTO public.product_groups (id, created_at, deleted_at, name) VALUES (14, '2025-06-17 10:16:42.385809', NULL, 'IDE');
INSERT INTO public.product_groups (id, created_at, deleted_at, name) VALUES (15, '2025-06-17 10:23:33.497553', NULL, 'JetBrains');
INSERT INTO public.product_groups (id, created_at, deleted_at, name) VALUES (16, '2025-06-17 10:35:26.312146', NULL, 'Antivirus');
INSERT INTO public.product_groups (id, created_at, deleted_at, name) VALUES (17, '2025-06-17 10:43:32.297676', NULL, 'System Optimization');
INSERT INTO public.product_groups (id, created_at, deleted_at, name) VALUES (18, '2025-06-17 13:22:28.778372', NULL, 'Game chiến thuật');
INSERT INTO public.product_groups (id, created_at, deleted_at, name) VALUES (19, '2025-06-17 13:30:04.0586', NULL, 'Game phiêu lưu');
INSERT INTO public.product_groups (id, created_at, deleted_at, name) VALUES (20, '2025-06-17 13:32:19.417163', NULL, 'Game hành động');
INSERT INTO public.product_groups (id, created_at, deleted_at, name) VALUES (21, '2025-06-17 13:40:33.919106', NULL, 'Game nhập vai');
INSERT INTO public.product_groups (id, created_at, deleted_at, name) VALUES (22, '2025-06-17 13:51:00.668008', NULL, 'Game sinh tồn');
INSERT INTO public.product_groups (id, created_at, deleted_at, name) VALUES (23, '2025-06-17 13:52:48.312982', NULL, 'Game kinh dị');
INSERT INTO public.product_groups (id, created_at, deleted_at, name) VALUES (24, '2025-06-17 13:54:31.606654', NULL, 'Game đua xe');
INSERT INTO public.product_groups (id, created_at, deleted_at, name) VALUES (25, '2025-06-17 13:56:58.904613', NULL, 'Game offline');
INSERT INTO public.product_groups (id, created_at, deleted_at, name) VALUES (26, '2025-06-17 14:09:00.950868', NULL, 'Steam Wallet');


--
-- Data for Name: products; Type: TABLE DATA; Schema: public; Owner: phong
--

INSERT INTO public.products (id, created_at, deleted_at, group_id, image_url_id, name, original_price, price, prod_desc_id, quantity, represent, slug) VALUES (141, '2025-06-17 14:18:37.54295', NULL, 26, 'ecommerce/product/87228a93-e158-4162-bdbf-781fc167a806.png', 'Steam Wallet Code 240 HKD (~796.560 VNĐ)', 822000.00, 822000.00, 140, 3, true, 'steam-wallet-code-240-hkd');
INSERT INTO public.products (id, created_at, deleted_at, group_id, image_url_id, name, original_price, price, prod_desc_id, quantity, represent, slug) VALUES (17, '2025-05-12 21:36:49.037095', '2025-05-13 10:13:16.594586', 1, NULL, '21520507', 0.00, 0.00, 16, 0, true, 'as');
INSERT INTO public.products (id, created_at, deleted_at, group_id, image_url_id, name, original_price, price, prod_desc_id, quantity, represent, slug) VALUES (47, '2025-06-17 07:52:43.453427', NULL, 4, 'ecommerce/product/38e8a67d-a62c-479a-8aae-b732485ebc3e.png', 'Ashampoo Office 9', 490000.00, 490000.00, 46, 7, true, 'ashampoo-office-9');
INSERT INTO public.products (id, created_at, deleted_at, group_id, image_url_id, name, original_price, price, prod_desc_id, quantity, represent, slug) VALUES (18, '2025-05-12 21:51:07.058552', '2025-05-13 10:13:16.594586', 1, NULL, '21520507', 0.00, 0.00, 17, 0, true, '21520507');
INSERT INTO public.products (id, created_at, deleted_at, group_id, image_url_id, name, original_price, price, prod_desc_id, quantity, represent, slug) VALUES (16, '2025-05-12 21:32:20.404573', '2025-05-27 19:45:02.352884', 1, NULL, 'product phong', 12.99, 9.99, 15, 0, true, 'product-phong');
INSERT INTO public.products (id, created_at, deleted_at, group_id, image_url_id, name, original_price, price, prod_desc_id, quantity, represent, slug) VALUES (19, '2025-05-12 23:37:51.33737', '2025-06-17 04:35:45.327413', 1, NULL, 'Spotify Premium', 12.99, 9.99, 18, 0, true, 'spotify-premium');
INSERT INTO public.products (id, created_at, deleted_at, group_id, image_url_id, name, original_price, price, prod_desc_id, quantity, represent, slug) VALUES (22, '2025-05-24 12:23:53.166715', '2025-06-17 04:35:45.327413', 1, NULL, 'product with long desc', 12.99, 9.99, 21, 0, true, 'product-with-long-desc');
INSERT INTO public.products (id, created_at, deleted_at, group_id, image_url_id, name, original_price, price, prod_desc_id, quantity, represent, slug) VALUES (23, '2025-05-24 12:27:02.83541', '2025-06-17 04:35:45.327413', 1, NULL, 'A very long product', 150000.00, 100000.00, 22, 0, true, 'a-very-long-product');
INSERT INTO public.products (id, created_at, deleted_at, group_id, image_url_id, name, original_price, price, prod_desc_id, quantity, represent, slug) VALUES (20, '2025-05-13 00:13:31.037736', '2025-06-17 04:35:45.327413', 1, 'https://res.cloudinary.com/dm45tt6nt/image/upload/v1747070010/ecommerce/product/8ea092fb-c495-4f43-b7cb-26c5ef20b8a9.png', 'prod with image', 99800.00, 100000.00, 19, 0, true, 'a');
INSERT INTO public.products (id, created_at, deleted_at, group_id, image_url_id, name, original_price, price, prod_desc_id, quantity, represent, slug) VALUES (14, '2025-05-11 17:06:00.69428', '2025-06-17 04:35:45.327413', 1, NULL, 'Youtube', 12.99, 9.99, 13, 0, true, 'youtube');
INSERT INTO public.products (id, created_at, deleted_at, group_id, image_url_id, name, original_price, price, prod_desc_id, quantity, represent, slug) VALUES (10, '2025-04-24 11:48:34.205537', '2025-06-17 04:35:45.327413', 1, NULL, 'youtube abc', 12.99, 9.99, 1, 0, true, NULL);
INSERT INTO public.products (id, created_at, deleted_at, group_id, image_url_id, name, original_price, price, prod_desc_id, quantity, represent, slug) VALUES (29, '2025-05-28 13:35:46.384189', '2025-06-17 04:35:45.327413', 1, NULL, '<p>sample</p>', 200123.00, 123456.00, 28, 0, true, '<p>sample</p>');
INSERT INTO public.products (id, created_at, deleted_at, group_id, image_url_id, name, original_price, price, prod_desc_id, quantity, represent, slug) VALUES (30, '2025-05-28 13:43:38.39865', '2025-06-17 04:35:45.327413', 2, NULL, 'sample', 200129.00, 123456.00, 29, 0, true, 'sample');
INSERT INTO public.products (id, created_at, deleted_at, group_id, image_url_id, name, original_price, price, prod_desc_id, quantity, represent, slug) VALUES (32, '2025-06-17 04:45:42.544903', NULL, 3, 'ecommerce/product/8fd4bf6d-b77d-4a5c-9363-4a8d639f10a5.png', 'Windows Server 2022', 4990000.00, 4990000.00, 31, 0, true, 'windows-server-2022');
INSERT INTO public.products (id, created_at, deleted_at, group_id, image_url_id, name, original_price, price, prod_desc_id, quantity, represent, slug) VALUES (33, '2025-06-17 04:50:39.038297', NULL, 3, 'ecommerce/product/cfd70971-fcdc-4b4f-8940-30f1ed27a7f1.jpg', 'Windows 11 Enterprise', 3290000.00, 3290000.00, 32, 0, true, 'windows-11-enterprise');
INSERT INTO public.products (id, created_at, deleted_at, group_id, image_url_id, name, original_price, price, prod_desc_id, quantity, represent, slug) VALUES (34, '2025-06-17 04:54:28.0591', '2025-06-17 04:59:14.706963', 3, 'ecommerce/product/b257d469-0378-42fd-9e6d-7a05b551da14.jpg', 'Ubuntu Pro', 3290000.00, 3290000.00, 33, 0, true, 'ubuntu-pro');
INSERT INTO public.products (id, created_at, deleted_at, group_id, image_url_id, name, original_price, price, prod_desc_id, quantity, represent, slug) VALUES (37, '2025-06-17 07:13:40.289961', '2025-06-17 07:15:19.465371', 6, 'ecommerce/product/9a9ca4cd-aa29-4259-b30a-032771772423.png', 'VMware ESXi 8.0', 1490000.00, 1490000.00, 36, 0, true, 'vmware-esxi-80');
INSERT INTO public.products (id, created_at, deleted_at, group_id, image_url_id, name, original_price, price, prod_desc_id, quantity, represent, slug) VALUES (49, '2025-06-17 08:01:59.645703', '2025-06-17 08:26:05.370997', 4, 'ecommerce/product/76412ce4-08aa-4ee1-95d6-605e491964b3.jpg', 'PDF-XChange Editor Plus', 299000.00, 299000.00, 48, 0, true, 'pdf-xchange-editor-plus');
INSERT INTO public.products (id, created_at, deleted_at, group_id, image_url_id, name, original_price, price, prod_desc_id, quantity, represent, slug) VALUES (54, '2025-06-17 08:11:02.667634', '2025-06-17 08:26:05.370997', 8, 'ecommerce/product/cf27761e-272f-47a7-b9fc-d82ee550d80a.jpg', 'Grammarly Business (license doanh nghiệp)', 899000.00, 899000.00, 53, 0, true, 'grammarly-business-license-doanh-nghiep');
INSERT INTO public.products (id, created_at, deleted_at, group_id, image_url_id, name, original_price, price, prod_desc_id, quantity, represent, slug) VALUES (8, '2025-04-17 16:49:31.057025', NULL, NULL, NULL, 'the jakarta product', 1000.00, 50.00, 3, 0, false, 'the-jakarta-product');
INSERT INTO public.products (id, created_at, deleted_at, group_id, image_url_id, name, original_price, price, prod_desc_id, quantity, represent, slug) VALUES (31, '2025-06-17 04:40:38.560491', NULL, 3, 'ecommerce/product/e08d4f69-7683-4991-a460-f0380da7110f.jpg', 'Windows 11 Pro', 2190000.00, 2190000.00, 30, 5, true, 'windows-11-pro');
INSERT INTO public.products (id, created_at, deleted_at, group_id, image_url_id, name, original_price, price, prod_desc_id, quantity, represent, slug) VALUES (35, '2025-06-17 04:58:40.656048', NULL, 6, 'ecommerce/product/8fe14e66-ae0a-42ae-9c7b-5fcccc694042.jpg', 'Ubuntu Pro', 3290000.00, 3290000.00, 34, 7, true, 'ubuntu-pro');
INSERT INTO public.products (id, created_at, deleted_at, group_id, image_url_id, name, original_price, price, prod_desc_id, quantity, represent, slug) VALUES (9, '2025-04-23 21:09:11.903325', NULL, 1, NULL, 'thanh phong', 1991.00, 99.00, 2, 0, false, '');
INSERT INTO public.products (id, created_at, deleted_at, group_id, image_url_id, name, original_price, price, prod_desc_id, quantity, represent, slug) VALUES (36, '2025-06-17 07:10:23.462901', NULL, 6, 'ecommerce/product/d1ae438b-f133-4181-9c0b-e1e4ee9128e0.png', 'Red Hat Enterprise Linux 9', 2490000.00, 2490000.00, 35, 7, true, 'red-hat-enterprise-linux-9');
INSERT INTO public.products (id, created_at, deleted_at, group_id, image_url_id, name, original_price, price, prod_desc_id, quantity, represent, slug) VALUES (38, '2025-06-17 07:14:55.764139', NULL, 7, 'ecommerce/product/cf15227d-9404-4227-9424-eb09248ce9e1.jpg', 'VMware ESXi 8.0', 1490000.00, 1490000.00, 37, 7, true, 'vmware-esxi-80');
INSERT INTO public.products (id, created_at, deleted_at, group_id, image_url_id, name, original_price, price, prod_desc_id, quantity, represent, slug) VALUES (56, '2025-06-17 08:17:26.911809', '2025-06-17 08:26:05.370997', 9, 'ecommerce/product/d1b64eea-14a9-471f-a6d6-47af19f9a08b.png', 'ClickUp Unlimited (Enterprise license key)', 1200000.00, 1200000.00, 55, 0, true, 'clickup-unlimited-enterprise-license');
INSERT INTO public.products (id, created_at, deleted_at, group_id, image_url_id, name, original_price, price, prod_desc_id, quantity, represent, slug) VALUES (59, '2025-06-17 08:29:14.592631', '2025-06-17 08:31:37.083043', 2, 'ecommerce/product/4d3d86ae-d356-4e59-9cbb-47df3d9174e1.png', 'Adobe Photoshop 2024 – Bản Quyền Vĩnh Viễn', 149000.00, 149000.00, 58, 0, true, 'adobe-photoshop-2024-vinh-vien');
INSERT INTO public.products (id, created_at, deleted_at, group_id, image_url_id, name, original_price, price, prod_desc_id, quantity, represent, slug) VALUES (61, '2025-06-17 09:07:05.1493', '2025-06-17 09:08:41.575357', NULL, 'ecommerce/product/71a68f54-fcba-4c07-af62-e4d06fb29550.png', 'Adobe Photoshop 2024 – 1 năm', 289000.00, 289000.00, 60, 0, true, 'adobe-photoshop-2024-1-year');
INSERT INTO public.products (id, created_at, deleted_at, group_id, image_url_id, name, original_price, price, prod_desc_id, quantity, represent, slug) VALUES (128, '2025-06-17 13:43:47.479971', NULL, 18, 'ecommerce/product/5b926f31-12c5-429c-a62d-5bb67140e343.jpg', 'Civilization VII', 599000.00, 599000.00, 127, 7, true, 'civilization-vii');
INSERT INTO public.products (id, created_at, deleted_at, group_id, image_url_id, name, original_price, price, prod_desc_id, quantity, represent, slug) VALUES (129, '2025-06-17 13:46:27.195395', NULL, 21, 'ecommerce/product/c0c674fe-1345-40e9-91ff-4c5cde269822.jpg', 'Avowed', 799000.00, 799000.00, 128, 7, true, 'avowed');
INSERT INTO public.products (id, created_at, deleted_at, group_id, image_url_id, name, original_price, price, prod_desc_id, quantity, represent, slug) VALUES (130, '2025-06-17 13:48:09.293806', NULL, 21, 'ecommerce/product/ad7b461a-6d5e-4316-ad10-6a3c5e89ca48.jpg', 'The Outer Worlds 2', 699000.00, 699000.00, 129, 7, true, 'the-outer-worlds-2-global-key');
INSERT INTO public.products (id, created_at, deleted_at, group_id, image_url_id, name, original_price, price, prod_desc_id, quantity, represent, slug) VALUES (131, '2025-06-17 13:49:47.367851', NULL, 21, 'ecommerce/product/203fb7cb-9a6e-4c2e-9b5d-dcba8daa7b36.jpg', 'Ninja Gaiden 4', 699000.00, 699000.00, 130, 7, true, 'ninja-gaiden-4');
INSERT INTO public.products (id, created_at, deleted_at, group_id, image_url_id, name, original_price, price, prod_desc_id, quantity, represent, slug) VALUES (132, '2025-06-17 13:51:51.50066', NULL, 22, 'ecommerce/product/97edd84b-99bf-46d5-912a-e247f5079ec5.jpg', 'Grounded 2', 1090000.00, 1090000.00, 131, 7, true, 'ninja-gaiden-4');
INSERT INTO public.products (id, created_at, deleted_at, group_id, image_url_id, name, original_price, price, prod_desc_id, quantity, represent, slug) VALUES (133, '2025-06-17 13:53:35.685571', NULL, 23, 'ecommerce/product/e7bd941b-7d3a-4be7-93cc-64136bc23e64.jpg', 'Demonschool', 1090000.00, 1090000.00, 132, 7, true, 'demonschool');
INSERT INTO public.products (id, created_at, deleted_at, group_id, image_url_id, name, original_price, price, prod_desc_id, quantity, represent, slug) VALUES (134, '2025-06-17 13:55:16.917691', NULL, 24, 'ecommerce/product/6ba722df-67e1-4cba-bacc-6875b34cf3c3.jpg', 'Mario Kart World', 1890000.00, 1890000.00, 133, 7, true, 'mario-kart-world');
INSERT INTO public.products (id, created_at, deleted_at, group_id, image_url_id, name, original_price, price, prod_desc_id, quantity, represent, slug) VALUES (135, '2025-06-17 13:57:57.860342', NULL, 25, 'ecommerce/product/a011d3da-ca56-4f56-b08a-45bb03ba8e40.jpg', 'High on Life 2', 1290000.00, 1290000.00, 134, 7, true, 'high-on-life-2');
INSERT INTO public.products (id, created_at, deleted_at, group_id, image_url_id, name, original_price, price, prod_desc_id, quantity, represent, slug) VALUES (136, '2025-06-17 14:02:00.152198', NULL, 5, 'ecommerce/product/169146d9-2f67-42d4-8799-b8e2eb172d5d.png', 'Random Code Steam', 10000.00, 8000.00, 135, 7, true, 'radom-code-steam');
INSERT INTO public.products (id, created_at, deleted_at, group_id, image_url_id, name, original_price, price, prod_desc_id, quantity, represent, slug) VALUES (137, '2025-06-17 14:12:23.674458', NULL, 26, 'ecommerce/product/b4619e58-ad35-4336-a649-c8520081d5d0.png', 'Steam Wallet Code 150 TWD (~132.450 VNĐ)', 132000.00, 132000.00, 136, 7, true, 'steam-wallet-code-150-twd');
INSERT INTO public.products (id, created_at, deleted_at, group_id, image_url_id, name, original_price, price, prod_desc_id, quantity, represent, slug) VALUES (138, '2025-06-17 14:14:44.702103', NULL, 26, 'ecommerce/product/bf50deea-4757-442d-80aa-ab9906349477.jpg', 'Steam Wallet Code 50 PHP (~21.593 VNĐ)', 28000.00, 28000.00, 137, 7, true, 'steam-wallet-code-50-php');
INSERT INTO public.products (id, created_at, deleted_at, group_id, image_url_id, name, original_price, price, prod_desc_id, quantity, represent, slug) VALUES (39, '2025-06-17 07:18:20.283033', NULL, 6, 'ecommerce/product/3807e653-f888-48d6-b44b-26389c969a97.png', 'Oracle Linux Premier Support', 5200000.00, 5199900.00, 38, 7, true, 'oracle-linux-premier-support');
INSERT INTO public.products (id, created_at, deleted_at, group_id, image_url_id, name, original_price, price, prod_desc_id, quantity, represent, slug) VALUES (40, '2025-06-17 07:29:34.748782', NULL, 6, 'ecommerce/product/8bdff0c8-144b-4a02-a666-1a38b12540e0.jpg', 'Zorin OS Pro', 499000.00, 499000.00, 39, 7, true, 'zorin-os-pro');
INSERT INTO public.products (id, created_at, deleted_at, group_id, image_url_id, name, original_price, price, prod_desc_id, quantity, represent, slug) VALUES (41, '2025-06-17 07:31:48.581077', NULL, 6, 'ecommerce/product/e5616358-dd2e-4b43-a42f-c4a1d9b9a983.png', 'NixOS Enterprise Edition', 1190000.00, 1190000.00, 40, 7, true, 'nixos-enterprise-edition');
INSERT INTO public.products (id, created_at, deleted_at, group_id, image_url_id, name, original_price, price, prod_desc_id, quantity, represent, slug) VALUES (42, '2025-06-17 07:33:55.423686', NULL, 6, 'ecommerce/product/b2bd6d98-1bdd-49ae-b209-d279e5de743b.jpg', 'Clear Linux – Premium Enterprise Edition', 1290000.00, 1290000.00, 41, 7, true, 'clear-linux-enterprise-premium');
INSERT INTO public.products (id, created_at, deleted_at, group_id, image_url_id, name, original_price, price, prod_desc_id, quantity, represent, slug) VALUES (43, '2025-06-17 07:36:16.640299', NULL, 3, 'ecommerce/product/d1603c24-4ccf-4963-ad62-fe2aab9376a8.jpg', 'Windows 11 IoT Enterprise LTSC 2024', 2390000.00, 2390000.00, 42, 7, true, 'windows-11-iot-enterprise-ltsc-2024');
INSERT INTO public.products (id, created_at, deleted_at, group_id, image_url_id, name, original_price, price, prod_desc_id, quantity, represent, slug) VALUES (44, '2025-06-17 07:39:19.928537', NULL, 4, 'ecommerce/product/80a584b1-dbb7-4cde-ae25-712c1887051b.jpg', 'Microsoft Office 2021 Professional Plus', 1299000.00, 1299000.00, 43, 7, true, 'microsoft-office-2021-professional-plus');
INSERT INTO public.products (id, created_at, deleted_at, group_id, image_url_id, name, original_price, price, prod_desc_id, quantity, represent, slug) VALUES (45, '2025-06-17 07:48:33.429341', NULL, 4, 'ecommerce/product/e7dbde84-08fe-4bb0-a151-a5e51c7faffd.jpg', 'Microsoft 365 Business Standard (kèm key dạng token)', 2290000.00, 2290000.00, 44, 7, true, 'microsoft-365-business-standard-token');
INSERT INTO public.products (id, created_at, deleted_at, group_id, image_url_id, name, original_price, price, prod_desc_id, quantity, represent, slug) VALUES (46, '2025-06-17 07:50:48.23039', NULL, 4, 'ecommerce/product/f4680ef5-7cbc-4218-966d-4f07fbc6b0d4.png', 'WPS Office 2023 Premium', 249000.00, 249000.00, 45, 7, true, 'wps-office-2023-premium');
INSERT INTO public.products (id, created_at, deleted_at, group_id, image_url_id, name, original_price, price, prod_desc_id, quantity, represent, slug) VALUES (48, '2025-06-17 07:59:26.480601', NULL, 4, 'ecommerce/product/041fbe8a-2f10-4c94-ac0d-03afdb2e0d43.jpg', 'SoftMaker Office NX Universal', 499000.00, 490000.00, 47, 7, true, 'softmaker-office-nx-universal');
INSERT INTO public.products (id, created_at, deleted_at, group_id, image_url_id, name, original_price, price, prod_desc_id, quantity, represent, slug) VALUES (50, '2025-06-17 08:02:13.622648', NULL, 8, 'ecommerce/product/7e792067-4dbf-4dba-9c00-cacdd33eccc0.jpg', 'PDF-XChange Editor Plus', 299000.00, 299000.00, 49, 7, true, 'pdf-xchange-editor-plus');
INSERT INTO public.products (id, created_at, deleted_at, group_id, image_url_id, name, original_price, price, prod_desc_id, quantity, represent, slug) VALUES (51, '2025-06-17 08:04:15.38922', NULL, 8, 'ecommerce/product/d2207498-293e-4359-a6fb-ba9627e7f3de.jpg', 'Nitro PDF Pro 14', 399000.00, 399000.00, 50, 7, true, 'nitro-pdf-pro-14');
INSERT INTO public.products (id, created_at, deleted_at, group_id, image_url_id, name, original_price, price, prod_desc_id, quantity, represent, slug) VALUES (52, '2025-06-17 08:05:56.446363', NULL, 8, 'ecommerce/product/ea875ae5-2805-4498-b58e-066d31d9e12e.jpg', 'Abbyy FineReader PDF 16', 499000.00, 498900.00, 51, 7, true, 'abbyy-finereader-pdf-16');
INSERT INTO public.products (id, created_at, deleted_at, group_id, image_url_id, name, original_price, price, prod_desc_id, quantity, represent, slug) VALUES (53, '2025-06-17 08:07:45.248264', NULL, 8, 'ecommerce/product/c97044c2-a628-4fa5-8cc9-6fa660ac203c.jpg', 'Foxit PDF Editor Pro 2024', 899000.00, 899000.00, 52, 7, true, 'foxit-pdf-editor-pro-2024');
INSERT INTO public.products (id, created_at, deleted_at, group_id, image_url_id, name, original_price, price, prod_desc_id, quantity, represent, slug) VALUES (55, '2025-06-17 08:13:16.063979', NULL, 9, 'ecommerce/product/97857836-e173-449e-ae94-f82132227335.jpg', 'Grammarly Business (license doanh nghiệp)', 4990000.00, 4989700.00, 54, 7, true, 'grammarly-business-license-doanh-nghiep');
INSERT INTO public.products (id, created_at, deleted_at, group_id, image_url_id, name, original_price, price, prod_desc_id, quantity, represent, slug) VALUES (57, '2025-06-17 08:17:48.076511', NULL, 10, 'ecommerce/product/085cfaf5-e31b-447a-88c0-e41e015e6f6f.png', 'ClickUp Unlimited (Enterprise license key)', 1200000.00, 1200000.00, 56, 7, true, 'clickup-unlimited-enterprise-license');
INSERT INTO public.products (id, created_at, deleted_at, group_id, image_url_id, name, original_price, price, prod_desc_id, quantity, represent, slug) VALUES (58, '2025-06-17 08:25:31.766133', NULL, 2, 'ecommerce/product/3078f47b-3443-4d71-b161-d1779ed09215.jpg', 'Notion AI – Team License Key', 149000.00, 149000.00, 57, 7, true, 'notion-ai-team-license');
INSERT INTO public.products (id, created_at, deleted_at, group_id, image_url_id, name, original_price, price, prod_desc_id, quantity, represent, slug) VALUES (60, '2025-06-17 08:30:17.364065', NULL, 11, 'ecommerce/product/05406e56-a052-42ba-8173-b3bba5a50db2.png', 'Adobe Photoshop 2024 – Bản Quyền Vĩnh Viễn', 499000.00, 499000.00, 59, 7, true, 'adobe-photoshop-2024-vinh-vien');
INSERT INTO public.products (id, created_at, deleted_at, group_id, image_url_id, name, original_price, price, prod_desc_id, quantity, represent, slug) VALUES (62, '2025-06-17 09:08:57.109741', NULL, 11, 'ecommerce/product/2aabbbf3-5abb-49e3-bb34-cf12411a16aa.png', 'Adobe Photoshop 2024 – 1 năm', 289000.00, 289000.00, 61, 7, true, 'adobe-photoshop-2024-1-year');
INSERT INTO public.products (id, created_at, deleted_at, group_id, image_url_id, name, original_price, price, prod_desc_id, quantity, represent, slug) VALUES (63, '2025-06-17 09:45:25.329034', NULL, 12, 'ecommerce/product/a3898d30-5d74-4e45-901e-8110e7f0bd54.png', 'Adobe After Effects 2024', 790000.00, 790000.00, 62, 7, true, 'adobe-after-effects-2024');
INSERT INTO public.products (id, created_at, deleted_at, group_id, image_url_id, name, original_price, price, prod_desc_id, quantity, represent, slug) VALUES (64, '2025-06-17 09:49:18.247733', NULL, 12, 'ecommerce/product/a53ff14e-dc1a-486d-86e2-224a0ad41487.png', 'DaVinci Resolve Studio 18.6', 1290000.00, 1290000.00, 63, 7, true, 'davinci-resolve-studio-186');
INSERT INTO public.products (id, created_at, deleted_at, group_id, image_url_id, name, original_price, price, prod_desc_id, quantity, represent, slug) VALUES (65, '2025-06-17 09:52:56.223861', NULL, 12, 'ecommerce/product/a8f0bf6e-9668-4113-811e-bc2e86f52c84.png', 'Camtasia 2023 - Bản quyền vĩnh viễn', 2490000.00, 2490000.00, 64, 7, true, 'camtasia-2023-license');
INSERT INTO public.products (id, created_at, deleted_at, group_id, image_url_id, name, original_price, price, prod_desc_id, quantity, represent, slug) VALUES (66, '2025-06-17 09:56:15.83736', NULL, 12, 'ecommerce/product/1b234b21-b428-4b38-9bf8-620176bc0e3e.png', 'Filmora 13 - Bản quyền chính hãng', 1190000.00, 1190000.00, 65, 7, true, 'filmora-13-license');
INSERT INTO public.products (id, created_at, deleted_at, group_id, image_url_id, name, original_price, price, prod_desc_id, quantity, represent, slug) VALUES (67, '2025-06-17 09:58:52.478678', NULL, 13, 'ecommerce/product/f72a21d8-6273-463a-8018-0cbde9e64167.jpg', 'Adobe Audition 2024', 349000.00, 349000.00, 66, 7, true, 'adobe-audition-2024');
INSERT INTO public.products (id, created_at, deleted_at, group_id, image_url_id, name, original_price, price, prod_desc_id, quantity, represent, slug) VALUES (68, '2025-06-17 10:13:46.961352', NULL, 13, 'ecommerce/product/6546603b-bf43-432f-80a0-663d57757e81.jpg', 'FL Studio 21', 1790000.00, 1789800.00, 67, 7, true, 'fl-studio-21');
INSERT INTO public.products (id, created_at, deleted_at, group_id, image_url_id, name, original_price, price, prod_desc_id, quantity, represent, slug) VALUES (69, '2025-06-17 10:15:07.02783', NULL, 13, 'ecommerce/product/83c8d8d1-5594-4025-9e85-cdef15ee09bc.png', 'Ableton Live 12 Suite', 4900000.00, 4899900.00, 68, 7, true, 'ableton-live-12-suite');
INSERT INTO public.products (id, created_at, deleted_at, group_id, image_url_id, name, original_price, price, prod_desc_id, quantity, represent, slug) VALUES (70, '2025-06-17 10:18:26.444811', NULL, 15, 'ecommerce/product/2ac58ba6-b6b8-45cd-94ba-62080f7e3ac0.jpg', 'JetBrains IntelliJ IDEA Ultimate 2024', 999000.00, 999000.00, 69, 7, true, 'jetbrains-intellij-idea-ultimate-2024');
INSERT INTO public.products (id, created_at, deleted_at, group_id, image_url_id, name, original_price, price, prod_desc_id, quantity, represent, slug) VALUES (71, '2025-06-17 10:21:04.490105', NULL, 15, 'ecommerce/product/390953ea-045a-4ff4-a21a-8be0fa1b87ce.jpg', 'JetBrains Rider 2024', 1200000.00, 1200000.00, 70, 7, true, 'jetbrains-rider-2024');
INSERT INTO public.products (id, created_at, deleted_at, group_id, image_url_id, name, original_price, price, prod_desc_id, quantity, represent, slug) VALUES (72, '2025-06-17 10:23:44.771642', NULL, 15, 'ecommerce/product/7649cf0d-0dd7-4587-acc7-1a8d5c9c919e.jpg', 'WebStorm 2024', 1200000.00, 1200000.00, 71, 7, true, 'webstorm-2024');
INSERT INTO public.products (id, created_at, deleted_at, group_id, image_url_id, name, original_price, price, prod_desc_id, quantity, represent, slug) VALUES (73, '2025-06-17 10:26:31.435771', NULL, 15, 'ecommerce/product/ca68d60b-080e-46c8-b684-3110ca8ab238.jpg', 'PhpStorm 2024', 299000.00, 298800.00, 72, 7, true, 'phpstorm-2024');
INSERT INTO public.products (id, created_at, deleted_at, group_id, image_url_id, name, original_price, price, prod_desc_id, quantity, represent, slug) VALUES (74, '2025-06-17 10:29:15.213446', NULL, 15, 'ecommerce/product/b8e4a333-c03e-4a10-b694-3094f7512e69.png', 'ReSharper Ultimate', 299000.00, 298800.00, 73, 7, true, 'resharper-ultimate');
INSERT INTO public.products (id, created_at, deleted_at, group_id, image_url_id, name, original_price, price, prod_desc_id, quantity, represent, slug) VALUES (75, '2025-06-17 10:31:25.097838', NULL, 14, 'ecommerce/product/fa5027a4-c3d7-4678-85ec-702876249d75.jpg', 'Visual Studio 2022 Enterprise', 399000.00, 399000.00, 74, 7, true, 'visual-studio-2022-enterprise');
INSERT INTO public.products (id, created_at, deleted_at, group_id, image_url_id, name, original_price, price, prod_desc_id, quantity, represent, slug) VALUES (76, '2025-06-17 10:33:11.002108', NULL, 14, 'ecommerce/product/d5409133-79d6-4898-866d-3aa518ecb183.jpg', 'PyCharm Professional 2024', 399000.00, 399000.00, 75, 7, true, 'pycharm-professional-2024');
INSERT INTO public.products (id, created_at, deleted_at, group_id, image_url_id, name, original_price, price, prod_desc_id, quantity, represent, slug) VALUES (77, '2025-06-17 10:35:41.317884', NULL, 16, 'ecommerce/product/4a56b336-3a13-4b6e-a29e-b403a56c897c.jpg', 'Kaspersky Plus 2024', 120000.00, 120000.00, 76, 7, true, 'kaspersky-plus-2024');
INSERT INTO public.products (id, created_at, deleted_at, group_id, image_url_id, name, original_price, price, prod_desc_id, quantity, represent, slug) VALUES (78, '2025-06-17 10:37:24.111944', NULL, 16, 'ecommerce/product/763f9b6b-17d1-4bfd-b11a-10c981f17342.jpg', 'ESET Internet Security 2024', 120000.00, 120000.00, 77, 7, true, 'eset-internet-security-2024');
INSERT INTO public.products (id, created_at, deleted_at, group_id, image_url_id, name, original_price, price, prod_desc_id, quantity, represent, slug) VALUES (140, '2025-06-17 14:17:24.943282', NULL, 26, 'ecommerce/product/9b4efa1c-ca05-4d91-b322-ca362538c69b.png', 'Steam Wallet Code 300 TWD (~264.900 VNĐ)', 258000.00, 258000.00, 139, 6, true, 'steam-wallet-code-300-twd');
INSERT INTO public.products (id, created_at, deleted_at, group_id, image_url_id, name, original_price, price, prod_desc_id, quantity, represent, slug) VALUES (139, '2025-06-17 14:15:59.845322', NULL, 26, 'ecommerce/product/a0f8b76a-c04d-4ff2-87f4-3a7b21be7138.png', 'Steam Wallet Code 100 HKD (~331.900 VNĐ)', 345000.00, 345000.00, 138, 5, true, 'steam-wallet-code-100-hkd');
INSERT INTO public.products (id, created_at, deleted_at, group_id, image_url_id, name, original_price, price, prod_desc_id, quantity, represent, slug) VALUES (79, '2025-06-17 10:38:46.70789', NULL, 16, 'ecommerce/product/0c883b8c-ea5d-4a6f-8a30-b070e5b21296.jpg', 'Bitdefender Total Security 2024', 299000.00, 299000.00, 78, 7, true, 'bitdefender-total-security-2024');
INSERT INTO public.products (id, created_at, deleted_at, group_id, image_url_id, name, original_price, price, prod_desc_id, quantity, represent, slug) VALUES (80, '2025-06-17 10:40:13.674499', NULL, 16, 'ecommerce/product/248d1094-dc9e-4efb-af6b-31345673f7d8.jpg', 'McAfee Total Protection 2024', 299000.00, 299000.00, 79, 7, true, 'mcafee-total-protection-2024');
INSERT INTO public.products (id, created_at, deleted_at, group_id, image_url_id, name, original_price, price, prod_desc_id, quantity, represent, slug) VALUES (81, '2025-06-17 10:42:12.769996', NULL, 16, 'ecommerce/product/31534ec1-3ebc-4e1e-b3e1-061af02d04ab.jpg', 'AVG Ultimate 2024', 149000.00, 149000.00, 80, 7, true, 'avg-ultimate-2024');
INSERT INTO public.products (id, created_at, deleted_at, group_id, image_url_id, name, original_price, price, prod_desc_id, quantity, represent, slug) VALUES (82, '2025-06-17 10:44:19.698631', NULL, 17, 'ecommerce/product/05322bfa-50b1-45ca-8d4e-753a4ed34a9c.jpg', 'CCleaner Professional 2024', 149000.00, 149000.00, 81, 7, true, 'ccleaner-professional-2024');
INSERT INTO public.products (id, created_at, deleted_at, group_id, image_url_id, name, original_price, price, prod_desc_id, quantity, represent, slug) VALUES (83, '2025-06-17 10:45:58.056667', NULL, 17, 'ecommerce/product/65143837-cf13-49ca-9d72-136016f5956b.jpg', 'Driver Booster PRO 11', 149000.00, 149000.00, 82, 7, true, 'driver-booster-pro-11');
INSERT INTO public.products (id, created_at, deleted_at, group_id, image_url_id, name, original_price, price, prod_desc_id, quantity, represent, slug) VALUES (84, '2025-06-17 10:48:08.877344', NULL, 17, 'ecommerce/product/10958b08-d8ed-459d-bd49-1e004714cf16.jpg', 'Advanced SystemCare Pro 17', 149000.00, 149000.00, 83, 7, true, 'advanced-systemcare-pro-17');
INSERT INTO public.products (id, created_at, deleted_at, group_id, image_url_id, name, original_price, price, prod_desc_id, quantity, represent, slug) VALUES (85, '2025-06-17 10:49:54.476879', NULL, 17, 'ecommerce/product/c44f41f7-dc2e-4c08-8f93-ffe5398d368c.jpg', ' Revo Uninstaller Pro 5', 149000.00, 149000.00, 84, 7, true, 'revo-uninstaller-pro-5');
INSERT INTO public.products (id, created_at, deleted_at, group_id, image_url_id, name, original_price, price, prod_desc_id, quantity, represent, slug) VALUES (86, '2025-06-17 10:51:29.68996', NULL, 17, 'ecommerce/product/60dfb11b-be92-46c6-82ea-7b0471557593.jpg', 'EaseUS Partition Master Pro', 149000.00, 149000.00, 85, 7, true, 'easeus-partition-master-pro');
INSERT INTO public.products (id, created_at, deleted_at, group_id, image_url_id, name, original_price, price, prod_desc_id, quantity, represent, slug) VALUES (87, '2025-06-17 10:53:28.914274', NULL, 17, 'ecommerce/product/29e3c8f0-4ed4-4011-b5ca-46be5f102798.jpg', 'TeraCopy Pro', 99000.00, 99000.00, 86, 7, true, 'teracopy-pro');
INSERT INTO public.products (id, created_at, deleted_at, group_id, image_url_id, name, original_price, price, prod_desc_id, quantity, represent, slug) VALUES (120, '2025-06-17 13:23:43.71304', NULL, 18, 'ecommerce/product/c19cf5b7-ed6a-464e-ae81-84066bba2e32.jpg', 'Clair Obscur: Expedition 33', 450000.00, 450000.00, 119, 7, true, 'clair-obscur-expedition-33');
INSERT INTO public.products (id, created_at, deleted_at, group_id, image_url_id, name, original_price, price, prod_desc_id, quantity, represent, slug) VALUES (121, '2025-06-17 13:28:26.079964', NULL, 18, 'ecommerce/product/4e6353a1-46ab-4fd2-ba22-d4388addada5.jpg', 'Blue Prince', 195000.00, 195000.00, 120, 7, true, 'blue-prince');
INSERT INTO public.products (id, created_at, deleted_at, group_id, image_url_id, name, original_price, price, prod_desc_id, quantity, represent, slug) VALUES (122, '2025-06-17 13:31:00.839357', NULL, 19, 'ecommerce/product/f883384d-54f9-49cf-be95-67e0cd3d8770.jpg', 'Split Fiction', 165000.00, 165000.00, 121, 7, true, 'split-fiction');
INSERT INTO public.products (id, created_at, deleted_at, group_id, image_url_id, name, original_price, price, prod_desc_id, quantity, represent, slug) VALUES (123, '2025-06-17 13:33:30.408286', NULL, 20, 'ecommerce/product/7fb3e68c-23db-4998-96b9-da91e361e7cd.jpg', 'Doom: The Dark Ages', 890000.00, 890000.00, 122, 7, true, 'doom-the-dark-ages');
INSERT INTO public.products (id, created_at, deleted_at, group_id, image_url_id, name, original_price, price, prod_desc_id, quantity, represent, slug) VALUES (124, '2025-06-17 13:35:40.194042', NULL, 20, 'ecommerce/product/5d55e6b7-65b3-4c39-8a44-25f82f81ce58.jpg', 'Death Stranding 2: On the Beach', 1199000.00, 1199000.00, 123, 7, true, 'death-stranding-2-on-the-beach');
INSERT INTO public.products (id, created_at, deleted_at, group_id, image_url_id, name, original_price, price, prod_desc_id, quantity, represent, slug) VALUES (125, '2025-06-17 13:37:44.227321', NULL, 20, 'ecommerce/product/44fdea9d-16e6-42d7-bc0c-ae7ba8a3b18b.jpg', 'Borderlands 4', 1099000.00, 1099000.00, 124, 7, true, 'borderlands-4');
INSERT INTO public.products (id, created_at, deleted_at, group_id, image_url_id, name, original_price, price, prod_desc_id, quantity, represent, slug) VALUES (126, '2025-06-17 13:39:29.420405', NULL, 19, 'ecommerce/product/26b4ba52-2a19-402d-ab85-c8cff27b4eef.jpg', 'Metroid Prime 4: Beyond', 1099000.00, 1099000.00, 125, 7, true, 'metroid-prime-4-beyond');
INSERT INTO public.products (id, created_at, deleted_at, group_id, image_url_id, name, original_price, price, prod_desc_id, quantity, represent, slug) VALUES (127, '2025-06-17 13:41:33.06097', NULL, 21, 'ecommerce/product/946ae98f-adfa-4c3e-a22f-a32bfc2c9326.jpg', 'Kingdom Come: Deliverance 2', 449000.00, 449000.00, 126, 7, true, 'kingdom-come-deliverance-2');


--
-- Data for Name: comments; Type: TABLE DATA; Schema: public; Owner: phong
--

INSERT INTO public.comments (id, created_at, deleted_at, author_id, content, parent_comment_id, product_id) VALUES (2, '2025-04-25 16:21:07.625201', '2025-05-20 08:42:36.655472', 1, 'string', NULL, 9);
INSERT INTO public.comments (id, created_at, deleted_at, author_id, content, parent_comment_id, product_id) VALUES (4, '2025-04-25 16:40:36.213105', '2025-05-20 08:42:36.655472', 4, '123', 2, 9);
INSERT INTO public.comments (id, created_at, deleted_at, author_id, content, parent_comment_id, product_id) VALUES (7, '2025-05-19 13:59:31.536416', '2025-05-20 09:45:30.335485', 4, 'my another comment', NULL, 8);
INSERT INTO public.comments (id, created_at, deleted_at, author_id, content, parent_comment_id, product_id) VALUES (3, '2025-04-25 16:23:52.76518', '2025-06-17 14:36:13.275054', 4, '123', NULL, 9);
INSERT INTO public.comments (id, created_at, deleted_at, author_id, content, parent_comment_id, product_id) VALUES (5, '2025-05-16 22:13:31.586052', '2025-06-17 14:36:13.275054', 4, 'asdfasdfasdfadsf', NULL, 9);
INSERT INTO public.comments (id, created_at, deleted_at, author_id, content, parent_comment_id, product_id) VALUES (6, '2025-05-19 13:53:50.004373', '2025-06-17 14:36:13.275054', 4, 'hi my comment', NULL, 9);
INSERT INTO public.comments (id, created_at, deleted_at, author_id, content, parent_comment_id, product_id) VALUES (8, '2025-05-26 10:41:13.644676', '2025-06-17 14:36:13.275054', 4, 'yes?', 3, 9);
INSERT INTO public.comments (id, created_at, deleted_at, author_id, content, parent_comment_id, product_id) VALUES (9, '2025-06-17 15:02:30.607284', NULL, 4, 'Game hay !', NULL, 135);
INSERT INTO public.comments (id, created_at, deleted_at, author_id, content, parent_comment_id, product_id) VALUES (10, '2025-06-17 15:03:06.15809', NULL, 4, 'Random code ra game khá ổn', NULL, 136);
INSERT INTO public.comments (id, created_at, deleted_at, author_id, content, parent_comment_id, product_id) VALUES (11, '2025-06-17 15:03:41.986187', NULL, 4, 'Tốt lắm , xài rất ổn', NULL, 76);


--
-- Data for Name: coupons; Type: TABLE DATA; Schema: public; Owner: phong
--

INSERT INTO public.coupons (id, created_at, deleted_at, available_from, available_to, code, current_usage, description, max_applied_amount, min_amount, type, usage_limit, value) VALUES (1, '2025-04-17 22:25:17.232006', NULL, '2025-04-17', '2025-04-17', 'PHONG', 0, 'string', 20000.00, 156000.00, 'PERCENTAGE', 1, 12.00);
INSERT INTO public.coupons (id, created_at, deleted_at, available_from, available_to, code, current_usage, description, max_applied_amount, min_amount, type, usage_limit, value) VALUES (3, '2025-06-17 14:21:55.89538', NULL, '2025-06-17', '2029-01-01', 'PSTHANKU', 1, 'Mã dành để cảm ơn', 100000.00, 0.00, 'PERCENTAGE', 2000, 10.00);
INSERT INTO public.coupons (id, created_at, deleted_at, available_from, available_to, code, current_usage, description, max_applied_amount, min_amount, type, usage_limit, value) VALUES (2, '2025-06-17 14:21:08.083451', NULL, '2025-06-17', '2029-01-01', 'WERESORRY', 1, 'Mã dành để xin lỗi', 100000.00, 0.00, 'PERCENTAGE', 2000, 10.00);


--
-- Data for Name: keywords; Type: TABLE DATA; Schema: public; Owner: phong
--



--
-- Data for Name: notification_prod_keys; Type: TABLE DATA; Schema: public; Owner: phong
--



--
-- Data for Name: notification_prod_keys_fail; Type: TABLE DATA; Schema: public; Owner: phong
--



--
-- Data for Name: notification_prod_keys_success; Type: TABLE DATA; Schema: public; Owner: phong
--

INSERT INTO public.notification_prod_keys_success (id, created_at, email, order_id, retry1, retry2, mail_prod_key_json) VALUES (2, '2025-06-18 13:07:34.134424', 'phong@gmail.com', 3, NULL, NULL, '{"email":"phong@gmail.com","fullName":"abc","orderId":3,"metas":{"141":{"productName":"Steam Wallet Code 240 HKD (~796.560 VNĐ)","quantity":1,"keys":[{"id":559,"productKey":"CWL1-FYX4-H3E0-UUWC-D5SG-GQ9C","duration":"1 month"}]}}}');
INSERT INTO public.notification_prod_keys_success (id, created_at, email, order_id, retry1, retry2, mail_prod_key_json) VALUES (52, '2025-06-18 13:17:05.624665', 'phong@gmail.com', 3, NULL, NULL, '{"email":"phong@gmail.com","fullName":"abc","orderId":3,"metas":{"141":{"productName":"Steam Wallet Code 240 HKD (~796.560 VNĐ)","quantity":1,"keys":[{"id":560,"productKey":"9T5B-X4EP-TU02-DXQ5-GURA-XZJK","duration":"1 month"}]}}}');
INSERT INTO public.notification_prod_keys_success (id, created_at, email, order_id, retry1, retry2, mail_prod_key_json) VALUES (102, '2025-06-18 13:21:30.213847', 'phong@gmail.com', 3, NULL, NULL, '{"email":"phong@gmail.com","fullName":"abc","orderId":3,"metas":{"141":{"productName":"Steam Wallet Code 240 HKD (~796.560 VNĐ)","quantity":1,"keys":[{"id":561,"productKey":"DVPQ-CVSL-5ZYS-4HIM-D7NE-1VFO","duration":"1 month"}]}}}');
INSERT INTO public.notification_prod_keys_success (id, created_at, email, order_id, retry1, retry2, mail_prod_key_json) VALUES (152, '2025-06-18 13:25:30.232258', 'phong@gmail.com', 3, NULL, NULL, '{"email":"phong@gmail.com","fullName":"abc","orderId":3,"metas":{"141":{"productName":"Steam Wallet Code 240 HKD (~796.560 VNĐ)","quantity":1,"keys":[{"id":562,"productKey":"HMDS-K7QU-UB5O-HQW4-DW4F-B0L8","duration":"1 month"}]}}}');
INSERT INTO public.notification_prod_keys_success (id, created_at, email, order_id, retry1, retry2, mail_prod_key_json) VALUES (203, '2025-06-19 19:22:00.073396', 'phong@gmail.com', 5, NULL, NULL, '{"email":"phong@gmail.com","fullName":"abc","orderId":5,"metas":{"140":{"productName":"Steam Wallet Code 300 TWD (~264.900 VNĐ)","quantity":1,"keys":[{"id":552,"productKey":"O22Y-L70E-WDGO-5LNN-HK7B-W5GF","duration":"1 month"}]}}}');
INSERT INTO public.notification_prod_keys_success (id, created_at, email, order_id, retry1, retry2, mail_prod_key_json) VALUES (253, '2025-06-20 17:32:30.137381', 'phong@gmail.com', 6, NULL, NULL, '{"email":"phong@gmail.com","fullName":"abc","orderId":6,"metas":{"139":{"productName":"Steam Wallet Code 100 HKD (~331.900 VNĐ)","quantity":2,"keys":[{"id":566,"productKey":"SLWQ-5LHV-76H9-DWSQ-1BHG-KJSP","duration":"1 month"},{"id":567,"productKey":"XP93-7PIV-W1YT-O93P-38BQ-DXT7","duration":"1 month"}]}}}');


--
-- Data for Name: orders; Type: TABLE DATA; Schema: public; Owner: phong
--

INSERT INTO public.orders (id, created_at, deleted_at, amount, coupon_id, original_amount, profile_id, request_info, status) VALUES (1, '2025-05-07 20:08:05.216177', NULL, 100000.00, NULL, 100000.00, NULL, '{"email": "string", "additionalProp2": "string", "additionalProp3": "string"}', 'PROCESSING');
INSERT INTO public.orders (id, created_at, deleted_at, amount, coupon_id, original_amount, profile_id, request_info, status) VALUES (2, '2025-06-18 12:26:28.878952', NULL, 1625400.00, 3, 1806000.00, 4, '{}', 'PROCESSING');
INSERT INTO public.orders (id, created_at, deleted_at, amount, coupon_id, original_amount, profile_id, request_info, status) VALUES (3, '2025-06-18 13:05:25.165694', NULL, 822000.00, NULL, 822000.00, 4, '{}', 'COMPLETED');
INSERT INTO public.orders (id, created_at, deleted_at, amount, coupon_id, original_amount, profile_id, request_info, status) VALUES (4, '2025-06-19 19:19:45.506687', NULL, 258000.00, NULL, 258000.00, 4, '{}', 'PROCESSING');
INSERT INTO public.orders (id, created_at, deleted_at, amount, coupon_id, original_amount, profile_id, request_info, status) VALUES (5, '2025-06-19 19:20:47.189688', NULL, 258000.00, NULL, 258000.00, 4, '{}', 'COMPLETED');
INSERT INTO public.orders (id, created_at, deleted_at, amount, coupon_id, original_amount, profile_id, request_info, status) VALUES (6, '2025-06-20 17:30:51.155465', NULL, 621000.00, 2, 690000.00, 4, '{}', 'COMPLETED');


--
-- Data for Name: order_details; Type: TABLE DATA; Schema: public; Owner: phong
--

INSERT INTO public.order_details (id, order_id, original_price, price, product_id, quantity) VALUES (1, 1, 1000.00, 50.00, 8, 1);
INSERT INTO public.order_details (id, order_id, original_price, price, product_id, quantity) VALUES (2, 2, 1290000.00, 1290000.00, 135, 1);
INSERT INTO public.order_details (id, order_id, original_price, price, product_id, quantity) VALUES (3, 2, 258000.00, 258000.00, 140, 2);
INSERT INTO public.order_details (id, order_id, original_price, price, product_id, quantity) VALUES (4, 3, 822000.00, 822000.00, 141, 1);
INSERT INTO public.order_details (id, order_id, original_price, price, product_id, quantity) VALUES (5, 4, 258000.00, 258000.00, 140, 1);
INSERT INTO public.order_details (id, order_id, original_price, price, product_id, quantity) VALUES (6, 5, 258000.00, 258000.00, 140, 1);
INSERT INTO public.order_details (id, order_id, original_price, price, product_id, quantity) VALUES (7, 6, 345000.00, 345000.00, 139, 2);


--
-- Data for Name: payments; Type: TABLE DATA; Schema: public; Owner: phong
--

INSERT INTO public.payments (id, created_at, deleted_at, bank_code, card_type, detail_code, detail_message, expiry, note, order_id, payment_method, payment_url, profile_id, secure_hash, status, trans_ref) VALUES (2, '2025-05-09 09:13:38.952906', NULL, NULL, NULL, NULL, NULL, NULL, 'hello', 1, 'VNPAY', 'https://sandbox.vnpayment.vn/paymentv2/vpcpay.html?vnp_Amount=10000&vnp_Command=pay&vnp_CreateDate=20250509091348&vnp_CurrCode=VND&vnp_ExpireDate=20250509092848&vnp_IpAddr=0%3A0%3A0%3A0%3A0%3A0%3A0%3A1&vnp_Locale=en&vnp_OrderInfo=hello&vnp_OrderType=other&vnp_ReturnUrl=http%3A%2F%2Flocalhost%3A3007%2Fcart%2Fpayment&vnp_TmnCode=ETGKRGNL&vnp_TxnRef=09c4a7a6-e3b1-465b-a057-f8d0c3be18da&vnp_Version=2.1.0&vnp_SecureHash=b1e3b4ac5db577bda68e5ed3fdede448a542f4b2fd0a275c0676a7390cb795bd8a798bafc607606ba0a76c0d370ac203aef38399863af20c0cd99c07d24b7e80', 3, NULL, NULL, '09c4a7a6-e3b1-465b-a057-f8d0c3be18da');
INSERT INTO public.payments (id, created_at, deleted_at, bank_code, card_type, detail_code, detail_message, expiry, note, order_id, payment_method, payment_url, profile_id, secure_hash, status, trans_ref) VALUES (3, '2025-06-18 12:52:57.488186', NULL, 'NCB', NULL, NULL, NULL, '2025-06-18 13:07:57.509', '', 2, 'VNPAY', 'https://sandbox.vnpayment.vn/paymentv2/vpcpay.htmlvnp_Amount=162540000&vnp_BankCode=NCB&vnp_Command=pay&vnp_CreateDate=20250618125257&vnp_CurrCode=VND&vnp_ExpireDate=20250618130757&vnp_IpAddr=0%3A0%3A0%3A0%3A0%3A0%3A0%3A1&vnp_Locale=en&vnp_OrderType=other&vnp_ReturnUrl=http%3A%2F%2Flocalhost%3A3000%2Fcart%2Fpayment&vnp_TmnCode=ETGKRGNL&vnp_TxnRef=de573a06-e69e-4d34-a85b-71fb84a86a99&vnp_Version=2.1.0&vnp_SecureHash=1eb9e15f02e9493580fc267be8d8596b1bb0dfb0f78776bb301aba0a04bb67b80e387f66d1727e90b2ca6c1178e20b1f3f6b72f9148d921122e42709c745fbfe', 4, '1eb9e15f02e9493580fc267be8d8596b1bb0dfb0f78776bb301aba0a04bb67b80e387f66d1727e90b2ca6c1178e20b1f3f6b72f9148d921122e42709c745fbfe', 'PENDING', 'de573a06-e69e-4d34-a85b-71fb84a86a99');
INSERT INTO public.payments (id, created_at, deleted_at, bank_code, card_type, detail_code, detail_message, expiry, note, order_id, payment_method, payment_url, profile_id, secure_hash, status, trans_ref) VALUES (4, '2025-06-18 13:05:35.54254', NULL, 'NCB', 'ATM', '00', 'Giao dịch thành công', '2025-06-18 13:20:35.545', 'ok 800 k', 3, 'VNPAY', 'https://sandbox.vnpayment.vn/paymentv2/vpcpay.html?vnp_Amount=82200000&vnp_Command=pay&vnp_CreateDate=20250618130535&vnp_CurrCode=VND&vnp_ExpireDate=20250618132035&vnp_IpAddr=0%3A0%3A0%3A0%3A0%3A0%3A0%3A1&vnp_Locale=en&vnp_OrderInfo=ok+800+k&vnp_OrderType=other&vnp_ReturnUrl=http%3A%2F%2Flocalhost%3A3000%2Fcart%2Fpayment&vnp_TmnCode=ETGKRGNL&vnp_TxnRef=2fa59ae3-3a5d-4eee-bc8c-9e646e0eb280&vnp_Version=2.1.0&vnp_SecureHash=8e01cda0b271e140052a441535d6eaed43ac3fccb5a00d81e90f3ce8a3bd5c27ef95802b4ee51e96f756e74cc8a8bdc522d1000a4052e9fe112dfd0e6d6863c4', 4, '8e01cda0b271e140052a441535d6eaed43ac3fccb5a00d81e90f3ce8a3bd5c27ef95802b4ee51e96f756e74cc8a8bdc522d1000a4052e9fe112dfd0e6d6863c4', 'SUCCESS', '2fa59ae3-3a5d-4eee-bc8c-9e646e0eb280');
INSERT INTO public.payments (id, created_at, deleted_at, bank_code, card_type, detail_code, detail_message, expiry, note, order_id, payment_method, payment_url, profile_id, secure_hash, status, trans_ref) VALUES (5, '2025-06-19 19:20:06.532703', NULL, '', NULL, NULL, NULL, '2025-06-19 19:35:06.535', '', 4, 'VNPAY', 'https://sandbox.vnpayment.vn/paymentv2/vpcpay.html?vnp_Amount=25800000&vnp_Command=pay&vnp_CreateDate=20250619192006&vnp_CurrCode=VND&vnp_ExpireDate=20250619193506&vnp_IpAddr=0%3A0%3A0%3A0%3A0%3A0%3A0%3A1&vnp_Locale=en&vnp_OrderType=other&vnp_ReturnUrl=http%3A%2F%2Flocalhost%3A3000%2Fcart%2Fpayment&vnp_TmnCode=ETGKRGNL&vnp_TxnRef=9dff1740-0b10-45cf-958c-00236e0321ac&vnp_Version=2.1.0&vnp_SecureHash=428c51db421edc227ef7d7167aedb19c94273a4ff751213bc548817156dda97ba3d7f74560e92376e89e6697e0ea5449d178eaa625f099cb344a971436b22caf', 4, '428c51db421edc227ef7d7167aedb19c94273a4ff751213bc548817156dda97ba3d7f74560e92376e89e6697e0ea5449d178eaa625f099cb344a971436b22caf', 'PENDING', '9dff1740-0b10-45cf-958c-00236e0321ac');
INSERT INTO public.payments (id, created_at, deleted_at, bank_code, card_type, detail_code, detail_message, expiry, note, order_id, payment_method, payment_url, profile_id, secure_hash, status, trans_ref) VALUES (6, '2025-06-19 19:20:52.941706', NULL, 'NCB', 'ATM', '00', 'Giao dịch thành công', '2025-06-19 19:35:52.943', 'asdfasdf', 5, 'VNPAY', 'https://sandbox.vnpayment.vn/paymentv2/vpcpay.html?vnp_Amount=25800000&vnp_Command=pay&vnp_CreateDate=20250619192052&vnp_CurrCode=VND&vnp_ExpireDate=20250619193552&vnp_IpAddr=0%3A0%3A0%3A0%3A0%3A0%3A0%3A1&vnp_Locale=en&vnp_OrderInfo=asdfasdf&vnp_OrderType=other&vnp_ReturnUrl=http%3A%2F%2Flocalhost%3A3000%2Fcart%2Fpayment&vnp_TmnCode=ETGKRGNL&vnp_TxnRef=5ba9ca79-90fd-45df-b530-0faa7b0c2ae3&vnp_Version=2.1.0&vnp_SecureHash=6b2a6416499356a5e4f348ad0f261b3861c0701f3e7a5c11fea23aee98a843441cd159debaa96a89d2d31e2fb996b1694d33547280b185f31ad0de18faffbf59', 4, '6b2a6416499356a5e4f348ad0f261b3861c0701f3e7a5c11fea23aee98a843441cd159debaa96a89d2d31e2fb996b1694d33547280b185f31ad0de18faffbf59', 'SUCCESS', '5ba9ca79-90fd-45df-b530-0faa7b0c2ae3');
INSERT INTO public.payments (id, created_at, deleted_at, bank_code, card_type, detail_code, detail_message, expiry, note, order_id, payment_method, payment_url, profile_id, secure_hash, status, trans_ref) VALUES (7, '2025-06-20 17:31:10.618996', NULL, 'NCB', 'ATM', '00', 'Giao dịch thành công', '2025-06-20 17:46:10.621', 'asdfasdfasdf', 6, 'VNPAY', 'https://sandbox.vnpayment.vn/paymentv2/vpcpay.html?vnp_Amount=62100000&vnp_Command=pay&vnp_CreateDate=20250620173110&vnp_CurrCode=VND&vnp_ExpireDate=20250620174610&vnp_IpAddr=0%3A0%3A0%3A0%3A0%3A0%3A0%3A1&vnp_Locale=en&vnp_OrderInfo=asdfasdfasdf&vnp_OrderType=other&vnp_ReturnUrl=http%3A%2F%2Flocalhost%3A3000%2Fcart%2Fpayment&vnp_TmnCode=ETGKRGNL&vnp_TxnRef=1ae3fd95-fabf-4185-8613-316902230c56&vnp_Version=2.1.0&vnp_SecureHash=d18cba8f07e16b3e8efe039f31ae680a67bd5f03c6decc77fbde49bb5e83b09b8ec54baa5942faee1050c4f69401f48dd27e9532dc95896e67ee4e2d989c02a2', 4, 'd18cba8f07e16b3e8efe039f31ae680a67bd5f03c6decc77fbde49bb5e83b09b8ec54baa5942faee1050c4f69401f48dd27e9532dc95896e67ee4e2d989c02a2', 'SUCCESS', '1ae3fd95-fabf-4185-8613-316902230c56');


--
-- Data for Name: product_favorites; Type: TABLE DATA; Schema: public; Owner: phong
--

INSERT INTO public.product_favorites (created_at, product_id, profile_id) VALUES ('2025-05-19 13:14:04.77749', 8, 4);
INSERT INTO public.product_favorites (created_at, product_id, profile_id) VALUES ('2025-05-19 13:14:04.77749', 9, 3);
INSERT INTO public.product_favorites (created_at, product_id, profile_id) VALUES ('2025-05-19 13:44:14.225414', 14, 3);
INSERT INTO public.product_favorites (created_at, product_id, profile_id) VALUES ('2025-05-20 09:33:56.144749', 17, 4);


--
-- Data for Name: product_items; Type: TABLE DATA; Schema: public; Owner: phong
--

INSERT INTO public.product_items (id, account, created_at, product_id, product_key, region) VALUES (85, 'null', '2025-06-17 15:01:09.818136', 31, 'FUBK-2T7Z-7UJC-75S6-0ZFK-I60E', 'Global');
INSERT INTO public.product_items (id, account, created_at, product_id, product_key, region) VALUES (86, 'null', '2025-06-17 15:01:09.818136', 31, 'M1SM-7T34-EQ6J-F25R-MEDY-3L55', 'SEA');
INSERT INTO public.product_items (id, account, created_at, product_id, product_key, region) VALUES (87, 'null', '2025-06-17 15:01:09.818136', 31, 'BFHZ-OUJC-XEI4-QG1M-7NWU-OV33', 'CN');
INSERT INTO public.product_items (id, account, created_at, product_id, product_key, region) VALUES (88, 'null', '2025-06-17 15:01:09.818136', 31, 'U6M1-97G1-WAWK-UIF0-2MJD-8WGW', 'Global');
INSERT INTO public.product_items (id, account, created_at, product_id, product_key, region) VALUES (89, 'null', '2025-06-17 15:01:09.818136', 31, 'PIWU-B6FU-W3GQ-6IQM-TDTA-9IAL', 'SEA');
INSERT INTO public.product_items (id, account, created_at, product_id, product_key, region) VALUES (90, 'null', '2025-06-17 15:01:09.818136', 35, 'UBKD-4K2U-FIP0-OLQ2-8WKT-FNXQ', 'NA/US');
INSERT INTO public.product_items (id, account, created_at, product_id, product_key, region) VALUES (91, 'null', '2025-06-17 15:01:09.818136', 35, '59KS-ZVRV-6YJ8-RTCZ-N9GT-G183', 'ROW');
INSERT INTO public.product_items (id, account, created_at, product_id, product_key, region) VALUES (92, 'null', '2025-06-17 15:01:09.818136', 35, 'BEK3-R0HA-X4NJ-K30T-CJZD-NQHY', 'CN');
INSERT INTO public.product_items (id, account, created_at, product_id, product_key, region) VALUES (93, 'null', '2025-06-17 15:01:09.818136', 35, 'DWEJ-K2DX-LLC2-EPAJ-KVW3-64GA', 'SEA');
INSERT INTO public.product_items (id, account, created_at, product_id, product_key, region) VALUES (94, 'null', '2025-06-17 15:01:09.818136', 35, '3228-RPER-QWPL-TUVX-KO7R-179C', 'NA/US');
INSERT INTO public.product_items (id, account, created_at, product_id, product_key, region) VALUES (95, 'null', '2025-06-17 15:01:09.818136', 35, '0D8I-JZ7J-EEEH-8WA5-TM1P-9O4K', 'CN');
INSERT INTO public.product_items (id, account, created_at, product_id, product_key, region) VALUES (96, 'null', '2025-06-17 15:01:09.818136', 35, 'FYR2-1ZZ4-PYGE-5VQ2-EX6D-6A4J', 'ROW');
INSERT INTO public.product_items (id, account, created_at, product_id, product_key, region) VALUES (97, 'null', '2025-06-17 15:01:09.818136', 36, '7E89-VJ87-2PEB-1D4O-8A3P-OB5U', 'SEA');
INSERT INTO public.product_items (id, account, created_at, product_id, product_key, region) VALUES (98, 'null', '2025-06-17 15:01:09.818136', 36, '3KIU-QYXL-GRQ4-W5A9-SKFB-TL9M', 'ROW');
INSERT INTO public.product_items (id, account, created_at, product_id, product_key, region) VALUES (99, 'null', '2025-06-17 15:01:09.818136', 36, '0V9H-82SH-65CY-KQSS-QD4B-RZO5', 'CN');
INSERT INTO public.product_items (id, account, created_at, product_id, product_key, region) VALUES (100, 'null', '2025-06-17 15:01:09.818136', 36, 'STNG-FCBY-K4R2-U7JI-TWDB-ZZE3', 'CN');
INSERT INTO public.product_items (id, account, created_at, product_id, product_key, region) VALUES (101, 'null', '2025-06-17 15:01:09.818136', 36, 'RBS1-NLCZ-O81G-W4FQ-GWPG-HWY7', 'SEA');
INSERT INTO public.product_items (id, account, created_at, product_id, product_key, region) VALUES (102, 'null', '2025-06-17 15:01:09.818136', 36, 'PFA6-1IP7-CC0S-JPZ5-4XCY-P255', 'CN');
INSERT INTO public.product_items (id, account, created_at, product_id, product_key, region) VALUES (103, 'null', '2025-06-17 15:01:09.818136', 36, '3BK1-H8J5-RX0R-IKX1-D8XE-VFTL', 'ROW');
INSERT INTO public.product_items (id, account, created_at, product_id, product_key, region) VALUES (104, 'null', '2025-06-17 15:01:09.818136', 38, 'WNYC-ZE9D-5BUI-O7L9-LZPF-IAM2', 'SEA');
INSERT INTO public.product_items (id, account, created_at, product_id, product_key, region) VALUES (105, 'null', '2025-06-17 15:01:09.818136', 38, 'U4TY-FMNS-6EEZ-VJPY-4PH1-OMWE', 'Global');
INSERT INTO public.product_items (id, account, created_at, product_id, product_key, region) VALUES (106, 'null', '2025-06-17 15:01:09.818136', 38, '0IY2-XJ39-XRWS-T7DD-FPOY-JEPM', 'Global');
INSERT INTO public.product_items (id, account, created_at, product_id, product_key, region) VALUES (107, 'null', '2025-06-17 15:01:09.818136', 38, '22KJ-DQ3O-TTW6-173U-F2N7-2EKZ', 'SEA');
INSERT INTO public.product_items (id, account, created_at, product_id, product_key, region) VALUES (108, 'null', '2025-06-17 15:01:09.818136', 38, 'XAU7-MTRQ-38BF-JJF4-MJ27-9D6A', 'NA/US');
INSERT INTO public.product_items (id, account, created_at, product_id, product_key, region) VALUES (109, 'null', '2025-06-17 15:01:09.818136', 38, '1ZL7-HWQP-TX8D-LZUD-41EM-TGDV', 'SEA');
INSERT INTO public.product_items (id, account, created_at, product_id, product_key, region) VALUES (110, 'null', '2025-06-17 15:01:09.818136', 38, 'TYES-B254-3RWJ-3Y4J-N3HS-VU8B', 'SEA');
INSERT INTO public.product_items (id, account, created_at, product_id, product_key, region) VALUES (111, 'null', '2025-06-17 15:01:09.818136', 39, '8NW8-DZDF-EBMV-7KRC-PZIN-N685', 'CN');
INSERT INTO public.product_items (id, account, created_at, product_id, product_key, region) VALUES (112, 'null', '2025-06-17 15:01:09.818136', 39, 'D78T-F2AI-4ZCZ-1UC0-4TLC-YSME', 'CN');
INSERT INTO public.product_items (id, account, created_at, product_id, product_key, region) VALUES (113, 'null', '2025-06-17 15:01:09.818136', 39, '31OP-C1XL-4J84-45HH-87AV-9RN4', 'SEA');
INSERT INTO public.product_items (id, account, created_at, product_id, product_key, region) VALUES (114, 'null', '2025-06-17 15:01:09.818136', 39, 'Y82J-UPHF-Z9Z7-NR1O-G13C-NDS0', 'ROW');
INSERT INTO public.product_items (id, account, created_at, product_id, product_key, region) VALUES (115, 'null', '2025-06-17 15:01:09.818136', 39, 'LGE1-D3GK-FNXH-TYA6-PLLU-JX65', 'Global');
INSERT INTO public.product_items (id, account, created_at, product_id, product_key, region) VALUES (116, 'null', '2025-06-17 15:01:09.818136', 39, '7UBG-YNHZ-SK0H-HQUG-VXU0-K45O', 'SEA');
INSERT INTO public.product_items (id, account, created_at, product_id, product_key, region) VALUES (117, 'null', '2025-06-17 15:01:09.818136', 39, 'QMQ4-4ZMM-KQ5Y-TUYG-GDZB-C6PY', 'CN');
INSERT INTO public.product_items (id, account, created_at, product_id, product_key, region) VALUES (118, 'null', '2025-06-17 15:01:09.818136', 40, 'ZDA2-ARGP-PVU5-XF30-QDUR-Q7QK', 'Global');
INSERT INTO public.product_items (id, account, created_at, product_id, product_key, region) VALUES (119, 'null', '2025-06-17 15:01:09.818136', 40, 'F6O3-9PBD-O0GI-J8JD-I9TQ-3NBW', 'NA/US');
INSERT INTO public.product_items (id, account, created_at, product_id, product_key, region) VALUES (120, 'null', '2025-06-17 15:01:09.818136', 40, 'WMGF-TQLW-2FIV-9OMH-5FOC-N4WD', 'NA/US');
INSERT INTO public.product_items (id, account, created_at, product_id, product_key, region) VALUES (121, 'null', '2025-06-17 15:01:09.818136', 40, '77YH-XO17-LN2G-L3QD-VJ86-18C6', 'SEA');
INSERT INTO public.product_items (id, account, created_at, product_id, product_key, region) VALUES (122, 'null', '2025-06-17 15:01:09.818136', 40, 'PAMY-4JKE-2MT4-ZL6H-GTHA-61VH', 'ROW');
INSERT INTO public.product_items (id, account, created_at, product_id, product_key, region) VALUES (123, 'null', '2025-06-17 15:01:09.818136', 40, '9D2F-94SV-1T7S-BSBX-SXIK-X70G', 'SEA');
INSERT INTO public.product_items (id, account, created_at, product_id, product_key, region) VALUES (124, 'null', '2025-06-17 15:01:09.818136', 40, '9EU1-YAS4-6N7A-SKVQ-2AB0-5QOA', 'SEA');
INSERT INTO public.product_items (id, account, created_at, product_id, product_key, region) VALUES (125, 'null', '2025-06-17 15:01:09.818136', 41, 'MRUZ-OHLO-JD13-5ASR-W5BO-WALP', 'SEA');
INSERT INTO public.product_items (id, account, created_at, product_id, product_key, region) VALUES (126, 'null', '2025-06-17 15:01:09.818136', 41, 'KY3Q-HBFV-VBM0-CZQZ-L90D-UAU3', 'Global');
INSERT INTO public.product_items (id, account, created_at, product_id, product_key, region) VALUES (127, 'null', '2025-06-17 15:01:09.818136', 41, 'UIR6-5VRO-KWVU-DYO8-5U6J-L84N', 'NA/US');
INSERT INTO public.product_items (id, account, created_at, product_id, product_key, region) VALUES (128, 'null', '2025-06-17 15:01:09.818136', 41, '9ZGF-1TDW-YKY4-AZ65-39WE-15LC', 'SEA');
INSERT INTO public.product_items (id, account, created_at, product_id, product_key, region) VALUES (129, 'null', '2025-06-17 15:01:09.818136', 41, 'X915-8LVY-RA2B-RZ6J-IQU5-B7JA', 'Global');
INSERT INTO public.product_items (id, account, created_at, product_id, product_key, region) VALUES (130, 'null', '2025-06-17 15:01:09.818136', 41, '78VX-EFCA-8H4X-XTAS-5M3S-89GL', 'Global');
INSERT INTO public.product_items (id, account, created_at, product_id, product_key, region) VALUES (131, 'null', '2025-06-17 15:01:09.818136', 41, 'IPK3-NLM6-C1WL-81XG-I14X-81GX', 'SEA');
INSERT INTO public.product_items (id, account, created_at, product_id, product_key, region) VALUES (132, 'null', '2025-06-17 15:01:09.818136', 42, 'VS7K-FDIJ-NRC7-4KO6-C6XH-M4TN', 'SEA');
INSERT INTO public.product_items (id, account, created_at, product_id, product_key, region) VALUES (133, 'null', '2025-06-17 15:01:09.818136', 42, 'DG9H-A75U-R69H-H91J-D1I8-C14J', 'ROW');
INSERT INTO public.product_items (id, account, created_at, product_id, product_key, region) VALUES (134, 'null', '2025-06-17 15:01:09.818136', 42, 'LWVD-CKGH-S2YH-TN66-U653-J4G0', 'Global');
INSERT INTO public.product_items (id, account, created_at, product_id, product_key, region) VALUES (135, 'null', '2025-06-17 15:01:09.818136', 42, 'XCIZ-8K4F-1WXS-HAVP-K6O7-JH6A', 'Global');
INSERT INTO public.product_items (id, account, created_at, product_id, product_key, region) VALUES (136, 'null', '2025-06-17 15:01:09.818136', 42, '0PBU-TP91-AYTN-WV5I-NSS7-NXVH', 'CN');
INSERT INTO public.product_items (id, account, created_at, product_id, product_key, region) VALUES (137, 'null', '2025-06-17 15:01:09.818136', 42, 'VZOB-J0T1-M4ZW-R6NL-B2US-L885', 'ROW');
INSERT INTO public.product_items (id, account, created_at, product_id, product_key, region) VALUES (138, 'null', '2025-06-17 15:01:09.818136', 42, '53CJ-IX0O-CV1E-XCP6-4A8O-SHLZ', 'SEA');
INSERT INTO public.product_items (id, account, created_at, product_id, product_key, region) VALUES (139, 'null', '2025-06-17 15:01:09.818136', 43, 'WDD3-9JXM-VJ2D-7FMT-6B25-C9EJ', 'SEA');
INSERT INTO public.product_items (id, account, created_at, product_id, product_key, region) VALUES (140, 'null', '2025-06-17 15:01:09.818136', 43, 'Q5JP-86C0-A94V-9RYE-PW43-M7G8', 'ROW');
INSERT INTO public.product_items (id, account, created_at, product_id, product_key, region) VALUES (141, 'null', '2025-06-17 15:01:09.818136', 43, 'W1IX-XAK7-89FY-KICQ-2JWD-MYNF', 'CN');
INSERT INTO public.product_items (id, account, created_at, product_id, product_key, region) VALUES (142, 'null', '2025-06-17 15:01:09.818136', 43, 'FFSD-NL7X-ARIX-RS8K-L7DY-WL8U', 'Global');
INSERT INTO public.product_items (id, account, created_at, product_id, product_key, region) VALUES (143, 'null', '2025-06-17 15:01:09.818136', 43, '59P0-1RA5-MFJU-1TYY-0TBY-BBKT', 'Global');
INSERT INTO public.product_items (id, account, created_at, product_id, product_key, region) VALUES (144, 'null', '2025-06-17 15:01:09.818136', 43, 'NOP3-ACBD-VGVO-OAUK-SXTC-VSKZ', 'NA/US');
INSERT INTO public.product_items (id, account, created_at, product_id, product_key, region) VALUES (145, 'null', '2025-06-17 15:01:09.818136', 43, 'V94N-RJZY-1SN4-CRM9-CNC3-PQKO', 'Global');
INSERT INTO public.product_items (id, account, created_at, product_id, product_key, region) VALUES (146, 'null', '2025-06-17 15:01:09.818136', 44, 'KJRF-EYHN-Y742-5CYW-GUEQ-YSS8', 'Global');
INSERT INTO public.product_items (id, account, created_at, product_id, product_key, region) VALUES (147, 'null', '2025-06-17 15:01:09.818136', 44, 'BU4O-AJ9A-RDCL-FSMZ-8P30-KOPD', 'NA/US');
INSERT INTO public.product_items (id, account, created_at, product_id, product_key, region) VALUES (148, 'null', '2025-06-17 15:01:09.818136', 44, 'Y7RF-ZXWV-76N1-E4NP-TQ2J-30F7', 'SEA');
INSERT INTO public.product_items (id, account, created_at, product_id, product_key, region) VALUES (149, 'null', '2025-06-17 15:01:09.818136', 44, '1B8C-CKQR-8ZKV-ROIE-BXFC-VJRR', 'NA/US');
INSERT INTO public.product_items (id, account, created_at, product_id, product_key, region) VALUES (150, 'null', '2025-06-17 15:01:09.818136', 44, 'CZPN-ZEKW-6ERF-X873-XTRY-RU7N', 'NA/US');
INSERT INTO public.product_items (id, account, created_at, product_id, product_key, region) VALUES (151, 'null', '2025-06-17 15:01:09.818136', 44, '9WML-NUTR-70L0-OPPE-D26E-RR18', 'ROW');
INSERT INTO public.product_items (id, account, created_at, product_id, product_key, region) VALUES (152, 'null', '2025-06-17 15:01:09.818136', 44, 'Q7F3-XHGH-VZ4D-CZV4-YBJ4-X8AL', 'NA/US');
INSERT INTO public.product_items (id, account, created_at, product_id, product_key, region) VALUES (153, 'null', '2025-06-17 15:01:09.818136', 45, '4LJW-NG9T-Z5W3-JK2K-CLOB-UV77', 'Global');
INSERT INTO public.product_items (id, account, created_at, product_id, product_key, region) VALUES (154, 'null', '2025-06-17 15:01:09.818136', 45, 'BAA9-OJOC-SXLJ-ZH6Y-57SR-7CS7', 'NA/US');
INSERT INTO public.product_items (id, account, created_at, product_id, product_key, region) VALUES (155, 'null', '2025-06-17 15:01:09.818136', 45, 'M59V-9GAQ-P64X-BF4C-QWPI-FKL4', 'ROW');
INSERT INTO public.product_items (id, account, created_at, product_id, product_key, region) VALUES (156, 'null', '2025-06-17 15:01:09.818136', 45, '6RU7-SNU1-NVO8-JLR5-O2J8-CK6H', 'ROW');
INSERT INTO public.product_items (id, account, created_at, product_id, product_key, region) VALUES (157, 'null', '2025-06-17 15:01:09.818136', 45, 'QCZB-X4PY-V6MD-L4NH-B939-C1KR', 'SEA');
INSERT INTO public.product_items (id, account, created_at, product_id, product_key, region) VALUES (158, 'null', '2025-06-17 15:01:09.818136', 45, 'WN4D-XFIC-E3GC-IV5U-T5P9-JUU1', 'Global');
INSERT INTO public.product_items (id, account, created_at, product_id, product_key, region) VALUES (159, 'null', '2025-06-17 15:01:09.818136', 45, 'R9OL-PYG3-56AW-5KVT-EXAZ-EHFR', 'ROW');
INSERT INTO public.product_items (id, account, created_at, product_id, product_key, region) VALUES (160, 'null', '2025-06-17 15:01:09.818136', 46, 'BK1B-3TA3-A05Y-452L-BYQT-KVNK', 'CN');
INSERT INTO public.product_items (id, account, created_at, product_id, product_key, region) VALUES (161, 'null', '2025-06-17 15:01:09.818136', 46, 'WJU1-OHEK-EUER-C5L6-RPFD-9JRZ', 'NA/US');
INSERT INTO public.product_items (id, account, created_at, product_id, product_key, region) VALUES (162, 'null', '2025-06-17 15:01:09.818136', 46, '1U4C-NF4A-XIBW-FAPS-OXIU-8MLO', 'CN');
INSERT INTO public.product_items (id, account, created_at, product_id, product_key, region) VALUES (163, 'null', '2025-06-17 15:01:09.818136', 46, 'TOJE-W52W-2JGN-S8H0-RYN7-Z8JD', 'Global');
INSERT INTO public.product_items (id, account, created_at, product_id, product_key, region) VALUES (164, 'null', '2025-06-17 15:01:09.818136', 46, 'P32N-DFFE-FQ09-9F63-1WUH-7XO2', 'ROW');
INSERT INTO public.product_items (id, account, created_at, product_id, product_key, region) VALUES (165, 'null', '2025-06-17 15:01:09.818136', 46, 'HC3O-8L10-4QWH-JJ87-RH2P-RCXZ', 'SEA');
INSERT INTO public.product_items (id, account, created_at, product_id, product_key, region) VALUES (166, 'null', '2025-06-17 15:01:09.818136', 46, 'NMD3-F4UJ-6ZLK-7VBX-UEFM-SPX3', 'ROW');
INSERT INTO public.product_items (id, account, created_at, product_id, product_key, region) VALUES (167, 'null', '2025-06-17 15:01:09.818136', 47, 'CHYZ-L1O5-4K34-23FP-L6YL-5RFK', 'NA/US');
INSERT INTO public.product_items (id, account, created_at, product_id, product_key, region) VALUES (168, 'null', '2025-06-17 15:01:09.818136', 47, 'CV7B-0YOH-MNJV-GETV-3ZP1-OHDA', 'SEA');
INSERT INTO public.product_items (id, account, created_at, product_id, product_key, region) VALUES (169, 'null', '2025-06-17 15:01:09.818136', 47, 'TTR5-KANS-WI5R-17SH-V9UR-QDRD', 'CN');
INSERT INTO public.product_items (id, account, created_at, product_id, product_key, region) VALUES (170, 'null', '2025-06-17 15:01:09.818136', 47, 'CDCG-WM27-HO0G-13NO-X0TJ-0ZUD', 'ROW');
INSERT INTO public.product_items (id, account, created_at, product_id, product_key, region) VALUES (171, 'null', '2025-06-17 15:01:09.818136', 47, 'QWDP-RASZ-QR0C-RGQ5-DOJN-NH9E', 'CN');
INSERT INTO public.product_items (id, account, created_at, product_id, product_key, region) VALUES (172, 'null', '2025-06-17 15:01:09.818136', 47, '3DLM-67L5-IKQ7-S16M-EZWE-ACO0', 'SEA');
INSERT INTO public.product_items (id, account, created_at, product_id, product_key, region) VALUES (173, 'null', '2025-06-17 15:01:09.818136', 47, 'BS5O-55PA-ZPXK-IR6B-6ZD0-ATFG', 'NA/US');
INSERT INTO public.product_items (id, account, created_at, product_id, product_key, region) VALUES (174, 'null', '2025-06-17 15:01:09.818136', 48, 'BT3H-GER9-B7V5-DTMH-96GV-DMUV', 'Global');
INSERT INTO public.product_items (id, account, created_at, product_id, product_key, region) VALUES (175, 'null', '2025-06-17 15:01:09.818136', 48, '80CH-RDV7-S60T-196N-ORQ1-AP1Z', 'ROW');
INSERT INTO public.product_items (id, account, created_at, product_id, product_key, region) VALUES (176, 'null', '2025-06-17 15:01:09.818136', 48, 'QCNX-F1YK-7UL0-LI4A-SLUU-94E9', 'SEA');
INSERT INTO public.product_items (id, account, created_at, product_id, product_key, region) VALUES (177, 'null', '2025-06-17 15:01:09.818136', 48, '6EIL-Z7D0-5T3J-1DKG-SCGI-K9K2', 'SEA');
INSERT INTO public.product_items (id, account, created_at, product_id, product_key, region) VALUES (178, 'null', '2025-06-17 15:01:09.818136', 48, 'UQO1-K18H-ZIYV-88IO-ZE48-YIEU', 'Global');
INSERT INTO public.product_items (id, account, created_at, product_id, product_key, region) VALUES (179, 'null', '2025-06-17 15:01:09.818136', 48, 'MHIP-OWKO-S4CA-88Q4-ZHW1-7RHQ', 'Global');
INSERT INTO public.product_items (id, account, created_at, product_id, product_key, region) VALUES (180, 'null', '2025-06-17 15:01:09.818136', 48, '5SOE-DR4N-2OCI-W4YK-C0OH-CFDF', 'SEA');
INSERT INTO public.product_items (id, account, created_at, product_id, product_key, region) VALUES (181, 'null', '2025-06-17 15:01:09.818136', 50, '6WTL-VZ95-EI7S-XCKW-EHSJ-FM5L', 'Global');
INSERT INTO public.product_items (id, account, created_at, product_id, product_key, region) VALUES (182, 'null', '2025-06-17 15:01:09.818136', 50, '2IYT-LPWQ-7UU2-GURE-ZGIK-UZ18', 'Global');
INSERT INTO public.product_items (id, account, created_at, product_id, product_key, region) VALUES (183, 'null', '2025-06-17 15:01:09.818136', 50, '3TUF-5LQ4-CBQI-0YG8-QELV-K54O', 'CN');
INSERT INTO public.product_items (id, account, created_at, product_id, product_key, region) VALUES (184, 'null', '2025-06-17 15:01:09.818136', 50, 'Q94Z-IHU4-0BPW-A5NJ-STJL-H6AW', 'NA/US');
INSERT INTO public.product_items (id, account, created_at, product_id, product_key, region) VALUES (185, 'null', '2025-06-17 15:01:09.818136', 50, 'SXPV-7KLE-R11T-SV8D-GR83-3LB6', 'Global');
INSERT INTO public.product_items (id, account, created_at, product_id, product_key, region) VALUES (186, 'null', '2025-06-17 15:01:09.818136', 50, '5P0I-AKZV-0WQH-JO7Z-DAZG-GRLI', 'Global');
INSERT INTO public.product_items (id, account, created_at, product_id, product_key, region) VALUES (187, 'null', '2025-06-17 15:01:09.818136', 50, 'BFCT-C5IJ-BKUU-YS0E-18RU-MP8O', 'NA/US');
INSERT INTO public.product_items (id, account, created_at, product_id, product_key, region) VALUES (188, 'null', '2025-06-17 15:01:09.818136', 51, 'ZSBC-YU79-00GN-0Y7C-30QA-3QVD', 'CN');
INSERT INTO public.product_items (id, account, created_at, product_id, product_key, region) VALUES (189, 'null', '2025-06-17 15:01:09.818136', 51, 'LU1V-APJP-YVP3-1YSI-EQ7V-XAUC', 'ROW');
INSERT INTO public.product_items (id, account, created_at, product_id, product_key, region) VALUES (190, 'null', '2025-06-17 15:01:09.818136', 51, 'PEWW-21NU-SFBU-F4IF-68MF-VYW6', 'CN');
INSERT INTO public.product_items (id, account, created_at, product_id, product_key, region) VALUES (191, 'null', '2025-06-17 15:01:09.818136', 51, 'AJV9-GN1G-SK6Y-G9JG-9ZUN-A2YR', 'NA/US');
INSERT INTO public.product_items (id, account, created_at, product_id, product_key, region) VALUES (192, 'null', '2025-06-17 15:01:09.818136', 51, 'RHI7-KZ41-X9YF-P11W-PGF1-GMC3', 'Global');
INSERT INTO public.product_items (id, account, created_at, product_id, product_key, region) VALUES (193, 'null', '2025-06-17 15:01:09.818136', 51, 'OZV2-JZYY-ECY5-NQ1S-PKN4-95WM', 'Global');
INSERT INTO public.product_items (id, account, created_at, product_id, product_key, region) VALUES (194, 'null', '2025-06-17 15:01:09.818136', 51, '6P64-LX0R-ZCU0-ZPA5-FO05-FI7U', 'Global');
INSERT INTO public.product_items (id, account, created_at, product_id, product_key, region) VALUES (195, 'null', '2025-06-17 15:01:09.818136', 52, '2V9Y-0RCR-L4KP-C071-HH1D-FO75', 'Global');
INSERT INTO public.product_items (id, account, created_at, product_id, product_key, region) VALUES (196, 'null', '2025-06-17 15:01:09.818136', 52, 'Q1PX-YTNN-4IO6-23IT-JFEY-9ZG2', 'SEA');
INSERT INTO public.product_items (id, account, created_at, product_id, product_key, region) VALUES (197, 'null', '2025-06-17 15:01:09.818136', 52, '4EXD-GYCV-O4C4-CRN9-KSUU-Q4HQ', 'NA/US');
INSERT INTO public.product_items (id, account, created_at, product_id, product_key, region) VALUES (198, 'null', '2025-06-17 15:01:09.818136', 52, 'RHOM-JNZ1-FF7X-E5CL-ERI7-NME9', 'NA/US');
INSERT INTO public.product_items (id, account, created_at, product_id, product_key, region) VALUES (199, 'null', '2025-06-17 15:01:09.818136', 52, '3PC5-H33H-PZ37-YVJ0-CSPU-IU6E', 'Global');
INSERT INTO public.product_items (id, account, created_at, product_id, product_key, region) VALUES (200, 'null', '2025-06-17 15:01:09.818136', 52, 'FGWK-1KND-67MG-WMDN-NAUW-66O0', 'NA/US');
INSERT INTO public.product_items (id, account, created_at, product_id, product_key, region) VALUES (201, 'null', '2025-06-17 15:01:09.818136', 52, 'BRK5-L45O-UWNP-TDIF-8JWN-WV8I', 'SEA');
INSERT INTO public.product_items (id, account, created_at, product_id, product_key, region) VALUES (202, 'null', '2025-06-17 15:01:09.818136', 53, '80ME-VGND-R9IJ-EIFY-GP2B-5Y4A', 'SEA');
INSERT INTO public.product_items (id, account, created_at, product_id, product_key, region) VALUES (203, 'null', '2025-06-17 15:01:09.818136', 53, 'MY6U-A6HX-AXBW-LRSM-JJUG-OAJK', 'SEA');
INSERT INTO public.product_items (id, account, created_at, product_id, product_key, region) VALUES (204, 'null', '2025-06-17 15:01:09.818136', 53, 'LYKJ-ZUJK-6L9V-NK6C-YV83-40XF', 'NA/US');
INSERT INTO public.product_items (id, account, created_at, product_id, product_key, region) VALUES (205, 'null', '2025-06-17 15:01:09.818136', 53, '2A9P-78VM-TLZD-22ZK-B8PY-Q7ZT', 'CN');
INSERT INTO public.product_items (id, account, created_at, product_id, product_key, region) VALUES (206, 'null', '2025-06-17 15:01:09.818136', 53, 'RTRD-NXUQ-GYKB-TZKL-PJ0P-2YGT', 'CN');
INSERT INTO public.product_items (id, account, created_at, product_id, product_key, region) VALUES (207, 'null', '2025-06-17 15:01:09.818136', 53, '8BTO-SH6F-21PC-RWTR-2NB3-PB8G', 'SEA');
INSERT INTO public.product_items (id, account, created_at, product_id, product_key, region) VALUES (208, 'null', '2025-06-17 15:01:09.818136', 53, 'CDTH-1LYR-SK0N-XQRG-3LTB-YNC6', 'ROW');
INSERT INTO public.product_items (id, account, created_at, product_id, product_key, region) VALUES (209, 'null', '2025-06-17 15:01:09.818136', 55, 'K8OL-1MNC-GYS2-KAKL-1TJ3-APR7', 'CN');
INSERT INTO public.product_items (id, account, created_at, product_id, product_key, region) VALUES (210, 'null', '2025-06-17 15:01:09.818136', 55, 'ZLLD-WKV4-5F5P-Z0GX-9JQY-VSD8', 'NA/US');
INSERT INTO public.product_items (id, account, created_at, product_id, product_key, region) VALUES (211, 'null', '2025-06-17 15:01:09.818136', 55, 'TRJB-VU8Z-HMQG-EXI1-KXS5-N3HK', 'ROW');
INSERT INTO public.product_items (id, account, created_at, product_id, product_key, region) VALUES (212, 'null', '2025-06-17 15:01:09.818136', 55, '376B-QUDU-8GBI-K18D-HGD3-247D', 'Global');
INSERT INTO public.product_items (id, account, created_at, product_id, product_key, region) VALUES (213, 'null', '2025-06-17 15:01:09.818136', 55, '6UQG-YY9J-B1YL-H6Y8-K488-NILU', 'NA/US');
INSERT INTO public.product_items (id, account, created_at, product_id, product_key, region) VALUES (214, 'null', '2025-06-17 15:01:09.818136', 55, '3KFT-NJ3V-1JD3-K0RS-O19A-DO8C', 'ROW');
INSERT INTO public.product_items (id, account, created_at, product_id, product_key, region) VALUES (215, 'null', '2025-06-17 15:01:09.818136', 55, 'T490-ASEW-1GMS-K55M-ZL86-7UNN', 'Global');
INSERT INTO public.product_items (id, account, created_at, product_id, product_key, region) VALUES (216, 'null', '2025-06-17 15:01:09.818136', 57, 'R7F3-II44-J3O5-BOA6-7HHL-BTPY', 'SEA');
INSERT INTO public.product_items (id, account, created_at, product_id, product_key, region) VALUES (217, 'null', '2025-06-17 15:01:09.818136', 57, '96W6-YAG6-9USZ-7QM0-MBGB-6B47', 'SEA');
INSERT INTO public.product_items (id, account, created_at, product_id, product_key, region) VALUES (218, 'null', '2025-06-17 15:01:09.818136', 57, 'MLY2-4O7B-CTBK-BFZ1-HB7P-ZFMC', 'CN');
INSERT INTO public.product_items (id, account, created_at, product_id, product_key, region) VALUES (219, 'null', '2025-06-17 15:01:09.818136', 57, 'IAO6-67SS-3G69-RAVS-7GPD-IHMA', 'NA/US');
INSERT INTO public.product_items (id, account, created_at, product_id, product_key, region) VALUES (220, 'null', '2025-06-17 15:01:09.818136', 57, 'PHE6-SLV0-G5NB-BK3L-81SG-V9OF', 'ROW');
INSERT INTO public.product_items (id, account, created_at, product_id, product_key, region) VALUES (221, 'null', '2025-06-17 15:01:09.818136', 57, 'DB0A-P24W-P61U-57R4-C5RG-FQ4E', 'SEA');
INSERT INTO public.product_items (id, account, created_at, product_id, product_key, region) VALUES (222, 'null', '2025-06-17 15:01:09.818136', 57, 'QCQX-EDD2-NANL-9UKN-MDFZ-LT8A', 'ROW');
INSERT INTO public.product_items (id, account, created_at, product_id, product_key, region) VALUES (223, 'null', '2025-06-17 15:01:09.818136', 58, 'RG8A-36YA-AI65-JO6A-WZS4-0VRT', 'Global');
INSERT INTO public.product_items (id, account, created_at, product_id, product_key, region) VALUES (224, 'null', '2025-06-17 15:01:09.818136', 58, '9H89-WMCH-AYZT-OJ9X-W4G1-UQI7', 'NA/US');
INSERT INTO public.product_items (id, account, created_at, product_id, product_key, region) VALUES (225, 'null', '2025-06-17 15:01:09.818136', 58, 'CGGF-OC24-Y08U-WI18-HO1I-FWYP', 'NA/US');
INSERT INTO public.product_items (id, account, created_at, product_id, product_key, region) VALUES (226, 'null', '2025-06-17 15:01:09.818136', 58, 'C5WI-QMGM-GRXP-61LD-VX74-17X7', 'NA/US');
INSERT INTO public.product_items (id, account, created_at, product_id, product_key, region) VALUES (227, 'null', '2025-06-17 15:01:09.818136', 58, 'VKE9-6L6Q-Y1SC-A3OP-41YX-CP8L', 'Global');
INSERT INTO public.product_items (id, account, created_at, product_id, product_key, region) VALUES (228, 'null', '2025-06-17 15:01:09.818136', 58, 'WIC0-L4XT-183C-YQ4D-EVBU-UJ6Y', 'SEA');
INSERT INTO public.product_items (id, account, created_at, product_id, product_key, region) VALUES (229, 'null', '2025-06-17 15:01:09.818136', 58, '5SIZ-IQUN-E5L6-GJME-PTLE-JT3C', 'CN');
INSERT INTO public.product_items (id, account, created_at, product_id, product_key, region) VALUES (230, 'null', '2025-06-17 15:01:09.818136', 60, 'NV6N-2L87-U7P4-CHFS-MATT-3BE5', 'NA/US');
INSERT INTO public.product_items (id, account, created_at, product_id, product_key, region) VALUES (231, 'null', '2025-06-17 15:01:09.818136', 60, '3OJK-AS4S-UTY2-JJO5-LV0D-1PML', 'Global');
INSERT INTO public.product_items (id, account, created_at, product_id, product_key, region) VALUES (232, 'null', '2025-06-17 15:01:09.818136', 60, '4EIB-GVZH-5G26-3UK3-RDRU-NQVH', 'CN');
INSERT INTO public.product_items (id, account, created_at, product_id, product_key, region) VALUES (233, 'null', '2025-06-17 15:01:09.818136', 60, 'DNAJ-DRDP-BZTK-U41W-9DHY-PHGK', 'ROW');
INSERT INTO public.product_items (id, account, created_at, product_id, product_key, region) VALUES (234, 'null', '2025-06-17 15:01:09.818136', 60, 'U8XT-ZGTT-WLR9-U0ZU-YNKX-IB0X', 'ROW');
INSERT INTO public.product_items (id, account, created_at, product_id, product_key, region) VALUES (235, 'null', '2025-06-17 15:01:09.818136', 60, '809I-JM8L-B70D-Y4ZC-TMTC-F5FP', 'NA/US');
INSERT INTO public.product_items (id, account, created_at, product_id, product_key, region) VALUES (236, 'null', '2025-06-17 15:01:09.818136', 60, 'YGYJ-0QVX-W2WL-87Y6-NL2Q-3EKQ', 'SEA');
INSERT INTO public.product_items (id, account, created_at, product_id, product_key, region) VALUES (237, 'null', '2025-06-17 15:01:09.818136', 62, 'LSZF-UAF6-NCSQ-BK7C-ZEA0-B8U3', 'CN');
INSERT INTO public.product_items (id, account, created_at, product_id, product_key, region) VALUES (238, 'null', '2025-06-17 15:01:09.818136', 62, '92RX-PC98-7Y3A-MCDA-2V0D-CZC1', 'SEA');
INSERT INTO public.product_items (id, account, created_at, product_id, product_key, region) VALUES (239, 'null', '2025-06-17 15:01:09.818136', 62, 'FB5B-OIWK-8XWT-UGP3-P2VZ-49VK', 'Global');
INSERT INTO public.product_items (id, account, created_at, product_id, product_key, region) VALUES (240, 'null', '2025-06-17 15:01:09.818136', 62, '2DZV-15ZE-5ROY-HX8J-CRSX-TRHN', 'CN');
INSERT INTO public.product_items (id, account, created_at, product_id, product_key, region) VALUES (241, 'null', '2025-06-17 15:01:09.818136', 62, 'K9UV-5VLR-N1M8-MTTB-72U9-94SS', 'CN');
INSERT INTO public.product_items (id, account, created_at, product_id, product_key, region) VALUES (242, 'null', '2025-06-17 15:01:09.818136', 62, 'BJ4H-JB5A-PV79-C3K2-TLMW-HIHZ', 'Global');
INSERT INTO public.product_items (id, account, created_at, product_id, product_key, region) VALUES (243, 'null', '2025-06-17 15:01:09.818136', 62, 'TUBD-K20T-5KSQ-T1ML-40AL-0W2K', 'ROW');
INSERT INTO public.product_items (id, account, created_at, product_id, product_key, region) VALUES (244, 'null', '2025-06-17 15:01:09.818136', 63, 'F7AX-7WBQ-Q7MQ-QPU4-YPDX-RJXR', 'ROW');
INSERT INTO public.product_items (id, account, created_at, product_id, product_key, region) VALUES (245, 'null', '2025-06-17 15:01:09.818136', 63, 'ELIE-RSK4-P2F8-QU8H-41HA-3K9I', 'Global');
INSERT INTO public.product_items (id, account, created_at, product_id, product_key, region) VALUES (246, 'null', '2025-06-17 15:01:09.818136', 63, 'N7ET-X0KE-0CLZ-O3GR-CBKM-BZWU', 'Global');
INSERT INTO public.product_items (id, account, created_at, product_id, product_key, region) VALUES (247, 'null', '2025-06-17 15:01:09.818136', 63, 'NPZP-IY1M-5JLE-JNR3-XWNK-D7ZL', 'Global');
INSERT INTO public.product_items (id, account, created_at, product_id, product_key, region) VALUES (248, 'null', '2025-06-17 15:01:09.818136', 63, 'ITW4-FILX-20SY-X7RU-6PH7-DNOX', 'CN');
INSERT INTO public.product_items (id, account, created_at, product_id, product_key, region) VALUES (249, 'null', '2025-06-17 15:01:09.818136', 63, 'QSY9-HW5R-5TO7-ZH3J-FH5L-TYZR', 'SEA');
INSERT INTO public.product_items (id, account, created_at, product_id, product_key, region) VALUES (250, 'null', '2025-06-17 15:01:09.818136', 63, '806B-OH8B-XL1I-GZAI-4GMB-G6G4', 'ROW');
INSERT INTO public.product_items (id, account, created_at, product_id, product_key, region) VALUES (251, 'null', '2025-06-17 15:01:09.818136', 64, 'O2AH-M6O7-E99B-WDED-M7X9-UKN4', 'NA/US');
INSERT INTO public.product_items (id, account, created_at, product_id, product_key, region) VALUES (252, 'null', '2025-06-17 15:01:09.818136', 64, 'BZVO-QEK2-6V3E-9O5O-8DLM-OLPR', 'SEA');
INSERT INTO public.product_items (id, account, created_at, product_id, product_key, region) VALUES (253, 'null', '2025-06-17 15:01:09.818136', 64, 'YRJT-4WJN-7N84-6NFW-UFWV-UJ9J', 'SEA');
INSERT INTO public.product_items (id, account, created_at, product_id, product_key, region) VALUES (254, 'null', '2025-06-17 15:01:09.818136', 64, '4I0G-3XDP-I08I-BOW2-DLUQ-AVKZ', 'ROW');
INSERT INTO public.product_items (id, account, created_at, product_id, product_key, region) VALUES (255, 'null', '2025-06-17 15:01:09.818136', 64, 'V5HG-JCVW-0BUV-TDVR-TUP2-QJ8D', 'NA/US');
INSERT INTO public.product_items (id, account, created_at, product_id, product_key, region) VALUES (256, 'null', '2025-06-17 15:01:09.818136', 64, '5ZME-HOHM-M6CL-7HN9-1UD7-9IAT', 'ROW');
INSERT INTO public.product_items (id, account, created_at, product_id, product_key, region) VALUES (257, 'null', '2025-06-17 15:01:09.818136', 64, 'J2EO-7Q05-N9BM-EZ68-73PL-EBGT', 'Global');
INSERT INTO public.product_items (id, account, created_at, product_id, product_key, region) VALUES (258, 'null', '2025-06-17 15:01:09.818136', 65, '0P8O-UNHB-HWN5-VQ8J-1A6P-FATF', 'Global');
INSERT INTO public.product_items (id, account, created_at, product_id, product_key, region) VALUES (259, 'null', '2025-06-17 15:01:09.818136', 65, 'KP5J-WHH7-QPYX-IWUS-Q3F4-KMA8', 'Global');
INSERT INTO public.product_items (id, account, created_at, product_id, product_key, region) VALUES (260, 'null', '2025-06-17 15:01:09.818136', 65, 'KP57-CNWJ-4NBF-8EVX-WVWK-51IL', 'Global');
INSERT INTO public.product_items (id, account, created_at, product_id, product_key, region) VALUES (261, 'null', '2025-06-17 15:01:09.818136', 65, 'MQQW-DM7O-1PM3-TKZW-Q76T-L5OX', 'SEA');
INSERT INTO public.product_items (id, account, created_at, product_id, product_key, region) VALUES (262, 'null', '2025-06-17 15:01:09.818136', 65, 'VHDN-NSIU-UTBS-ZOCP-YC1E-9E5D', 'Global');
INSERT INTO public.product_items (id, account, created_at, product_id, product_key, region) VALUES (263, 'null', '2025-06-17 15:01:09.818136', 65, '98PO-5ZM5-8JB1-A9Y5-BLIL-S5HT', 'ROW');
INSERT INTO public.product_items (id, account, created_at, product_id, product_key, region) VALUES (264, 'null', '2025-06-17 15:01:09.818136', 65, 'ZWBW-LYB5-KAYT-L2JA-K1KZ-MSEP', 'Global');
INSERT INTO public.product_items (id, account, created_at, product_id, product_key, region) VALUES (265, 'null', '2025-06-17 15:01:09.818136', 66, 'QVHO-1VA4-R8ZT-1DEB-EKGA-QGUU', 'NA/US');
INSERT INTO public.product_items (id, account, created_at, product_id, product_key, region) VALUES (266, 'null', '2025-06-17 15:01:09.818136', 66, '9LMU-PNZS-UA6X-S7VD-PC7N-YXZ1', 'Global');
INSERT INTO public.product_items (id, account, created_at, product_id, product_key, region) VALUES (267, 'null', '2025-06-17 15:01:09.818136', 66, 'BA6Z-AMYG-RJVN-MI21-IUC9-V7QC', 'CN');
INSERT INTO public.product_items (id, account, created_at, product_id, product_key, region) VALUES (268, 'null', '2025-06-17 15:01:09.818136', 66, 'EWAK-P23D-86ZX-0I32-MM0R-EVSE', 'ROW');
INSERT INTO public.product_items (id, account, created_at, product_id, product_key, region) VALUES (269, 'null', '2025-06-17 15:01:09.818136', 66, 'BK8G-QY5K-I77P-34NN-QKE2-NVA7', 'NA/US');
INSERT INTO public.product_items (id, account, created_at, product_id, product_key, region) VALUES (270, 'null', '2025-06-17 15:01:09.818136', 66, 'GYEB-Q8YX-A9UF-RKPY-5OGA-8I54', 'ROW');
INSERT INTO public.product_items (id, account, created_at, product_id, product_key, region) VALUES (271, 'null', '2025-06-17 15:01:09.818136', 66, 'MRKK-SIU1-7IBD-KTKM-7NTC-I96T', 'ROW');
INSERT INTO public.product_items (id, account, created_at, product_id, product_key, region) VALUES (272, 'null', '2025-06-17 15:01:09.818136', 67, 'K7AU-MG90-FH03-4832-T2TF-ND8X', 'ROW');
INSERT INTO public.product_items (id, account, created_at, product_id, product_key, region) VALUES (273, 'null', '2025-06-17 15:01:09.818136', 67, 'OPLU-9VKY-Y41I-KL15-IB7L-R3B7', 'ROW');
INSERT INTO public.product_items (id, account, created_at, product_id, product_key, region) VALUES (274, 'null', '2025-06-17 15:01:09.818136', 67, '9PIC-44HX-R71S-3HYT-7QS0-YKIF', 'NA/US');
INSERT INTO public.product_items (id, account, created_at, product_id, product_key, region) VALUES (275, 'null', '2025-06-17 15:01:09.818136', 67, 'IARA-WRTV-G56P-9MTT-SUSM-Z0JI', 'Global');
INSERT INTO public.product_items (id, account, created_at, product_id, product_key, region) VALUES (276, 'null', '2025-06-17 15:01:09.818136', 67, '968O-XCLB-3B8J-IEMF-Y2FP-UHNC', 'Global');
INSERT INTO public.product_items (id, account, created_at, product_id, product_key, region) VALUES (277, 'null', '2025-06-17 15:01:09.818136', 67, '0LLY-OM56-X9WK-677Y-PXUH-SI6J', 'SEA');
INSERT INTO public.product_items (id, account, created_at, product_id, product_key, region) VALUES (278, 'null', '2025-06-17 15:01:09.818136', 67, 'SZXR-B6PA-S6ST-MIW8-5GFU-IUUN', 'CN');
INSERT INTO public.product_items (id, account, created_at, product_id, product_key, region) VALUES (279, 'null', '2025-06-17 15:01:09.818136', 68, 'TAY6-KCTW-052L-2RI4-1BHU-OVSC', 'SEA');
INSERT INTO public.product_items (id, account, created_at, product_id, product_key, region) VALUES (280, 'null', '2025-06-17 15:01:09.818136', 68, 'R9SJ-LLI2-VYOA-5Y80-G99B-J4E7', 'Global');
INSERT INTO public.product_items (id, account, created_at, product_id, product_key, region) VALUES (281, 'null', '2025-06-17 15:01:09.818136', 68, 'F527-GCAQ-UHSK-8T5K-P77V-PSW3', 'Global');
INSERT INTO public.product_items (id, account, created_at, product_id, product_key, region) VALUES (282, 'null', '2025-06-17 15:01:09.818136', 68, 'UOZE-3O9A-3IWP-MCFL-NTWA-DS1N', 'SEA');
INSERT INTO public.product_items (id, account, created_at, product_id, product_key, region) VALUES (283, 'null', '2025-06-17 15:01:09.818136', 68, 'A4QL-17S6-UV33-XRW3-T4DH-W0CP', 'ROW');
INSERT INTO public.product_items (id, account, created_at, product_id, product_key, region) VALUES (284, 'null', '2025-06-17 15:01:09.818136', 68, 'JC3W-QQT8-CZB8-ZAC6-0Y2S-3W3T', 'SEA');
INSERT INTO public.product_items (id, account, created_at, product_id, product_key, region) VALUES (285, 'null', '2025-06-17 15:01:09.818136', 68, '0193-3COF-SDFO-YKC8-JYGR-P10P', 'CN');
INSERT INTO public.product_items (id, account, created_at, product_id, product_key, region) VALUES (286, 'null', '2025-06-17 15:01:09.818136', 69, 'TTNQ-A0V2-8AKE-A8XT-40P5-01YM', 'CN');
INSERT INTO public.product_items (id, account, created_at, product_id, product_key, region) VALUES (287, 'null', '2025-06-17 15:01:09.818136', 69, 'H8DF-IPL6-QU17-W0L5-PUO3-PQ2Q', 'SEA');
INSERT INTO public.product_items (id, account, created_at, product_id, product_key, region) VALUES (288, 'null', '2025-06-17 15:01:09.818136', 69, 'CM50-LX8H-WF4Z-VLNO-UNW4-EYR0', 'SEA');
INSERT INTO public.product_items (id, account, created_at, product_id, product_key, region) VALUES (289, 'null', '2025-06-17 15:01:09.818136', 69, 'M6W5-CC4I-7Q46-B4ZP-R1A8-AZNA', 'ROW');
INSERT INTO public.product_items (id, account, created_at, product_id, product_key, region) VALUES (290, 'null', '2025-06-17 15:01:09.818136', 69, 'GSS6-B9SA-M950-IAVO-9MU5-W7J2', 'NA/US');
INSERT INTO public.product_items (id, account, created_at, product_id, product_key, region) VALUES (291, 'null', '2025-06-17 15:01:09.818136', 69, 'WUMS-S6TQ-WT43-4TXG-EMDI-FHYS', 'Global');
INSERT INTO public.product_items (id, account, created_at, product_id, product_key, region) VALUES (292, 'null', '2025-06-17 15:01:09.818136', 69, 'MVZH-E26F-K7CL-622E-NAG1-840J', 'CN');
INSERT INTO public.product_items (id, account, created_at, product_id, product_key, region) VALUES (293, 'null', '2025-06-17 15:01:09.818136', 72, 'LE00-ZMJ3-R9MH-PRTX-39Z1-CRNM', 'ROW');
INSERT INTO public.product_items (id, account, created_at, product_id, product_key, region) VALUES (294, 'null', '2025-06-17 15:01:09.818136', 72, 'FQJ9-EP72-UWSE-CJC2-4598-0A2R', 'ROW');
INSERT INTO public.product_items (id, account, created_at, product_id, product_key, region) VALUES (295, 'null', '2025-06-17 15:01:09.818136', 72, 'S67L-KVKX-55KJ-JIVT-3EJQ-2FJ6', 'ROW');
INSERT INTO public.product_items (id, account, created_at, product_id, product_key, region) VALUES (296, 'null', '2025-06-17 15:01:09.818136', 72, '9KVX-MIJ0-SVIM-MXC3-79W0-HGJG', 'ROW');
INSERT INTO public.product_items (id, account, created_at, product_id, product_key, region) VALUES (297, 'null', '2025-06-17 15:01:09.818136', 72, '4K8I-LXGW-WXCM-15GZ-7OXL-4TJ8', 'NA/US');
INSERT INTO public.product_items (id, account, created_at, product_id, product_key, region) VALUES (298, 'null', '2025-06-17 15:01:09.818136', 72, '2FMQ-935M-FBN1-7NAZ-BAQ3-IG7F', 'SEA');
INSERT INTO public.product_items (id, account, created_at, product_id, product_key, region) VALUES (299, 'null', '2025-06-17 15:01:09.818136', 72, '8AC0-ILSY-5ZFS-MNH1-CSUT-NWSJ', 'ROW');
INSERT INTO public.product_items (id, account, created_at, product_id, product_key, region) VALUES (300, 'null', '2025-06-17 15:01:09.818136', 70, '8A9W-272J-WZ3N-AQTP-HSGN-ROEZ', 'SEA');
INSERT INTO public.product_items (id, account, created_at, product_id, product_key, region) VALUES (301, 'null', '2025-06-17 15:01:09.818136', 70, '4KJ8-VEJ6-VGXZ-8NPC-EOL2-OL98', 'NA/US');
INSERT INTO public.product_items (id, account, created_at, product_id, product_key, region) VALUES (302, 'null', '2025-06-17 15:01:09.818136', 70, 'TPMS-FT3H-LUQR-D2Y9-Z8ZV-8CW0', 'Global');
INSERT INTO public.product_items (id, account, created_at, product_id, product_key, region) VALUES (303, 'null', '2025-06-17 15:01:09.818136', 70, '23H0-KTTG-54AY-56HC-DVRY-866Q', 'CN');
INSERT INTO public.product_items (id, account, created_at, product_id, product_key, region) VALUES (304, 'null', '2025-06-17 15:01:09.818136', 70, 'VVDN-NCFN-XQAS-9IJY-KXNG-V35V', 'Global');
INSERT INTO public.product_items (id, account, created_at, product_id, product_key, region) VALUES (305, 'null', '2025-06-17 15:01:09.818136', 70, 'AB19-OOIN-84JI-OIFN-ASHY-LVWE', 'ROW');
INSERT INTO public.product_items (id, account, created_at, product_id, product_key, region) VALUES (306, 'null', '2025-06-17 15:01:09.818136', 70, 'JLWR-NG9K-IE7E-QFFU-I41X-MPFW', 'NA/US');
INSERT INTO public.product_items (id, account, created_at, product_id, product_key, region) VALUES (307, 'null', '2025-06-17 15:01:09.818136', 71, '4WY8-BK4X-BPE5-UW4T-O5B5-4NNI', 'SEA');
INSERT INTO public.product_items (id, account, created_at, product_id, product_key, region) VALUES (308, 'null', '2025-06-17 15:01:09.818136', 71, 'DP3G-XKZ9-BWR8-CUZZ-F87I-HD30', 'SEA');
INSERT INTO public.product_items (id, account, created_at, product_id, product_key, region) VALUES (309, 'null', '2025-06-17 15:01:09.818136', 71, 'PORP-CWGH-LJCS-HOZD-NTOO-0ZPU', 'ROW');
INSERT INTO public.product_items (id, account, created_at, product_id, product_key, region) VALUES (310, 'null', '2025-06-17 15:01:09.818136', 71, 'B06O-TGI9-FCY6-PZ6R-26K5-KIIH', 'ROW');
INSERT INTO public.product_items (id, account, created_at, product_id, product_key, region) VALUES (311, 'null', '2025-06-17 15:01:09.818136', 71, '0TYK-RJ1N-OAKM-JO4E-FMGI-PCDL', 'Global');
INSERT INTO public.product_items (id, account, created_at, product_id, product_key, region) VALUES (312, 'null', '2025-06-17 15:01:09.818136', 71, 'MWUO-18G3-AK7V-Z93F-CR1C-SSQH', 'SEA');
INSERT INTO public.product_items (id, account, created_at, product_id, product_key, region) VALUES (313, 'null', '2025-06-17 15:01:09.818136', 71, 'QR1S-DB2R-JY4J-7T8S-A1GV-YWRK', 'ROW');
INSERT INTO public.product_items (id, account, created_at, product_id, product_key, region) VALUES (314, 'null', '2025-06-17 15:01:09.818136', 73, 'ZVQH-D67R-1TN5-ERRE-3O3E-T3FG', 'CN');
INSERT INTO public.product_items (id, account, created_at, product_id, product_key, region) VALUES (315, 'null', '2025-06-17 15:01:09.818136', 73, 'WC0J-WKHY-5TWU-IK4A-FWNB-ZJ5O', 'NA/US');
INSERT INTO public.product_items (id, account, created_at, product_id, product_key, region) VALUES (316, 'null', '2025-06-17 15:01:09.818136', 73, 'Z595-50VN-DEV3-UB4K-0Q5A-1SN3', 'Global');
INSERT INTO public.product_items (id, account, created_at, product_id, product_key, region) VALUES (317, 'null', '2025-06-17 15:01:09.818136', 73, 'V50P-CGN0-YV2M-5QW6-F3T0-EHI7', 'CN');
INSERT INTO public.product_items (id, account, created_at, product_id, product_key, region) VALUES (318, 'null', '2025-06-17 15:01:09.818136', 73, 'PSKJ-2DVK-6TLL-QBF0-CKA9-M8YA', 'ROW');
INSERT INTO public.product_items (id, account, created_at, product_id, product_key, region) VALUES (319, 'null', '2025-06-17 15:01:09.818136', 73, 'BY2L-VFBX-S42Y-L0GI-1TZ6-JF72', 'CN');
INSERT INTO public.product_items (id, account, created_at, product_id, product_key, region) VALUES (320, 'null', '2025-06-17 15:01:09.818136', 73, 'P9LP-Y7QT-BVLL-XAZU-17Z2-AEF5', 'Global');
INSERT INTO public.product_items (id, account, created_at, product_id, product_key, region) VALUES (321, 'null', '2025-06-17 15:01:09.818136', 74, 'F4SD-4QZE-TC2N-RRGD-GOQH-0Y8Q', 'SEA');
INSERT INTO public.product_items (id, account, created_at, product_id, product_key, region) VALUES (322, 'null', '2025-06-17 15:01:09.818136', 74, 'K9JS-B1B5-J9KW-JJMG-GR82-XGHW', 'Global');
INSERT INTO public.product_items (id, account, created_at, product_id, product_key, region) VALUES (323, 'null', '2025-06-17 15:01:09.818136', 74, 'KG4A-VQUQ-VXGP-YLV0-KQTM-XHWO', 'CN');
INSERT INTO public.product_items (id, account, created_at, product_id, product_key, region) VALUES (324, 'null', '2025-06-17 15:01:09.818136', 74, 'GZIR-KCV5-VGB9-JKTK-L5LR-TQ1E', 'ROW');
INSERT INTO public.product_items (id, account, created_at, product_id, product_key, region) VALUES (325, 'null', '2025-06-17 15:01:09.818136', 74, 'J13V-I0IP-SDNC-YIC8-QXU8-XDAS', 'CN');
INSERT INTO public.product_items (id, account, created_at, product_id, product_key, region) VALUES (326, 'null', '2025-06-17 15:01:09.818136', 74, 'UN7I-S6JO-LM90-PT7Z-XE9Z-Q6XL', 'SEA');
INSERT INTO public.product_items (id, account, created_at, product_id, product_key, region) VALUES (327, 'null', '2025-06-17 15:01:09.818136', 74, 'JZC2-W7JO-NIAY-GYVM-85HA-UZ5G', 'SEA');
INSERT INTO public.product_items (id, account, created_at, product_id, product_key, region) VALUES (328, 'null', '2025-06-17 15:01:09.818136', 75, '4QSI-5KNX-D97N-BZ8R-JOC1-2S84', 'Global');
INSERT INTO public.product_items (id, account, created_at, product_id, product_key, region) VALUES (329, 'null', '2025-06-17 15:01:09.818136', 75, 'FF8X-4AQT-QOEG-14VA-Q29X-UQ1J', 'NA/US');
INSERT INTO public.product_items (id, account, created_at, product_id, product_key, region) VALUES (330, 'null', '2025-06-17 15:01:09.818136', 75, 'UX5X-NRID-JG65-WPAK-GT1H-MRP9', 'ROW');
INSERT INTO public.product_items (id, account, created_at, product_id, product_key, region) VALUES (331, 'null', '2025-06-17 15:01:09.818136', 75, '1R88-IX5E-XPW1-JOYQ-335P-RN96', 'Global');
INSERT INTO public.product_items (id, account, created_at, product_id, product_key, region) VALUES (332, 'null', '2025-06-17 15:01:09.818136', 75, 'PFSM-MS2J-JCI9-9NHM-KGRT-OBMA', 'ROW');
INSERT INTO public.product_items (id, account, created_at, product_id, product_key, region) VALUES (333, 'null', '2025-06-17 15:01:09.818136', 75, 'JUB2-D6I0-HI5T-HLQU-5CI7-EIGG', 'Global');
INSERT INTO public.product_items (id, account, created_at, product_id, product_key, region) VALUES (334, 'null', '2025-06-17 15:01:09.818136', 75, 'VB8L-1YZK-YZ0G-JJUB-8235-RFEV', 'ROW');
INSERT INTO public.product_items (id, account, created_at, product_id, product_key, region) VALUES (335, 'null', '2025-06-17 15:01:09.818136', 76, '1NVK-NN8H-XD4U-BFWL-QQYI-U5EG', 'SEA');
INSERT INTO public.product_items (id, account, created_at, product_id, product_key, region) VALUES (336, 'null', '2025-06-17 15:01:09.818136', 76, 'LCQY-1RZC-A8FE-EKUU-2AE5-P27W', 'SEA');
INSERT INTO public.product_items (id, account, created_at, product_id, product_key, region) VALUES (337, 'null', '2025-06-17 15:01:09.818136', 76, 'EFN1-NG6H-KK7J-JJGJ-JV7S-KJ99', 'ROW');
INSERT INTO public.product_items (id, account, created_at, product_id, product_key, region) VALUES (338, 'null', '2025-06-17 15:01:09.818136', 76, 'HH3O-YFRZ-76QI-503E-BV6I-VCTZ', 'SEA');
INSERT INTO public.product_items (id, account, created_at, product_id, product_key, region) VALUES (339, 'null', '2025-06-17 15:01:09.818136', 76, '3PCU-DC9H-63T1-RUYL-OR5E-A52Y', 'ROW');
INSERT INTO public.product_items (id, account, created_at, product_id, product_key, region) VALUES (340, 'null', '2025-06-17 15:01:09.818136', 76, 'ES7V-NLP0-XXTF-BXDA-ZK6K-8SNK', 'NA/US');
INSERT INTO public.product_items (id, account, created_at, product_id, product_key, region) VALUES (341, 'null', '2025-06-17 15:01:09.818136', 76, 'VG0A-OULB-XBZO-PJVI-MK5A-PC0E', 'ROW');
INSERT INTO public.product_items (id, account, created_at, product_id, product_key, region) VALUES (342, 'null', '2025-06-17 15:01:09.818136', 77, 'L1OX-IY7V-9Y03-2M63-HLSL-YYMK', 'SEA');
INSERT INTO public.product_items (id, account, created_at, product_id, product_key, region) VALUES (343, 'null', '2025-06-17 15:01:09.818136', 77, 'SZBX-J01Y-JMW3-MQNO-778P-7JGU', 'NA/US');
INSERT INTO public.product_items (id, account, created_at, product_id, product_key, region) VALUES (344, 'null', '2025-06-17 15:01:09.818136', 77, 'LVTK-FZGB-4J7W-PYCB-2AQ8-HDOD', 'SEA');
INSERT INTO public.product_items (id, account, created_at, product_id, product_key, region) VALUES (345, 'null', '2025-06-17 15:01:09.818136', 77, 'A7UG-OW77-O9CQ-5O9J-HH1W-GJIR', 'SEA');
INSERT INTO public.product_items (id, account, created_at, product_id, product_key, region) VALUES (346, 'null', '2025-06-17 15:01:09.818136', 77, 'T0G0-6X9D-W1IW-N1WA-BMHZ-V872', 'Global');
INSERT INTO public.product_items (id, account, created_at, product_id, product_key, region) VALUES (347, 'null', '2025-06-17 15:01:09.818136', 77, 'HNGG-MD7N-BSKH-1XI6-HBEJ-Q7L2', 'SEA');
INSERT INTO public.product_items (id, account, created_at, product_id, product_key, region) VALUES (348, 'null', '2025-06-17 15:01:09.818136', 77, 'R2V9-5PJ5-RA0W-PMPZ-8M7A-WJ89', 'CN');
INSERT INTO public.product_items (id, account, created_at, product_id, product_key, region) VALUES (349, 'null', '2025-06-17 15:01:09.818136', 78, '701G-YYQR-356T-3NEE-AKYX-03J0', 'CN');
INSERT INTO public.product_items (id, account, created_at, product_id, product_key, region) VALUES (350, 'null', '2025-06-17 15:01:09.818136', 78, '4MJU-I8MW-81NR-CQ93-DDU4-JFW9', 'NA/US');
INSERT INTO public.product_items (id, account, created_at, product_id, product_key, region) VALUES (351, 'null', '2025-06-17 15:01:09.818136', 78, '4FBQ-L5XT-5BNQ-O6HS-DKGI-IU4L', 'NA/US');
INSERT INTO public.product_items (id, account, created_at, product_id, product_key, region) VALUES (352, 'null', '2025-06-17 15:01:09.818136', 78, '6P81-HC1V-JNC3-BZL9-T7OF-FKJK', 'CN');
INSERT INTO public.product_items (id, account, created_at, product_id, product_key, region) VALUES (353, 'null', '2025-06-17 15:01:09.818136', 78, '7AZ1-BVUN-POBX-ULDU-DNW6-2VGC', 'NA/US');
INSERT INTO public.product_items (id, account, created_at, product_id, product_key, region) VALUES (354, 'null', '2025-06-17 15:01:09.818136', 78, 'UAVL-5QXN-W9HT-B07N-PWW2-FLEQ', 'SEA');
INSERT INTO public.product_items (id, account, created_at, product_id, product_key, region) VALUES (355, 'null', '2025-06-17 15:01:09.818136', 78, '906F-23KU-ICQ6-Z3ZQ-IMOC-TPEU', 'SEA');
INSERT INTO public.product_items (id, account, created_at, product_id, product_key, region) VALUES (356, 'null', '2025-06-17 15:01:09.818136', 79, 'YDCF-UKDS-NHGK-76OW-Y9P6-IBDL', 'SEA');
INSERT INTO public.product_items (id, account, created_at, product_id, product_key, region) VALUES (357, 'null', '2025-06-17 15:01:09.818136', 79, 'M9KD-JAVV-6R3I-E3F3-41ZU-J5FB', 'CN');
INSERT INTO public.product_items (id, account, created_at, product_id, product_key, region) VALUES (358, 'null', '2025-06-17 15:01:09.818136', 79, '5T4C-T0W3-KMUD-L2O7-ZSHI-4UFW', 'Global');
INSERT INTO public.product_items (id, account, created_at, product_id, product_key, region) VALUES (359, 'null', '2025-06-17 15:01:09.818136', 79, '9ZPE-7F7G-9VF6-0LJV-SY8G-2OOI', 'NA/US');
INSERT INTO public.product_items (id, account, created_at, product_id, product_key, region) VALUES (360, 'null', '2025-06-17 15:01:09.818136', 79, 'MR5D-7EI3-6X74-23XU-F1NA-QADL', 'SEA');
INSERT INTO public.product_items (id, account, created_at, product_id, product_key, region) VALUES (361, 'null', '2025-06-17 15:01:09.818136', 79, 'RZPH-19P4-Z0SC-5YAV-P5VL-NIM4', 'CN');
INSERT INTO public.product_items (id, account, created_at, product_id, product_key, region) VALUES (362, 'null', '2025-06-17 15:01:09.818136', 79, 'IH8M-P22J-7NBM-5W0W-REH4-TKHM', 'ROW');
INSERT INTO public.product_items (id, account, created_at, product_id, product_key, region) VALUES (363, 'null', '2025-06-17 15:01:09.818136', 80, 'PASK-LFKG-36EA-LOAQ-0Z8O-87JN', 'NA/US');
INSERT INTO public.product_items (id, account, created_at, product_id, product_key, region) VALUES (364, 'null', '2025-06-17 15:01:09.818136', 80, 'ZKE6-1240-WH87-H6AF-O3OZ-D35K', 'NA/US');
INSERT INTO public.product_items (id, account, created_at, product_id, product_key, region) VALUES (365, 'null', '2025-06-17 15:01:09.818136', 80, '0JZA-A70B-T19R-4K1D-0LF8-ABAZ', 'SEA');
INSERT INTO public.product_items (id, account, created_at, product_id, product_key, region) VALUES (366, 'null', '2025-06-17 15:01:09.818136', 80, 'DSMJ-4QR1-YG2W-VT07-H65O-UMG9', 'ROW');
INSERT INTO public.product_items (id, account, created_at, product_id, product_key, region) VALUES (367, 'null', '2025-06-17 15:01:09.818136', 80, 'WXB8-U7U3-QLPY-EW6L-OPAW-1IC6', 'Global');
INSERT INTO public.product_items (id, account, created_at, product_id, product_key, region) VALUES (368, 'null', '2025-06-17 15:01:09.818136', 80, 'RPR0-IWA0-LJQ0-9T1X-J7ZA-UTSB', 'CN');
INSERT INTO public.product_items (id, account, created_at, product_id, product_key, region) VALUES (369, 'null', '2025-06-17 15:01:09.818136', 80, '18I8-YUWZ-32NH-NUIH-FFW2-NNQG', 'SEA');
INSERT INTO public.product_items (id, account, created_at, product_id, product_key, region) VALUES (370, 'null', '2025-06-17 15:01:09.818136', 81, 'KJND-9LDY-MAKZ-7MZM-HF9L-ZAX1', 'CN');
INSERT INTO public.product_items (id, account, created_at, product_id, product_key, region) VALUES (371, 'null', '2025-06-17 15:01:09.818136', 81, '0PUG-90VE-J9P6-L5NX-PMC9-FQZM', 'ROW');
INSERT INTO public.product_items (id, account, created_at, product_id, product_key, region) VALUES (372, 'null', '2025-06-17 15:01:09.818136', 81, 'W1KQ-PR85-JRKR-64BE-VVOZ-EV32', 'SEA');
INSERT INTO public.product_items (id, account, created_at, product_id, product_key, region) VALUES (373, 'null', '2025-06-17 15:01:09.818136', 81, 'M21B-WYTH-A8O5-COVC-QDOX-CF1N', 'ROW');
INSERT INTO public.product_items (id, account, created_at, product_id, product_key, region) VALUES (374, 'null', '2025-06-17 15:01:09.818136', 81, '9SX3-OY6P-280K-9OVI-NEI2-ESO9', 'CN');
INSERT INTO public.product_items (id, account, created_at, product_id, product_key, region) VALUES (375, 'null', '2025-06-17 15:01:09.818136', 81, 'Q7OG-8P3B-I0J4-KR27-AKID-3NCL', 'SEA');
INSERT INTO public.product_items (id, account, created_at, product_id, product_key, region) VALUES (376, 'null', '2025-06-17 15:01:09.818136', 81, '2A9E-3GJW-1M2I-DB0H-4E0G-3TZB', 'CN');
INSERT INTO public.product_items (id, account, created_at, product_id, product_key, region) VALUES (377, 'null', '2025-06-17 15:01:09.818136', 82, 'IHG0-HEDI-5P55-4OR8-RY0E-5MZB', 'CN');
INSERT INTO public.product_items (id, account, created_at, product_id, product_key, region) VALUES (378, 'null', '2025-06-17 15:01:09.818136', 82, 'TTDN-ZL83-JNVF-662Z-M6XD-KW57', 'NA/US');
INSERT INTO public.product_items (id, account, created_at, product_id, product_key, region) VALUES (379, 'null', '2025-06-17 15:01:09.818136', 82, '6Z48-S8Z1-JE7U-475A-NSNL-AT88', 'CN');
INSERT INTO public.product_items (id, account, created_at, product_id, product_key, region) VALUES (380, 'null', '2025-06-17 15:01:09.818136', 82, 'S7NQ-M64W-OGTD-QG4O-WMX2-3PDE', 'SEA');
INSERT INTO public.product_items (id, account, created_at, product_id, product_key, region) VALUES (381, 'null', '2025-06-17 15:01:09.818136', 82, 'KEXA-OHWS-EZN0-2O1L-TUAB-7PEH', 'CN');
INSERT INTO public.product_items (id, account, created_at, product_id, product_key, region) VALUES (382, 'null', '2025-06-17 15:01:09.818136', 82, 'KNUA-NEC4-15SC-TM94-JTO5-FSL9', 'SEA');
INSERT INTO public.product_items (id, account, created_at, product_id, product_key, region) VALUES (383, 'null', '2025-06-17 15:01:09.818136', 82, 'OFGZ-HZ6Y-J4H8-MPA4-UBOY-IRFD', 'Global');
INSERT INTO public.product_items (id, account, created_at, product_id, product_key, region) VALUES (384, 'null', '2025-06-17 15:01:09.818136', 83, 'UT50-QRBP-BYL9-QTAR-TT82-IL06', 'ROW');
INSERT INTO public.product_items (id, account, created_at, product_id, product_key, region) VALUES (385, 'null', '2025-06-17 15:01:09.818136', 83, 'WLJT-9GOW-28E5-85QT-705W-MK5G', 'CN');
INSERT INTO public.product_items (id, account, created_at, product_id, product_key, region) VALUES (386, 'null', '2025-06-17 15:01:09.818136', 83, 'JSQE-KDJP-MFP5-CONS-KAK4-JI1D', 'NA/US');
INSERT INTO public.product_items (id, account, created_at, product_id, product_key, region) VALUES (387, 'null', '2025-06-17 15:01:09.818136', 83, '8YVK-L8E1-FREC-7TH2-80MT-NWFB', 'Global');
INSERT INTO public.product_items (id, account, created_at, product_id, product_key, region) VALUES (388, 'null', '2025-06-17 15:01:09.818136', 83, '22YQ-F3MY-D3OH-FBY9-YDNX-D1P2', 'ROW');
INSERT INTO public.product_items (id, account, created_at, product_id, product_key, region) VALUES (389, 'null', '2025-06-17 15:01:09.818136', 83, 'LTDX-C10W-PKTH-Y2UG-GWD4-ZUIE', 'Global');
INSERT INTO public.product_items (id, account, created_at, product_id, product_key, region) VALUES (390, 'null', '2025-06-17 15:01:09.818136', 83, '6T0F-RT2G-GDB2-1DC6-70KI-8QW2', 'NA/US');
INSERT INTO public.product_items (id, account, created_at, product_id, product_key, region) VALUES (391, 'null', '2025-06-17 15:01:09.818136', 84, 'R1NL-T53L-PL4B-B56B-LSS4-H3XA', 'NA/US');
INSERT INTO public.product_items (id, account, created_at, product_id, product_key, region) VALUES (392, 'null', '2025-06-17 15:01:09.818136', 84, 'AMZ1-1GA0-XTWP-9OFY-77P1-GMYR', 'CN');
INSERT INTO public.product_items (id, account, created_at, product_id, product_key, region) VALUES (393, 'null', '2025-06-17 15:01:09.818136', 84, 'G6V5-AJ03-C6EQ-1EDZ-DIB5-HQMA', 'CN');
INSERT INTO public.product_items (id, account, created_at, product_id, product_key, region) VALUES (394, 'null', '2025-06-17 15:01:09.818136', 84, '9QSK-CDO4-5JRL-VWLA-VJP0-HQ01', 'SEA');
INSERT INTO public.product_items (id, account, created_at, product_id, product_key, region) VALUES (395, 'null', '2025-06-17 15:01:09.818136', 84, '1P2C-0UVD-7YML-NGLE-5D1G-0IDR', 'SEA');
INSERT INTO public.product_items (id, account, created_at, product_id, product_key, region) VALUES (396, 'null', '2025-06-17 15:01:09.818136', 84, 'OBB2-7ZG3-1DQV-NC8H-63LC-DDDJ', 'ROW');
INSERT INTO public.product_items (id, account, created_at, product_id, product_key, region) VALUES (397, 'null', '2025-06-17 15:01:09.818136', 84, '2PX5-Y5N5-LX73-7FXC-5NZD-VVRM', 'NA/US');
INSERT INTO public.product_items (id, account, created_at, product_id, product_key, region) VALUES (398, 'null', '2025-06-17 15:01:09.818136', 85, '5R06-8U44-TOTD-LKY6-3D6J-GYQB', 'SEA');
INSERT INTO public.product_items (id, account, created_at, product_id, product_key, region) VALUES (399, 'null', '2025-06-17 15:01:09.818136', 85, 'V583-H4N9-JOBZ-02RP-M1SY-6K67', 'CN');
INSERT INTO public.product_items (id, account, created_at, product_id, product_key, region) VALUES (400, 'null', '2025-06-17 15:01:09.818136', 85, '8839-LVY5-SCU6-JT7G-08YV-IT0Y', 'Global');
INSERT INTO public.product_items (id, account, created_at, product_id, product_key, region) VALUES (401, 'null', '2025-06-17 15:01:09.818136', 85, 'YYS4-VHIY-VRJ7-DPRF-CUGT-BW29', 'NA/US');
INSERT INTO public.product_items (id, account, created_at, product_id, product_key, region) VALUES (402, 'null', '2025-06-17 15:01:09.818136', 85, 'TGOX-8AHN-IX1L-M54P-7ULE-OCJ6', 'NA/US');
INSERT INTO public.product_items (id, account, created_at, product_id, product_key, region) VALUES (403, 'null', '2025-06-17 15:01:09.818136', 85, '185G-Q3Y1-RDV4-Q9EX-F351-96YV', 'NA/US');
INSERT INTO public.product_items (id, account, created_at, product_id, product_key, region) VALUES (404, 'null', '2025-06-17 15:01:09.818136', 85, 'JQGF-AQUU-GCJE-3GAZ-V01B-NMJK', 'ROW');
INSERT INTO public.product_items (id, account, created_at, product_id, product_key, region) VALUES (405, 'null', '2025-06-17 15:01:09.818136', 86, 'Z2AI-AEH5-D3F8-F27G-BBZ2-NLCB', 'Global');
INSERT INTO public.product_items (id, account, created_at, product_id, product_key, region) VALUES (406, 'null', '2025-06-17 15:01:09.818136', 86, 'V2QC-B0JR-WT62-OYO1-EM3Y-S32D', 'CN');
INSERT INTO public.product_items (id, account, created_at, product_id, product_key, region) VALUES (407, 'null', '2025-06-17 15:01:09.818136', 86, '2JAM-I7DC-UA2N-EVTX-MSI6-FE1Q', 'CN');
INSERT INTO public.product_items (id, account, created_at, product_id, product_key, region) VALUES (408, 'null', '2025-06-17 15:01:09.818136', 86, 'GF6S-27O9-WHWJ-XFUQ-0V3A-HAH0', 'Global');
INSERT INTO public.product_items (id, account, created_at, product_id, product_key, region) VALUES (409, 'null', '2025-06-17 15:01:09.818136', 86, '02OJ-IFN8-RWLW-SQZQ-2E8J-1693', 'SEA');
INSERT INTO public.product_items (id, account, created_at, product_id, product_key, region) VALUES (410, 'null', '2025-06-17 15:01:09.818136', 86, 'FRA9-3XFJ-QHUD-9PS2-BQE7-MS7S', 'NA/US');
INSERT INTO public.product_items (id, account, created_at, product_id, product_key, region) VALUES (411, 'null', '2025-06-17 15:01:09.818136', 86, 'HY52-RCYT-3JQF-NUV6-G743-G99X', 'NA/US');
INSERT INTO public.product_items (id, account, created_at, product_id, product_key, region) VALUES (412, 'null', '2025-06-17 15:01:09.818136', 87, 'XS2B-ZWMO-ALQ9-JIAC-6EI0-C9FN', 'SEA');
INSERT INTO public.product_items (id, account, created_at, product_id, product_key, region) VALUES (413, 'null', '2025-06-17 15:01:09.818136', 87, 'KZQ6-ZQIA-1ACK-2AOZ-E8LF-XOZG', 'CN');
INSERT INTO public.product_items (id, account, created_at, product_id, product_key, region) VALUES (414, 'null', '2025-06-17 15:01:09.818136', 87, 'D2N0-KK1G-46JN-W3J5-70BX-N1F0', 'NA/US');
INSERT INTO public.product_items (id, account, created_at, product_id, product_key, region) VALUES (415, 'null', '2025-06-17 15:01:09.818136', 87, '7RUX-534C-6883-VZE1-RXW5-YVKJ', 'Global');
INSERT INTO public.product_items (id, account, created_at, product_id, product_key, region) VALUES (416, 'null', '2025-06-17 15:01:09.818136', 87, 'UJKF-P5Y6-TESB-Y9BH-5SO2-3F2S', 'ROW');
INSERT INTO public.product_items (id, account, created_at, product_id, product_key, region) VALUES (417, 'null', '2025-06-17 15:01:09.818136', 87, 'L7OK-GGWZ-ZZD9-OQ2I-GQMO-7I2D', 'Global');
INSERT INTO public.product_items (id, account, created_at, product_id, product_key, region) VALUES (418, 'null', '2025-06-17 15:01:09.818136', 87, 'ACDU-N4RV-CTSY-7Y26-GDTV-45RV', 'Global');
INSERT INTO public.product_items (id, account, created_at, product_id, product_key, region) VALUES (419, 'null', '2025-06-17 15:01:09.818136', 120, 'DDR3-GMR3-FO9L-UI5Z-TNOA-V7MS', 'ROW');
INSERT INTO public.product_items (id, account, created_at, product_id, product_key, region) VALUES (420, 'null', '2025-06-17 15:01:09.818136', 120, 'S5UX-JL7Q-4E6X-MH0Y-SUWF-ZQHQ', 'Global');
INSERT INTO public.product_items (id, account, created_at, product_id, product_key, region) VALUES (421, 'null', '2025-06-17 15:01:09.818136', 120, 'S7RE-AM9W-JG5P-X3F6-CWEL-912N', 'SEA');
INSERT INTO public.product_items (id, account, created_at, product_id, product_key, region) VALUES (422, 'null', '2025-06-17 15:01:09.818136', 120, 'Y3EY-EPFB-V8HG-XD4B-5MTU-IGP4', 'ROW');
INSERT INTO public.product_items (id, account, created_at, product_id, product_key, region) VALUES (423, 'null', '2025-06-17 15:01:09.818136', 120, 'NA0X-CO1J-Q48G-C21G-TA4R-9M76', 'NA/US');
INSERT INTO public.product_items (id, account, created_at, product_id, product_key, region) VALUES (424, 'null', '2025-06-17 15:01:09.818136', 120, 'E48A-FITW-VCF7-XUHR-W6CF-LXQG', 'Global');
INSERT INTO public.product_items (id, account, created_at, product_id, product_key, region) VALUES (425, 'null', '2025-06-17 15:01:09.818136', 120, 'LM91-BKDF-6JHF-U7MA-RGKP-6V8V', 'Global');
INSERT INTO public.product_items (id, account, created_at, product_id, product_key, region) VALUES (426, 'null', '2025-06-17 15:01:09.818136', 121, 'P4TP-5RD8-CYQB-UPAC-TM3U-M8QD', 'NA/US');
INSERT INTO public.product_items (id, account, created_at, product_id, product_key, region) VALUES (427, 'null', '2025-06-17 15:01:09.818136', 121, '5VYV-HSGJ-5JHL-4ZZ5-TF1I-V6ZC', 'ROW');
INSERT INTO public.product_items (id, account, created_at, product_id, product_key, region) VALUES (428, 'null', '2025-06-17 15:01:09.818136', 121, 'I0JD-8ASU-HWBQ-V8VN-U4X1-WWE1', 'CN');
INSERT INTO public.product_items (id, account, created_at, product_id, product_key, region) VALUES (429, 'null', '2025-06-17 15:01:09.818136', 121, 'YL59-T1YQ-AZL5-FH67-6ISJ-GQ6T', 'NA/US');
INSERT INTO public.product_items (id, account, created_at, product_id, product_key, region) VALUES (430, 'null', '2025-06-17 15:01:09.818136', 121, '2CXP-YQZD-UNE7-CXF8-2D4C-MVKR', 'ROW');
INSERT INTO public.product_items (id, account, created_at, product_id, product_key, region) VALUES (431, 'null', '2025-06-17 15:01:09.818136', 121, 'XEK7-IG2S-21UH-4WEW-ZOG7-Z346', 'ROW');
INSERT INTO public.product_items (id, account, created_at, product_id, product_key, region) VALUES (432, 'null', '2025-06-17 15:01:09.818136', 121, 'R1SE-8YD3-ILEY-CWDS-3L29-RGWP', 'CN');
INSERT INTO public.product_items (id, account, created_at, product_id, product_key, region) VALUES (433, 'null', '2025-06-17 15:01:09.818136', 122, 'AIS6-EJIJ-ERBF-MP6M-8WOE-69YG', 'SEA');
INSERT INTO public.product_items (id, account, created_at, product_id, product_key, region) VALUES (434, 'null', '2025-06-17 15:01:09.818136', 122, 'UTER-ZXY2-WZI1-IQBD-UNRG-ZE7O', 'CN');
INSERT INTO public.product_items (id, account, created_at, product_id, product_key, region) VALUES (435, 'null', '2025-06-17 15:01:09.818136', 122, 'O3QU-05QS-B9RK-D3SO-AH9W-0P76', 'NA/US');
INSERT INTO public.product_items (id, account, created_at, product_id, product_key, region) VALUES (436, 'null', '2025-06-17 15:01:09.818136', 122, '5C4E-VSQC-SLSF-QBAX-82LB-9M1F', 'CN');
INSERT INTO public.product_items (id, account, created_at, product_id, product_key, region) VALUES (437, 'null', '2025-06-17 15:01:09.818136', 122, 'ZLBM-8AIF-EFPA-KWP8-8W84-USKD', 'ROW');
INSERT INTO public.product_items (id, account, created_at, product_id, product_key, region) VALUES (438, 'null', '2025-06-17 15:01:09.818136', 122, 'UOGT-CU6L-H6XJ-STMN-HLHU-ID78', 'Global');
INSERT INTO public.product_items (id, account, created_at, product_id, product_key, region) VALUES (439, 'null', '2025-06-17 15:01:09.818136', 122, '6RDK-YL2S-X4MZ-IM08-AVEG-965K', 'SEA');
INSERT INTO public.product_items (id, account, created_at, product_id, product_key, region) VALUES (440, 'null', '2025-06-17 15:01:09.818136', 123, 'PSV0-OKPD-IKRA-4MNY-ZDBN-JF99', 'Global');
INSERT INTO public.product_items (id, account, created_at, product_id, product_key, region) VALUES (441, 'null', '2025-06-17 15:01:09.818136', 123, 'NZVV-QJJF-U6BN-0SKQ-57EF-7315', 'Global');
INSERT INTO public.product_items (id, account, created_at, product_id, product_key, region) VALUES (442, 'null', '2025-06-17 15:01:09.818136', 123, 'Q2E3-0J23-X7NB-U6Z6-PREU-4TIP', 'NA/US');
INSERT INTO public.product_items (id, account, created_at, product_id, product_key, region) VALUES (443, 'null', '2025-06-17 15:01:09.818136', 123, 'EAD5-UAGJ-H49B-RF88-G6SF-WNF4', 'NA/US');
INSERT INTO public.product_items (id, account, created_at, product_id, product_key, region) VALUES (444, 'null', '2025-06-17 15:01:09.818136', 123, 'K59K-B3B2-ROBM-05N7-DMPH-AF1N', 'ROW');
INSERT INTO public.product_items (id, account, created_at, product_id, product_key, region) VALUES (445, 'null', '2025-06-17 15:01:09.818136', 123, 'XY0V-D08F-3U2L-XLKY-TYDZ-VV8U', 'Global');
INSERT INTO public.product_items (id, account, created_at, product_id, product_key, region) VALUES (446, 'null', '2025-06-17 15:01:09.818136', 123, '3OM2-9BBW-FU9K-Y1A9-Q13W-IUX4', 'Global');
INSERT INTO public.product_items (id, account, created_at, product_id, product_key, region) VALUES (447, 'null', '2025-06-17 15:01:09.818136', 124, '3VV1-6YGQ-WI9D-HLVE-EZYC-3ZLF', 'Global');
INSERT INTO public.product_items (id, account, created_at, product_id, product_key, region) VALUES (448, 'null', '2025-06-17 15:01:09.818136', 124, 'RE18-XFY6-UOJO-K57R-60OS-OY6N', 'ROW');
INSERT INTO public.product_items (id, account, created_at, product_id, product_key, region) VALUES (449, 'null', '2025-06-17 15:01:09.818136', 124, 'FA18-YNU0-N1TC-4E1U-60L4-DI2Q', 'Global');
INSERT INTO public.product_items (id, account, created_at, product_id, product_key, region) VALUES (450, 'null', '2025-06-17 15:01:09.818136', 124, '0GPI-S2Y2-UIKY-5I9W-YSTH-V4GQ', 'Global');
INSERT INTO public.product_items (id, account, created_at, product_id, product_key, region) VALUES (451, 'null', '2025-06-17 15:01:09.818136', 124, 'MHBO-RBI8-ZLM3-CBYQ-I3F8-6ISM', 'SEA');
INSERT INTO public.product_items (id, account, created_at, product_id, product_key, region) VALUES (452, 'null', '2025-06-17 15:01:09.818136', 124, 'XFFZ-634S-1K84-CKIU-50CY-TB4Z', 'NA/US');
INSERT INTO public.product_items (id, account, created_at, product_id, product_key, region) VALUES (453, 'null', '2025-06-17 15:01:09.818136', 124, '212I-7GPL-0734-MKWZ-GHTT-NUKN', 'CN');
INSERT INTO public.product_items (id, account, created_at, product_id, product_key, region) VALUES (454, 'null', '2025-06-17 15:01:09.818136', 125, '97B8-HN1F-WDPR-FU58-OYU2-JZGW', 'NA/US');
INSERT INTO public.product_items (id, account, created_at, product_id, product_key, region) VALUES (455, 'null', '2025-06-17 15:01:09.818136', 125, '0QKI-GIH1-1IQY-W03M-WKUO-J6UC', 'CN');
INSERT INTO public.product_items (id, account, created_at, product_id, product_key, region) VALUES (456, 'null', '2025-06-17 15:01:09.818136', 125, 'OQHJ-B2WT-AZQU-CT2H-VFMM-4BQ8', 'NA/US');
INSERT INTO public.product_items (id, account, created_at, product_id, product_key, region) VALUES (457, 'null', '2025-06-17 15:01:09.818136', 125, 'L63N-VM8U-Q2BR-498Q-1J17-VQTE', 'Global');
INSERT INTO public.product_items (id, account, created_at, product_id, product_key, region) VALUES (458, 'null', '2025-06-17 15:01:09.818136', 125, 'KP4C-HZQU-4Y4R-IETK-397D-ZZ4T', 'Global');
INSERT INTO public.product_items (id, account, created_at, product_id, product_key, region) VALUES (459, 'null', '2025-06-17 15:01:09.818136', 125, 'DP9U-BFF0-Q5HU-ZT2I-F7WK-BEXZ', 'SEA');
INSERT INTO public.product_items (id, account, created_at, product_id, product_key, region) VALUES (460, 'null', '2025-06-17 15:01:09.818136', 125, 'JSTR-80IY-6OHU-RZAX-ZUK6-YXSC', 'NA/US');
INSERT INTO public.product_items (id, account, created_at, product_id, product_key, region) VALUES (461, 'null', '2025-06-17 15:01:09.818136', 126, 'TN09-7FE8-B5XV-5BEW-OHPZ-ILY4', 'NA/US');
INSERT INTO public.product_items (id, account, created_at, product_id, product_key, region) VALUES (462, 'null', '2025-06-17 15:01:09.818136', 126, 'GLPP-Q5MA-GVJW-32U8-2ZOT-WNMY', 'SEA');
INSERT INTO public.product_items (id, account, created_at, product_id, product_key, region) VALUES (463, 'null', '2025-06-17 15:01:09.818136', 126, 'SLN9-PA0M-2QO1-42OH-4QTX-A7VK', 'ROW');
INSERT INTO public.product_items (id, account, created_at, product_id, product_key, region) VALUES (464, 'null', '2025-06-17 15:01:09.818136', 126, 'SE7O-TR4C-YHHJ-KGM8-BQGI-KS1U', 'SEA');
INSERT INTO public.product_items (id, account, created_at, product_id, product_key, region) VALUES (465, 'null', '2025-06-17 15:01:09.818136', 126, 'HNQP-3XB7-G98M-EJ0P-Y5LE-T4T7', 'SEA');
INSERT INTO public.product_items (id, account, created_at, product_id, product_key, region) VALUES (466, 'null', '2025-06-17 15:01:09.818136', 126, '7WL6-U6K2-H8Z5-P0RD-RMXA-ACOS', 'Global');
INSERT INTO public.product_items (id, account, created_at, product_id, product_key, region) VALUES (467, 'null', '2025-06-17 15:01:09.818136', 126, 'HJZN-0SEE-LS8H-WILG-610H-KT1N', 'SEA');
INSERT INTO public.product_items (id, account, created_at, product_id, product_key, region) VALUES (468, 'null', '2025-06-17 15:01:09.818136', 127, '4P6K-UKQ2-3RNN-TWMP-71R5-U2ON', 'CN');
INSERT INTO public.product_items (id, account, created_at, product_id, product_key, region) VALUES (469, 'null', '2025-06-17 15:01:09.818136', 127, 'H7E8-1LBI-1UHO-PHPB-BDRW-UWWQ', 'NA/US');
INSERT INTO public.product_items (id, account, created_at, product_id, product_key, region) VALUES (470, 'null', '2025-06-17 15:01:09.818136', 127, 'TOBL-R15G-LWBE-OL3O-TNB9-JQZA', 'Global');
INSERT INTO public.product_items (id, account, created_at, product_id, product_key, region) VALUES (471, 'null', '2025-06-17 15:01:09.818136', 127, 'NARS-NAND-CB52-K97C-K41G-JUAV', 'ROW');
INSERT INTO public.product_items (id, account, created_at, product_id, product_key, region) VALUES (472, 'null', '2025-06-17 15:01:09.818136', 127, 'BEOL-BY59-PXRI-BVHM-Z873-7COB', 'SEA');
INSERT INTO public.product_items (id, account, created_at, product_id, product_key, region) VALUES (473, 'null', '2025-06-17 15:01:09.818136', 127, '4SBY-HIRA-1R77-IUOG-HODV-OTCO', 'NA/US');
INSERT INTO public.product_items (id, account, created_at, product_id, product_key, region) VALUES (474, 'null', '2025-06-17 15:01:09.818136', 127, '53PZ-0FX3-U3F1-LVE9-ID6Z-4UXT', 'SEA');
INSERT INTO public.product_items (id, account, created_at, product_id, product_key, region) VALUES (475, 'null', '2025-06-17 15:01:09.818136', 128, 'BI0D-U12Q-DYTE-W7AT-XH6R-KX6M', 'CN');
INSERT INTO public.product_items (id, account, created_at, product_id, product_key, region) VALUES (476, 'null', '2025-06-17 15:01:09.818136', 128, 'YW9Q-XU9Y-EJ0Z-8QR0-J1MD-GEMC', 'CN');
INSERT INTO public.product_items (id, account, created_at, product_id, product_key, region) VALUES (477, 'null', '2025-06-17 15:01:09.818136', 128, '8PJF-G5HV-XIXR-1T2Z-SLOS-IPNB', 'ROW');
INSERT INTO public.product_items (id, account, created_at, product_id, product_key, region) VALUES (478, 'null', '2025-06-17 15:01:09.818136', 128, 'URWR-E8ZT-4RZY-Z8PL-55ZB-IX4T', 'ROW');
INSERT INTO public.product_items (id, account, created_at, product_id, product_key, region) VALUES (479, 'null', '2025-06-17 15:01:09.818136', 128, '17MM-PR67-9WE5-SBXS-XEOZ-RVJN', 'CN');
INSERT INTO public.product_items (id, account, created_at, product_id, product_key, region) VALUES (480, 'null', '2025-06-17 15:01:09.818136', 128, 'UDO0-BGXA-4MC1-FQ01-YX18-QDIQ', 'ROW');
INSERT INTO public.product_items (id, account, created_at, product_id, product_key, region) VALUES (481, 'null', '2025-06-17 15:01:09.818136', 128, 'EKAV-PLZQ-0NE7-WC41-ZNVC-BJQQ', 'ROW');
INSERT INTO public.product_items (id, account, created_at, product_id, product_key, region) VALUES (482, 'null', '2025-06-17 15:01:09.818136', 129, '0L8I-TEDJ-BKUY-M6CT-J7CR-TAML', 'NA/US');
INSERT INTO public.product_items (id, account, created_at, product_id, product_key, region) VALUES (483, 'null', '2025-06-17 15:01:09.818136', 129, 'NC0F-ZRZC-ZPMY-LIU8-CE0B-AR50', 'Global');
INSERT INTO public.product_items (id, account, created_at, product_id, product_key, region) VALUES (484, 'null', '2025-06-17 15:01:09.818136', 129, 'MA4K-3H1R-9VM1-5FIZ-S7I5-0U80', 'CN');
INSERT INTO public.product_items (id, account, created_at, product_id, product_key, region) VALUES (485, 'null', '2025-06-17 15:01:09.818136', 129, '9190-57YO-QLGU-IVKD-20XH-WDTA', 'Global');
INSERT INTO public.product_items (id, account, created_at, product_id, product_key, region) VALUES (486, 'null', '2025-06-17 15:01:09.818136', 129, 'NPB6-M5J6-I229-VIG0-OXPX-RY78', 'CN');
INSERT INTO public.product_items (id, account, created_at, product_id, product_key, region) VALUES (487, 'null', '2025-06-17 15:01:09.818136', 129, 'SV8E-SXCJ-6GTI-BHWK-6B1X-JF5C', 'ROW');
INSERT INTO public.product_items (id, account, created_at, product_id, product_key, region) VALUES (488, 'null', '2025-06-17 15:01:09.818136', 129, 'R43T-2X7X-4VD6-HG1T-CRN4-S41X', 'Global');
INSERT INTO public.product_items (id, account, created_at, product_id, product_key, region) VALUES (489, 'null', '2025-06-17 15:01:09.818136', 130, '2HEU-LLIL-1PMZ-JNV8-TS5R-X6PR', 'Global');
INSERT INTO public.product_items (id, account, created_at, product_id, product_key, region) VALUES (490, 'null', '2025-06-17 15:01:09.818136', 130, '5V2I-RFC9-P8HJ-WTX6-YMRV-L3J6', 'SEA');
INSERT INTO public.product_items (id, account, created_at, product_id, product_key, region) VALUES (491, 'null', '2025-06-17 15:01:09.818136', 130, '2TES-GLF0-BPVP-XFMG-FZ7S-Z7L9', 'ROW');
INSERT INTO public.product_items (id, account, created_at, product_id, product_key, region) VALUES (492, 'null', '2025-06-17 15:01:09.818136', 130, 'F7C8-ZSQT-BLJN-7AWZ-QJP9-OB1J', 'CN');
INSERT INTO public.product_items (id, account, created_at, product_id, product_key, region) VALUES (493, 'null', '2025-06-17 15:01:09.818136', 130, '4FEK-636T-NFYG-XAN4-5KO8-G5BG', 'Global');
INSERT INTO public.product_items (id, account, created_at, product_id, product_key, region) VALUES (494, 'null', '2025-06-17 15:01:09.818136', 130, 'Z0Y6-XPAR-1T9O-Z5M7-NO0T-5U46', 'CN');
INSERT INTO public.product_items (id, account, created_at, product_id, product_key, region) VALUES (495, 'null', '2025-06-17 15:01:09.818136', 130, 'HWM5-7VFX-BIQJ-6ODX-05C8-8KDC', 'CN');
INSERT INTO public.product_items (id, account, created_at, product_id, product_key, region) VALUES (496, 'null', '2025-06-17 15:01:09.818136', 131, '7LG7-Y1OU-Y495-LLXN-07CF-817M', 'SEA');
INSERT INTO public.product_items (id, account, created_at, product_id, product_key, region) VALUES (497, 'null', '2025-06-17 15:01:09.818136', 131, 'RX96-KMR9-MF91-46P7-UZ0S-BY8Y', 'NA/US');
INSERT INTO public.product_items (id, account, created_at, product_id, product_key, region) VALUES (498, 'null', '2025-06-17 15:01:09.818136', 131, 'SLWN-UWT5-SVQP-07DE-MLZV-8F63', 'Global');
INSERT INTO public.product_items (id, account, created_at, product_id, product_key, region) VALUES (499, 'null', '2025-06-17 15:01:09.818136', 131, 'T7UY-7RZ0-IFFC-1NC2-V66Z-FIG1', 'NA/US');
INSERT INTO public.product_items (id, account, created_at, product_id, product_key, region) VALUES (500, 'null', '2025-06-17 15:01:09.818136', 131, 'WWDP-YN5U-WHQ2-2VQA-9Q55-VAJK', 'CN');
INSERT INTO public.product_items (id, account, created_at, product_id, product_key, region) VALUES (501, 'null', '2025-06-17 15:01:09.818136', 131, 'Y9R4-6Y6R-AYKS-3GS1-ZQZQ-J4S6', 'SEA');
INSERT INTO public.product_items (id, account, created_at, product_id, product_key, region) VALUES (502, 'null', '2025-06-17 15:01:09.818136', 131, 'OSS0-XHM0-7F7R-P4HN-ZISC-HU8C', 'CN');
INSERT INTO public.product_items (id, account, created_at, product_id, product_key, region) VALUES (503, 'null', '2025-06-17 15:01:09.818136', 132, 'XPU7-I2U4-O9GY-LMR6-TV43-7KPS', 'SEA');
INSERT INTO public.product_items (id, account, created_at, product_id, product_key, region) VALUES (504, 'null', '2025-06-17 15:01:09.818136', 132, 'IB4C-EXVE-STQI-Y0RP-IR25-HE8O', 'CN');
INSERT INTO public.product_items (id, account, created_at, product_id, product_key, region) VALUES (505, 'null', '2025-06-17 15:01:09.818136', 132, '9SMA-EIPF-3IIQ-8AM4-D586-KPVW', 'CN');
INSERT INTO public.product_items (id, account, created_at, product_id, product_key, region) VALUES (506, 'null', '2025-06-17 15:01:09.818136', 132, '2JA2-EFCQ-32AD-DQK2-DRNQ-BZ74', 'SEA');
INSERT INTO public.product_items (id, account, created_at, product_id, product_key, region) VALUES (507, 'null', '2025-06-17 15:01:09.818136', 132, 'BDKT-CA3V-UVUU-38K3-294L-CFW6', 'ROW');
INSERT INTO public.product_items (id, account, created_at, product_id, product_key, region) VALUES (508, 'null', '2025-06-17 15:01:09.818136', 132, 'FGID-D7XG-2CC8-SN38-7M91-EUX0', 'CN');
INSERT INTO public.product_items (id, account, created_at, product_id, product_key, region) VALUES (509, 'null', '2025-06-17 15:01:09.818136', 132, '3SPF-A9KL-NUFV-QTV3-U63B-DG3Q', 'Global');
INSERT INTO public.product_items (id, account, created_at, product_id, product_key, region) VALUES (510, 'null', '2025-06-17 15:01:09.818136', 133, 'RB5V-QHHS-95WH-EARW-D345-89EJ', 'CN');
INSERT INTO public.product_items (id, account, created_at, product_id, product_key, region) VALUES (511, 'null', '2025-06-17 15:01:09.818136', 133, 'ELUZ-7G2G-EYZH-GERM-2U15-8QRP', 'ROW');
INSERT INTO public.product_items (id, account, created_at, product_id, product_key, region) VALUES (512, 'null', '2025-06-17 15:01:09.818136', 133, '8NXT-4QWL-4EH3-YH9V-00Q8-H6QB', 'ROW');
INSERT INTO public.product_items (id, account, created_at, product_id, product_key, region) VALUES (513, 'null', '2025-06-17 15:01:09.818136', 133, 'JUPJ-QVIE-DMWR-4WNJ-3BIV-91ML', 'SEA');
INSERT INTO public.product_items (id, account, created_at, product_id, product_key, region) VALUES (514, 'null', '2025-06-17 15:01:09.818136', 133, 'QHNJ-HHGL-11VV-UJQY-GNHJ-RTYG', 'SEA');
INSERT INTO public.product_items (id, account, created_at, product_id, product_key, region) VALUES (515, 'null', '2025-06-17 15:01:09.818136', 133, 'VJ3P-L9P5-EJ8F-0EZL-CNGQ-MZ6Z', 'ROW');
INSERT INTO public.product_items (id, account, created_at, product_id, product_key, region) VALUES (516, 'null', '2025-06-17 15:01:09.818136', 133, 'OKOC-IKS3-1JA7-15IF-F4Q2-SBHD', 'ROW');
INSERT INTO public.product_items (id, account, created_at, product_id, product_key, region) VALUES (517, 'null', '2025-06-17 15:01:09.818136', 134, 'C98M-BOSW-PUUJ-Y6VS-JWHC-6O59', 'Global');
INSERT INTO public.product_items (id, account, created_at, product_id, product_key, region) VALUES (518, 'null', '2025-06-17 15:01:09.818136', 134, 'MCRY-6ZZJ-SAS0-84RY-0L3U-F6CA', 'SEA');
INSERT INTO public.product_items (id, account, created_at, product_id, product_key, region) VALUES (519, 'null', '2025-06-17 15:01:09.818136', 134, 'Q6CB-FVYH-VWVC-MQSJ-ST9S-7G3L', 'NA/US');
INSERT INTO public.product_items (id, account, created_at, product_id, product_key, region) VALUES (520, 'null', '2025-06-17 15:01:09.818136', 134, 'HK9B-MLSL-0BJ9-I990-A40M-H9MF', 'NA/US');
INSERT INTO public.product_items (id, account, created_at, product_id, product_key, region) VALUES (521, 'null', '2025-06-17 15:01:09.818136', 134, '6TOT-105B-2APL-WRHS-TLW8-C13K', 'CN');
INSERT INTO public.product_items (id, account, created_at, product_id, product_key, region) VALUES (522, 'null', '2025-06-17 15:01:09.818136', 134, 'FD5E-22CE-X39E-XRQH-R3DA-LMO5', 'SEA');
INSERT INTO public.product_items (id, account, created_at, product_id, product_key, region) VALUES (523, 'null', '2025-06-17 15:01:09.818136', 134, 'C3EP-F9YD-2CGH-MMP8-TOYC-CJ28', 'NA/US');
INSERT INTO public.product_items (id, account, created_at, product_id, product_key, region) VALUES (524, 'null', '2025-06-17 15:01:09.818136', 135, 'J25E-TUQ2-W7PN-UQQE-JYJ5-YM9L', 'CN');
INSERT INTO public.product_items (id, account, created_at, product_id, product_key, region) VALUES (525, 'null', '2025-06-17 15:01:09.818136', 135, 'G7H3-K6KV-VLG5-XTCW-AK98-AVH4', 'ROW');
INSERT INTO public.product_items (id, account, created_at, product_id, product_key, region) VALUES (526, 'null', '2025-06-17 15:01:09.818136', 135, '8SNW-BPGT-R9SR-Y613-I42X-0ZSE', 'SEA');
INSERT INTO public.product_items (id, account, created_at, product_id, product_key, region) VALUES (527, 'null', '2025-06-17 15:01:09.818136', 135, 'V4IP-FGUG-YPTH-HIU0-ZDCR-B25Y', 'SEA');
INSERT INTO public.product_items (id, account, created_at, product_id, product_key, region) VALUES (528, 'null', '2025-06-17 15:01:09.818136', 135, 'X8HT-V6YK-7PE8-M2O7-PBST-XNOS', 'NA/US');
INSERT INTO public.product_items (id, account, created_at, product_id, product_key, region) VALUES (529, 'null', '2025-06-17 15:01:09.818136', 135, 'KMGK-0KUK-90N9-EWTJ-YGL4-SLA6', 'ROW');
INSERT INTO public.product_items (id, account, created_at, product_id, product_key, region) VALUES (530, 'null', '2025-06-17 15:01:09.818136', 135, 'YTVO-5G6S-8OJT-7MRQ-RFZ0-I7UO', 'SEA');
INSERT INTO public.product_items (id, account, created_at, product_id, product_key, region) VALUES (531, 'null', '2025-06-17 15:01:09.818136', 136, 'KVUX-NMXZ-LDYJ-ZG2W-O5HJ-U12W', 'CN');
INSERT INTO public.product_items (id, account, created_at, product_id, product_key, region) VALUES (532, 'null', '2025-06-17 15:01:09.818136', 136, 'C388-PZ8R-WK11-MZZO-MJTZ-JJHL', 'CN');
INSERT INTO public.product_items (id, account, created_at, product_id, product_key, region) VALUES (533, 'null', '2025-06-17 15:01:09.818136', 136, 'R0AD-YXZN-AWZ5-WRC0-16GJ-9VER', 'SEA');
INSERT INTO public.product_items (id, account, created_at, product_id, product_key, region) VALUES (534, 'null', '2025-06-17 15:01:09.818136', 136, '20WC-YRUR-E1SR-9RO8-GA0J-2TCQ', 'NA/US');
INSERT INTO public.product_items (id, account, created_at, product_id, product_key, region) VALUES (535, 'null', '2025-06-17 15:01:09.818136', 136, 'FXLH-IIBF-ML1C-PY90-A8SE-R3L8', 'Global');
INSERT INTO public.product_items (id, account, created_at, product_id, product_key, region) VALUES (536, 'null', '2025-06-17 15:01:09.818136', 136, 'ETVZ-F6PV-U52N-T3IO-H5PB-3RVS', 'SEA');
INSERT INTO public.product_items (id, account, created_at, product_id, product_key, region) VALUES (537, 'null', '2025-06-17 15:01:09.818136', 136, 'YEPS-E11P-DYU2-VC9L-Z8X3-K7W0', 'CN');
INSERT INTO public.product_items (id, account, created_at, product_id, product_key, region) VALUES (538, 'null', '2025-06-17 15:01:09.818136', 137, 'XBWK-FIY4-C8ZX-JSCB-VTWN-5GSH', 'ROW');
INSERT INTO public.product_items (id, account, created_at, product_id, product_key, region) VALUES (539, 'null', '2025-06-17 15:01:09.818136', 137, '6XAH-PRGP-SCQZ-Q3N3-N7LF-2AN6', 'ROW');
INSERT INTO public.product_items (id, account, created_at, product_id, product_key, region) VALUES (540, 'null', '2025-06-17 15:01:09.818136', 137, '9B1Y-0JLN-SNFE-3RJI-QVUZ-AI57', 'ROW');
INSERT INTO public.product_items (id, account, created_at, product_id, product_key, region) VALUES (541, 'null', '2025-06-17 15:01:09.818136', 137, '11J9-QFUX-EPFU-WCBO-Z9OX-KN67', 'Global');
INSERT INTO public.product_items (id, account, created_at, product_id, product_key, region) VALUES (542, 'null', '2025-06-17 15:01:09.818136', 137, 'LQA2-QX26-D2O5-ZF6I-48FF-PAGE', 'Global');
INSERT INTO public.product_items (id, account, created_at, product_id, product_key, region) VALUES (543, 'null', '2025-06-17 15:01:09.818136', 137, 'HZR0-X9XE-FDA6-HFKS-OK22-6CVK', 'ROW');
INSERT INTO public.product_items (id, account, created_at, product_id, product_key, region) VALUES (544, 'null', '2025-06-17 15:01:09.818136', 137, '3F6L-YE80-N4B0-XTF3-8T4N-RKWF', 'NA/US');
INSERT INTO public.product_items (id, account, created_at, product_id, product_key, region) VALUES (545, 'null', '2025-06-17 15:01:09.818136', 138, 'JDJ4-8HYD-ZO0F-311F-17VK-TP6Q', 'ROW');
INSERT INTO public.product_items (id, account, created_at, product_id, product_key, region) VALUES (546, 'null', '2025-06-17 15:01:09.818136', 138, 'AE6G-7H6W-BMHL-OOM7-Y931-HBT2', 'Global');
INSERT INTO public.product_items (id, account, created_at, product_id, product_key, region) VALUES (547, 'null', '2025-06-17 15:01:09.818136', 138, 'IIBO-Z0JT-JB2Y-NIEB-DXGA-6UXL', 'ROW');
INSERT INTO public.product_items (id, account, created_at, product_id, product_key, region) VALUES (548, 'null', '2025-06-17 15:01:09.818136', 138, '4QGA-LX4C-H1XX-YA02-N3BZ-GJBQ', 'ROW');
INSERT INTO public.product_items (id, account, created_at, product_id, product_key, region) VALUES (549, 'null', '2025-06-17 15:01:09.818136', 138, 'T987-2OWO-4NG2-JFBE-I0EZ-G870', 'Global');
INSERT INTO public.product_items (id, account, created_at, product_id, product_key, region) VALUES (550, 'null', '2025-06-17 15:01:09.818136', 138, '8TFQ-OLFY-2DFS-RHC5-9WJQ-60QG', 'SEA');
INSERT INTO public.product_items (id, account, created_at, product_id, product_key, region) VALUES (551, 'null', '2025-06-17 15:01:09.818136', 138, '1G26-ATW7-21VP-6YR9-9HBU-1PTF', 'Global');
INSERT INTO public.product_items (id, account, created_at, product_id, product_key, region) VALUES (553, 'null', '2025-06-17 15:01:09.818136', 140, 'BFY1-311M-LEQD-61ZO-HZK0-YH4Y', 'CN');
INSERT INTO public.product_items (id, account, created_at, product_id, product_key, region) VALUES (554, 'null', '2025-06-17 15:01:09.818136', 140, 'UHMK-STPK-OZYJ-V2ZU-ARB5-X5LD', 'ROW');
INSERT INTO public.product_items (id, account, created_at, product_id, product_key, region) VALUES (555, 'null', '2025-06-17 15:01:09.818136', 140, 'JZH2-6MMB-A5K8-R0DY-L7OG-FCJW', 'SEA');
INSERT INTO public.product_items (id, account, created_at, product_id, product_key, region) VALUES (556, 'null', '2025-06-17 15:01:09.818136', 140, 'YXZA-TKJQ-GFXV-QEC3-3ZB5-MYYB', 'Global');
INSERT INTO public.product_items (id, account, created_at, product_id, product_key, region) VALUES (557, 'null', '2025-06-17 15:01:09.818136', 140, '0STP-KJKR-IM0W-H366-NIG9-84DK', 'SEA');
INSERT INTO public.product_items (id, account, created_at, product_id, product_key, region) VALUES (558, 'null', '2025-06-17 15:01:09.818136', 140, 'NGNG-A7O7-REGF-WNN1-COMU-DB44', 'NA/US');
INSERT INTO public.product_items (id, account, created_at, product_id, product_key, region) VALUES (563, 'null', '2025-06-17 15:01:09.818136', 141, '5HPU-RZD8-O8K8-798I-C004-MVJM', 'Global');
INSERT INTO public.product_items (id, account, created_at, product_id, product_key, region) VALUES (564, 'null', '2025-06-17 15:01:09.818136', 141, 'BVAF-R1K1-U8NL-EK0Z-QXVK-QAYE', 'NA/US');
INSERT INTO public.product_items (id, account, created_at, product_id, product_key, region) VALUES (565, 'null', '2025-06-17 15:01:09.818136', 141, 'WN7M-7WU6-QDE6-7DAT-DGX5-GHE2', 'NA/US');
INSERT INTO public.product_items (id, account, created_at, product_id, product_key, region) VALUES (568, 'null', '2025-06-17 15:01:09.818136', 139, 'VG2D-LLGL-RVX4-L44O-YD8E-0ZMY', 'NA/US');
INSERT INTO public.product_items (id, account, created_at, product_id, product_key, region) VALUES (569, 'null', '2025-06-17 15:01:09.818136', 139, '48FF-TRBS-M7TT-97F6-30OE-JJHV', 'ROW');
INSERT INTO public.product_items (id, account, created_at, product_id, product_key, region) VALUES (570, 'null', '2025-06-17 15:01:09.818136', 139, 'XH8D-4QS2-4H6E-13RA-7KEN-OHJO', 'ROW');
INSERT INTO public.product_items (id, account, created_at, product_id, product_key, region) VALUES (571, 'null', '2025-06-17 15:01:09.818136', 139, 'LU4G-PN9T-ZWRQ-NQEM-F6X0-7P79', 'NA/US');
INSERT INTO public.product_items (id, account, created_at, product_id, product_key, region) VALUES (572, 'null', '2025-06-17 15:01:09.818136', 139, '397X-DYIF-IFA9-78E0-GAK6-LOY5', 'NA/US');


--
-- Data for Name: product_items_used; Type: TABLE DATA; Schema: public; Owner: phong
--

INSERT INTO public.product_items_used (id, account, created_at, order_detail_id, product_id, product_key, region) VALUES (1, NULL, '2025-05-11 22:09:29.323963', NULL, 14, 'Y1', 'US');
INSERT INTO public.product_items_used (id, account, created_at, order_detail_id, product_id, product_key, region) VALUES (2, NULL, '2025-05-11 22:09:29.323963', NULL, 14, 'Y2', 'US');
INSERT INTO public.product_items_used (id, account, created_at, order_detail_id, product_id, product_key, region) VALUES (3, NULL, '2025-05-11 22:47:56.497701', NULL, 14, 'Y4', 'US');
INSERT INTO public.product_items_used (id, account, created_at, order_detail_id, product_id, product_key, region) VALUES (4, NULL, '2025-05-11 22:50:24.539057', NULL, 14, 'Y5', 'US');
INSERT INTO public.product_items_used (id, account, created_at, order_detail_id, product_id, product_key, region) VALUES (5, NULL, '2025-05-11 22:51:46.131726', NULL, 14, 'Y6', 'US');
INSERT INTO public.product_items_used (id, account, created_at, order_detail_id, product_id, product_key, region) VALUES (6, NULL, '2025-05-23 15:27:31.728066', NULL, 8, 'Del1', 'US');
INSERT INTO public.product_items_used (id, account, created_at, order_detail_id, product_id, product_key, region) VALUES (7, NULL, '2025-05-23 15:27:31.728066', NULL, 8, 'Del1', 'US');
INSERT INTO public.product_items_used (id, account, created_at, order_detail_id, product_id, product_key, region) VALUES (8, NULL, '2025-05-23 15:27:31.728066', NULL, 9, 'Del2', 'US');
INSERT INTO public.product_items_used (id, account, created_at, order_detail_id, product_id, product_key, region) VALUES (9, NULL, '2025-05-24 12:10:26.519807', NULL, 8, 'DEL1', 'US');
INSERT INTO public.product_items_used (id, account, created_at, order_detail_id, product_id, product_key, region) VALUES (10, NULL, '2025-05-24 12:10:29.508723', NULL, 8, 'DEL1', 'US');
INSERT INTO public.product_items_used (id, account, created_at, order_detail_id, product_id, product_key, region) VALUES (11, NULL, '2025-05-24 12:12:30.823749', NULL, 8, 'DEL1', 'US');
INSERT INTO public.product_items_used (id, account, created_at, order_detail_id, product_id, product_key, region) VALUES (12, NULL, '2025-05-24 12:13:27.479572', NULL, 8, 'DEL1', 'US');
INSERT INTO public.product_items_used (id, account, created_at, order_detail_id, product_id, product_key, region) VALUES (13, NULL, '2025-06-18 13:07:34.134424', NULL, 141, 'CWL1-FYX4-H3E0-UUWC-D5SG-GQ9C', 'Global');
INSERT INTO public.product_items_used (id, account, created_at, order_detail_id, product_id, product_key, region) VALUES (14, NULL, '2025-06-18 13:17:05.624665', NULL, 141, '9T5B-X4EP-TU02-DXQ5-GURA-XZJK', 'CN');
INSERT INTO public.product_items_used (id, account, created_at, order_detail_id, product_id, product_key, region) VALUES (15, NULL, '2025-06-18 13:21:30.213847', NULL, 141, 'DVPQ-CVSL-5ZYS-4HIM-D7NE-1VFO', 'ROW');
INSERT INTO public.product_items_used (id, account, created_at, order_detail_id, product_id, product_key, region) VALUES (16, NULL, '2025-06-18 13:25:30.232258', NULL, 141, 'HMDS-K7QU-UB5O-HQW4-DW4F-B0L8', 'CN');
INSERT INTO public.product_items_used (id, account, created_at, order_detail_id, product_id, product_key, region) VALUES (17, NULL, '2025-06-19 19:22:00.073396', NULL, 140, 'O22Y-L70E-WDGO-5LNN-HK7B-W5GF', 'NA/US');
INSERT INTO public.product_items_used (id, account, created_at, order_detail_id, product_id, product_key, region) VALUES (18, NULL, '2025-06-20 17:32:30.137381', NULL, 139, 'SLWQ-5LHV-76H9-DWSQ-1BHG-KJSP', 'ROW');
INSERT INTO public.product_items_used (id, account, created_at, order_detail_id, product_id, product_key, region) VALUES (19, NULL, '2025-06-20 17:32:30.137381', NULL, 139, 'XP93-7PIV-W1YT-O93P-38BQ-DXT7', 'ROW');


--
-- Data for Name: product_tags; Type: TABLE DATA; Schema: public; Owner: phong
--

INSERT INTO public.product_tags (name, product_id) VALUES ('digital', 19);
INSERT INTO public.product_tags (name, product_id) VALUES ('sds', 17);
INSERT INTO public.product_tags (name, product_id) VALUES ('sds', 18);
INSERT INTO public.product_tags (name, product_id) VALUES ('digital', 22);
INSERT INTO public.product_tags (name, product_id) VALUES ('music', 22);
INSERT INTO public.product_tags (name, product_id) VALUES ('streaming', 22);
INSERT INTO public.product_tags (name, product_id) VALUES ('digital', 23);
INSERT INTO public.product_tags (name, product_id) VALUES ('music', 23);
INSERT INTO public.product_tags (name, product_id) VALUES ('streaming', 23);
INSERT INTO public.product_tags (name, product_id) VALUES ('digital', 20);
INSERT INTO public.product_tags (name, product_id) VALUES ('tech', 20);
INSERT INTO public.product_tags (name, product_id) VALUES ('streaming', 16);
INSERT INTO public.product_tags (name, product_id) VALUES ('music', 14);
INSERT INTO public.product_tags (name, product_id) VALUES ('music', 8);
INSERT INTO public.product_tags (name, product_id) VALUES ('ok 200', 10);
INSERT INTO public.product_tags (name, product_id) VALUES ('digital', 29);
INSERT INTO public.product_tags (name, product_id) VALUES ('streaming', 29);
INSERT INTO public.product_tags (name, product_id) VALUES ('music', 29);
INSERT INTO public.product_tags (name, product_id) VALUES ('ok', 30);
INSERT INTO public.product_tags (name, product_id) VALUES ('key', 31);
INSERT INTO public.product_tags (name, product_id) VALUES ('digital', 31);
INSERT INTO public.product_tags (name, product_id) VALUES ('windows', 31);
INSERT INTO public.product_tags (name, product_id) VALUES ('operating system', 31);
INSERT INTO public.product_tags (name, product_id) VALUES ('digital', 32);
INSERT INTO public.product_tags (name, product_id) VALUES ('key', 32);
INSERT INTO public.product_tags (name, product_id) VALUES ('enterprise', 32);
INSERT INTO public.product_tags (name, product_id) VALUES ('server', 32);
INSERT INTO public.product_tags (name, product_id) VALUES ('windows', 32);
INSERT INTO public.product_tags (name, product_id) VALUES ('digital', 33);
INSERT INTO public.product_tags (name, product_id) VALUES ('operating system', 33);
INSERT INTO public.product_tags (name, product_id) VALUES ('enterprise', 33);
INSERT INTO public.product_tags (name, product_id) VALUES ('windows', 33);
INSERT INTO public.product_tags (name, product_id) VALUES ('key', 33);
INSERT INTO public.product_tags (name, product_id) VALUES ('linux', 34);
INSERT INTO public.product_tags (name, product_id) VALUES ('cloud', 34);
INSERT INTO public.product_tags (name, product_id) VALUES ('operating system', 34);
INSERT INTO public.product_tags (name, product_id) VALUES ('key', 34);
INSERT INTO public.product_tags (name, product_id) VALUES ('linux', 35);
INSERT INTO public.product_tags (name, product_id) VALUES ('cloud', 35);
INSERT INTO public.product_tags (name, product_id) VALUES ('operating system', 35);
INSERT INTO public.product_tags (name, product_id) VALUES ('key', 35);
INSERT INTO public.product_tags (name, product_id) VALUES ('operating system', 36);
INSERT INTO public.product_tags (name, product_id) VALUES ('linux', 36);
INSERT INTO public.product_tags (name, product_id) VALUES ('enterprise', 36);
INSERT INTO public.product_tags (name, product_id) VALUES ('virtualization', 37);
INSERT INTO public.product_tags (name, product_id) VALUES ('enterprise', 37);
INSERT INTO public.product_tags (name, product_id) VALUES ('operating-system', 37);
INSERT INTO public.product_tags (name, product_id) VALUES ('virtualization', 38);
INSERT INTO public.product_tags (name, product_id) VALUES ('operating-system', 38);
INSERT INTO public.product_tags (name, product_id) VALUES ('enterprise', 38);
INSERT INTO public.product_tags (name, product_id) VALUES ('operating-system', 39);
INSERT INTO public.product_tags (name, product_id) VALUES ('support', 39);
INSERT INTO public.product_tags (name, product_id) VALUES ('enterprise', 39);
INSERT INTO public.product_tags (name, product_id) VALUES ('server', 39);
INSERT INTO public.product_tags (name, product_id) VALUES ('operating-system', 40);
INSERT INTO public.product_tags (name, product_id) VALUES ('linux', 40);
INSERT INTO public.product_tags (name, product_id) VALUES ('key', 41);
INSERT INTO public.product_tags (name, product_id) VALUES ('enterprise', 41);
INSERT INTO public.product_tags (name, product_id) VALUES ('operating-system', 41);
INSERT INTO public.product_tags (name, product_id) VALUES ('linux', 41);
INSERT INTO public.product_tags (name, product_id) VALUES ('key', 42);
INSERT INTO public.product_tags (name, product_id) VALUES ('linux', 42);
INSERT INTO public.product_tags (name, product_id) VALUES ('operating-system', 42);
INSERT INTO public.product_tags (name, product_id) VALUES ('enterprise', 42);
INSERT INTO public.product_tags (name, product_id) VALUES ('enterprise', 43);
INSERT INTO public.product_tags (name, product_id) VALUES ('key', 43);
INSERT INTO public.product_tags (name, product_id) VALUES ('iot', 43);
INSERT INTO public.product_tags (name, product_id) VALUES ('windows', 43);
INSERT INTO public.product_tags (name, product_id) VALUES ('productivity', 44);
INSERT INTO public.product_tags (name, product_id) VALUES ('key', 44);
INSERT INTO public.product_tags (name, product_id) VALUES ('office', 44);
INSERT INTO public.product_tags (name, product_id) VALUES ('windows', 44);
INSERT INTO public.product_tags (name, product_id) VALUES ('productivity', 45);
INSERT INTO public.product_tags (name, product_id) VALUES ('key', 45);
INSERT INTO public.product_tags (name, product_id) VALUES ('office', 45);
INSERT INTO public.product_tags (name, product_id) VALUES ('windows', 45);
INSERT INTO public.product_tags (name, product_id) VALUES ('productivity', 46);
INSERT INTO public.product_tags (name, product_id) VALUES ('key', 46);
INSERT INTO public.product_tags (name, product_id) VALUES ('office', 46);
INSERT INTO public.product_tags (name, product_id) VALUES ('windows', 46);
INSERT INTO public.product_tags (name, product_id) VALUES ('key', 47);
INSERT INTO public.product_tags (name, product_id) VALUES ('productivity', 47);
INSERT INTO public.product_tags (name, product_id) VALUES ('office', 47);
INSERT INTO public.product_tags (name, product_id) VALUES ('key', 48);
INSERT INTO public.product_tags (name, product_id) VALUES ('productivity', 48);
INSERT INTO public.product_tags (name, product_id) VALUES ('office', 48);
INSERT INTO public.product_tags (name, product_id) VALUES ('editor', 49);
INSERT INTO public.product_tags (name, product_id) VALUES ('pdf', 49);
INSERT INTO public.product_tags (name, product_id) VALUES ('productivity', 49);
INSERT INTO public.product_tags (name, product_id) VALUES ('key', 49);
INSERT INTO public.product_tags (name, product_id) VALUES ('pdf', 50);
INSERT INTO public.product_tags (name, product_id) VALUES ('editor', 50);
INSERT INTO public.product_tags (name, product_id) VALUES ('productivity', 50);
INSERT INTO public.product_tags (name, product_id) VALUES ('key', 50);
INSERT INTO public.product_tags (name, product_id) VALUES ('pdf', 51);
INSERT INTO public.product_tags (name, product_id) VALUES ('editor', 51);
INSERT INTO public.product_tags (name, product_id) VALUES ('pro', 51);
INSERT INTO public.product_tags (name, product_id) VALUES ('key', 51);
INSERT INTO public.product_tags (name, product_id) VALUES ('editor', 52);
INSERT INTO public.product_tags (name, product_id) VALUES ('pro', 52);
INSERT INTO public.product_tags (name, product_id) VALUES ('key', 52);
INSERT INTO public.product_tags (name, product_id) VALUES ('pdf', 52);
INSERT INTO public.product_tags (name, product_id) VALUES ('editor', 53);
INSERT INTO public.product_tags (name, product_id) VALUES ('pro', 53);
INSERT INTO public.product_tags (name, product_id) VALUES ('key', 53);
INSERT INTO public.product_tags (name, product_id) VALUES ('pdf', 53);
INSERT INTO public.product_tags (name, product_id) VALUES ('grammar', 54);
INSERT INTO public.product_tags (name, product_id) VALUES ('key', 54);
INSERT INTO public.product_tags (name, product_id) VALUES ('enterprise', 54);
INSERT INTO public.product_tags (name, product_id) VALUES ('writing', 54);
INSERT INTO public.product_tags (name, product_id) VALUES ('grammar', 55);
INSERT INTO public.product_tags (name, product_id) VALUES ('key', 55);
INSERT INTO public.product_tags (name, product_id) VALUES ('writing', 55);
INSERT INTO public.product_tags (name, product_id) VALUES ('enterprise', 55);
INSERT INTO public.product_tags (name, product_id) VALUES ('project-management', 56);
INSERT INTO public.product_tags (name, product_id) VALUES ('key', 56);
INSERT INTO public.product_tags (name, product_id) VALUES ('enterprise', 56);
INSERT INTO public.product_tags (name, product_id) VALUES ('productivity', 56);
INSERT INTO public.product_tags (name, product_id) VALUES ('key', 57);
INSERT INTO public.product_tags (name, product_id) VALUES ('project-management', 57);
INSERT INTO public.product_tags (name, product_id) VALUES ('productivity', 57);
INSERT INTO public.product_tags (name, product_id) VALUES ('enterprise', 57);
INSERT INTO public.product_tags (name, product_id) VALUES ('team', 58);
INSERT INTO public.product_tags (name, product_id) VALUES ('key', 58);
INSERT INTO public.product_tags (name, product_id) VALUES ('ai', 58);
INSERT INTO public.product_tags (name, product_id) VALUES ('productivity', 58);
INSERT INTO public.product_tags (name, product_id) VALUES ('key', 59);
INSERT INTO public.product_tags (name, product_id) VALUES ('photoshop', 59);
INSERT INTO public.product_tags (name, product_id) VALUES ('design', 59);
INSERT INTO public.product_tags (name, product_id) VALUES ('productivity', 59);
INSERT INTO public.product_tags (name, product_id) VALUES ('productivity', 60);
INSERT INTO public.product_tags (name, product_id) VALUES ('key', 60);
INSERT INTO public.product_tags (name, product_id) VALUES ('design', 60);
INSERT INTO public.product_tags (name, product_id) VALUES ('photoshop', 60);
INSERT INTO public.product_tags (name, product_id) VALUES ('key', 61);
INSERT INTO public.product_tags (name, product_id) VALUES ('design', 61);
INSERT INTO public.product_tags (name, product_id) VALUES ('1y', 61);
INSERT INTO public.product_tags (name, product_id) VALUES ('photoshop', 61);
INSERT INTO public.product_tags (name, product_id) VALUES ('key', 62);
INSERT INTO public.product_tags (name, product_id) VALUES ('design', 62);
INSERT INTO public.product_tags (name, product_id) VALUES ('photoshop', 62);
INSERT INTO public.product_tags (name, product_id) VALUES ('1y', 62);
INSERT INTO public.product_tags (name, product_id) VALUES ('key', 63);
INSERT INTO public.product_tags (name, product_id) VALUES ('video-editing', 63);
INSERT INTO public.product_tags (name, product_id) VALUES ('design', 63);
INSERT INTO public.product_tags (name, product_id) VALUES ('key', 64);
INSERT INTO public.product_tags (name, product_id) VALUES ('design', 64);
INSERT INTO public.product_tags (name, product_id) VALUES ('video-editing', 64);
INSERT INTO public.product_tags (name, product_id) VALUES ('screen-recording', 65);
INSERT INTO public.product_tags (name, product_id) VALUES ('video-editing', 65);
INSERT INTO public.product_tags (name, product_id) VALUES ('key', 65);
INSERT INTO public.product_tags (name, product_id) VALUES ('creative-tools', 66);
INSERT INTO public.product_tags (name, product_id) VALUES ('key', 66);
INSERT INTO public.product_tags (name, product_id) VALUES ('video-editing', 66);
INSERT INTO public.product_tags (name, product_id) VALUES ('design', 67);
INSERT INTO public.product_tags (name, product_id) VALUES ('audio', 67);
INSERT INTO public.product_tags (name, product_id) VALUES ('key', 67);
INSERT INTO public.product_tags (name, product_id) VALUES ('editing', 67);
INSERT INTO public.product_tags (name, product_id) VALUES ('music', 68);
INSERT INTO public.product_tags (name, product_id) VALUES ('production', 68);
INSERT INTO public.product_tags (name, product_id) VALUES ('key', 68);
INSERT INTO public.product_tags (name, product_id) VALUES ('editing', 68);
INSERT INTO public.product_tags (name, product_id) VALUES ('audio', 68);
INSERT INTO public.product_tags (name, product_id) VALUES ('music', 69);
INSERT INTO public.product_tags (name, product_id) VALUES ('production', 69);
INSERT INTO public.product_tags (name, product_id) VALUES ('key', 69);
INSERT INTO public.product_tags (name, product_id) VALUES ('editing', 69);
INSERT INTO public.product_tags (name, product_id) VALUES ('audio', 69);
INSERT INTO public.product_tags (name, product_id) VALUES ('IDE', 72);
INSERT INTO public.product_tags (name, product_id) VALUES ('programming', 72);
INSERT INTO public.product_tags (name, product_id) VALUES ('key', 72);
INSERT INTO public.product_tags (name, product_id) VALUES ('JetBrains', 72);
INSERT INTO public.product_tags (name, product_id) VALUES ('IDE', 70);
INSERT INTO public.product_tags (name, product_id) VALUES ('key', 70);
INSERT INTO public.product_tags (name, product_id) VALUES ('development', 70);
INSERT INTO public.product_tags (name, product_id) VALUES ('programming', 71);
INSERT INTO public.product_tags (name, product_id) VALUES ('IDE', 71);
INSERT INTO public.product_tags (name, product_id) VALUES ('key', 71);
INSERT INTO public.product_tags (name, product_id) VALUES ('PHP', 73);
INSERT INTO public.product_tags (name, product_id) VALUES ('IDE', 73);
INSERT INTO public.product_tags (name, product_id) VALUES ('key', 73);
INSERT INTO public.product_tags (name, product_id) VALUES ('programming', 73);
INSERT INTO public.product_tags (name, product_id) VALUES ('JetBrains', 73);
INSERT INTO public.product_tags (name, product_id) VALUES ('IDE', 74);
INSERT INTO public.product_tags (name, product_id) VALUES ('key', 74);
INSERT INTO public.product_tags (name, product_id) VALUES ('programming', 74);
INSERT INTO public.product_tags (name, product_id) VALUES ('JetBrains', 74);
INSERT INTO public.product_tags (name, product_id) VALUES ('csharp', 74);
INSERT INTO public.product_tags (name, product_id) VALUES ('Microsoft', 75);
INSERT INTO public.product_tags (name, product_id) VALUES ('IDE', 75);
INSERT INTO public.product_tags (name, product_id) VALUES ('Visual Studio', 75);
INSERT INTO public.product_tags (name, product_id) VALUES ('key', 75);
INSERT INTO public.product_tags (name, product_id) VALUES ('C#', 75);
INSERT INTO public.product_tags (name, product_id) VALUES ('Enterprise', 75);
INSERT INTO public.product_tags (name, product_id) VALUES ('key', 76);
INSERT INTO public.product_tags (name, product_id) VALUES ('IDE', 76);
INSERT INTO public.product_tags (name, product_id) VALUES ('JetBrains', 76);
INSERT INTO public.product_tags (name, product_id) VALUES ('python', 76);
INSERT INTO public.product_tags (name, product_id) VALUES ('antivirus', 77);
INSERT INTO public.product_tags (name, product_id) VALUES ('kaspersky', 77);
INSERT INTO public.product_tags (name, product_id) VALUES ('internet-security', 77);
INSERT INTO public.product_tags (name, product_id) VALUES ('internet-security', 78);
INSERT INTO public.product_tags (name, product_id) VALUES ('ESET', 78);
INSERT INTO public.product_tags (name, product_id) VALUES ('antivirus', 78);
INSERT INTO public.product_tags (name, product_id) VALUES ('key', 79);
INSERT INTO public.product_tags (name, product_id) VALUES ('internet-security', 79);
INSERT INTO public.product_tags (name, product_id) VALUES ('antivirus', 79);
INSERT INTO public.product_tags (name, product_id) VALUES ('bitdefender', 79);
INSERT INTO public.product_tags (name, product_id) VALUES ('key', 80);
INSERT INTO public.product_tags (name, product_id) VALUES ('internet-security', 80);
INSERT INTO public.product_tags (name, product_id) VALUES ('antivirus', 80);
INSERT INTO public.product_tags (name, product_id) VALUES ('2024', 80);
INSERT INTO public.product_tags (name, product_id) VALUES ('McAfee', 80);
INSERT INTO public.product_tags (name, product_id) VALUES ('internet-security', 81);
INSERT INTO public.product_tags (name, product_id) VALUES ('AVG', 81);
INSERT INTO public.product_tags (name, product_id) VALUES ('antivirus', 81);
INSERT INTO public.product_tags (name, product_id) VALUES ('2024', 81);
INSERT INTO public.product_tags (name, product_id) VALUES ('key', 81);
INSERT INTO public.product_tags (name, product_id) VALUES ('ccleaner', 82);
INSERT INTO public.product_tags (name, product_id) VALUES ('optimize pc', 82);
INSERT INTO public.product_tags (name, product_id) VALUES ('cleanup tool', 82);
INSERT INTO public.product_tags (name, product_id) VALUES ('key', 82);
INSERT INTO public.product_tags (name, product_id) VALUES ('Tăng tốc hệ thống', 83);
INSERT INTO public.product_tags (name, product_id) VALUES ('optimize pc', 83);
INSERT INTO public.product_tags (name, product_id) VALUES ('key', 83);
INSERT INTO public.product_tags (name, product_id) VALUES ('Driver Booster', 83);
INSERT INTO public.product_tags (name, product_id) VALUES ('optimize pc', 84);
INSERT INTO public.product_tags (name, product_id) VALUES ('Tăng tốc hệ thống', 84);
INSERT INTO public.product_tags (name, product_id) VALUES ('Driver Booster', 84);
INSERT INTO public.product_tags (name, product_id) VALUES ('key', 84);
INSERT INTO public.product_tags (name, product_id) VALUES ('Gỡ cài đặt', 85);
INSERT INTO public.product_tags (name, product_id) VALUES ('Cleanup Tool', 85);
INSERT INTO public.product_tags (name, product_id) VALUES ('key', 85);
INSERT INTO public.product_tags (name, product_id) VALUES ('Revo', 85);
INSERT INTO public.product_tags (name, product_id) VALUES ('Partition Manager', 86);
INSERT INTO public.product_tags (name, product_id) VALUES ('key', 86);
INSERT INTO public.product_tags (name, product_id) VALUES ('EaseUS', 86);
INSERT INTO public.product_tags (name, product_id) VALUES ('Disk Utility', 86);
INSERT INTO public.product_tags (name, product_id) VALUES ('file transfer', 87);
INSERT INTO public.product_tags (name, product_id) VALUES ('key', 87);
INSERT INTO public.product_tags (name, product_id) VALUES ('copy tool', 87);
INSERT INTO public.product_tags (name, product_id) VALUES ('turn-based', 120);
INSERT INTO public.product_tags (name, product_id) VALUES ('hành động', 120);
INSERT INTO public.product_tags (name, product_id) VALUES ('nhập vai', 120);
INSERT INTO public.product_tags (name, product_id) VALUES ('game', 120);
INSERT INTO public.product_tags (name, product_id) VALUES ('chiến thuật', 120);
INSERT INTO public.product_tags (name, product_id) VALUES ('chiến thuật', 121);
INSERT INTO public.product_tags (name, product_id) VALUES ('indie', 121);
INSERT INTO public.product_tags (name, product_id) VALUES ('game', 121);
INSERT INTO public.product_tags (name, product_id) VALUES ('interactive', 122);
INSERT INTO public.product_tags (name, product_id) VALUES ('adventure', 122);
INSERT INTO public.product_tags (name, product_id) VALUES ('game', 122);
INSERT INTO public.product_tags (name, product_id) VALUES ('story-rich', 122);
INSERT INTO public.product_tags (name, product_id) VALUES ('demon', 123);
INSERT INTO public.product_tags (name, product_id) VALUES ('action', 123);
INSERT INTO public.product_tags (name, product_id) VALUES ('game', 123);
INSERT INTO public.product_tags (name, product_id) VALUES ('fps', 123);
INSERT INTO public.product_tags (name, product_id) VALUES ('medieval', 123);
INSERT INTO public.product_tags (name, product_id) VALUES ('action', 124);
INSERT INTO public.product_tags (name, product_id) VALUES ('adventure', 124);
INSERT INTO public.product_tags (name, product_id) VALUES ('game', 124);
INSERT INTO public.product_tags (name, product_id) VALUES ('AAA', 124);
INSERT INTO public.product_tags (name, product_id) VALUES ('action', 125);
INSERT INTO public.product_tags (name, product_id) VALUES ('game', 125);
INSERT INTO public.product_tags (name, product_id) VALUES ('fps', 125);
INSERT INTO public.product_tags (name, product_id) VALUES ('rpg', 125);
INSERT INTO public.product_tags (name, product_id) VALUES ('adventure', 126);
INSERT INTO public.product_tags (name, product_id) VALUES ('game', 126);
INSERT INTO public.product_tags (name, product_id) VALUES ('sci-fi', 126);
INSERT INTO public.product_tags (name, product_id) VALUES ('game', 127);
INSERT INTO public.product_tags (name, product_id) VALUES ('action', 127);
INSERT INTO public.product_tags (name, product_id) VALUES ('rpg', 127);
INSERT INTO public.product_tags (name, product_id) VALUES ('historical', 127);
INSERT INTO public.product_tags (name, product_id) VALUES ('game', 128);
INSERT INTO public.product_tags (name, product_id) VALUES ('turn-based', 128);
INSERT INTO public.product_tags (name, product_id) VALUES ('strategy', 128);
INSERT INTO public.product_tags (name, product_id) VALUES ('fantasy', 129);
INSERT INTO public.product_tags (name, product_id) VALUES ('game', 129);
INSERT INTO public.product_tags (name, product_id) VALUES ('rpg', 129);
INSERT INTO public.product_tags (name, product_id) VALUES ('game', 130);
INSERT INTO public.product_tags (name, product_id) VALUES ('fantasy', 130);
INSERT INTO public.product_tags (name, product_id) VALUES ('sci-fi', 130);
INSERT INTO public.product_tags (name, product_id) VALUES ('rpg', 130);
INSERT INTO public.product_tags (name, product_id) VALUES ('game', 131);
INSERT INTO public.product_tags (name, product_id) VALUES ('hack-and-slash', 131);
INSERT INTO public.product_tags (name, product_id) VALUES ('action', 131);
INSERT INTO public.product_tags (name, product_id) VALUES ('adventure', 131);
INSERT INTO public.product_tags (name, product_id) VALUES ('survival', 132);
INSERT INTO public.product_tags (name, product_id) VALUES ('co-op', 132);
INSERT INTO public.product_tags (name, product_id) VALUES ('adventure', 132);
INSERT INTO public.product_tags (name, product_id) VALUES ('game', 132);
INSERT INTO public.product_tags (name, product_id) VALUES ('rpg', 133);
INSERT INTO public.product_tags (name, product_id) VALUES ('game', 133);
INSERT INTO public.product_tags (name, product_id) VALUES ('horror', 133);
INSERT INTO public.product_tags (name, product_id) VALUES ('multiplayer', 134);
INSERT INTO public.product_tags (name, product_id) VALUES ('racing', 134);
INSERT INTO public.product_tags (name, product_id) VALUES ('game', 134);
INSERT INTO public.product_tags (name, product_id) VALUES ('fps', 135);
INSERT INTO public.product_tags (name, product_id) VALUES ('game', 135);
INSERT INTO public.product_tags (name, product_id) VALUES ('comedy', 135);
INSERT INTO public.product_tags (name, product_id) VALUES ('offline', 135);
INSERT INTO public.product_tags (name, product_id) VALUES ('steam', 136);
INSERT INTO public.product_tags (name, product_id) VALUES ('random-code', 136);
INSERT INTO public.product_tags (name, product_id) VALUES ('150TWD', 137);
INSERT INTO public.product_tags (name, product_id) VALUES ('steam-wallet', 137);
INSERT INTO public.product_tags (name, product_id) VALUES ('TWD', 137);
INSERT INTO public.product_tags (name, product_id) VALUES ('Taiwan', 137);
INSERT INTO public.product_tags (name, product_id) VALUES ('steam-wallet', 138);
INSERT INTO public.product_tags (name, product_id) VALUES ('50PHP', 138);
INSERT INTO public.product_tags (name, product_id) VALUES ('300TWD', 140);
INSERT INTO public.product_tags (name, product_id) VALUES ('steam-wallet', 140);
INSERT INTO public.product_tags (name, product_id) VALUES ('240HKD', 141);
INSERT INTO public.product_tags (name, product_id) VALUES ('steam-wallet', 141);
INSERT INTO public.product_tags (name, product_id) VALUES ('steam-wallet', 139);
INSERT INTO public.product_tags (name, product_id) VALUES ('100HKD', 139);


--
-- Data for Name: products_categories; Type: TABLE DATA; Schema: public; Owner: phong
--

INSERT INTO public.products_categories (category_id, product_id) VALUES (2, 8);
INSERT INTO public.products_categories (category_id, product_id) VALUES (2, 9);
INSERT INTO public.products_categories (category_id, product_id) VALUES (2, 14);
INSERT INTO public.products_categories (category_id, product_id) VALUES (2, 19);
INSERT INTO public.products_categories (category_id, product_id) VALUES (2, 29);
INSERT INTO public.products_categories (category_id, product_id) VALUES (8, 31);
INSERT INTO public.products_categories (category_id, product_id) VALUES (8, 32);
INSERT INTO public.products_categories (category_id, product_id) VALUES (8, 33);
INSERT INTO public.products_categories (category_id, product_id) VALUES (8, 34);
INSERT INTO public.products_categories (category_id, product_id) VALUES (8, 35);
INSERT INTO public.products_categories (category_id, product_id) VALUES (8, 36);
INSERT INTO public.products_categories (category_id, product_id) VALUES (8, 37);
INSERT INTO public.products_categories (category_id, product_id) VALUES (8, 38);
INSERT INTO public.products_categories (category_id, product_id) VALUES (8, 39);
INSERT INTO public.products_categories (category_id, product_id) VALUES (8, 40);
INSERT INTO public.products_categories (category_id, product_id) VALUES (8, 41);
INSERT INTO public.products_categories (category_id, product_id) VALUES (8, 42);
INSERT INTO public.products_categories (category_id, product_id) VALUES (8, 43);
INSERT INTO public.products_categories (category_id, product_id) VALUES (9, 44);
INSERT INTO public.products_categories (category_id, product_id) VALUES (13, 44);
INSERT INTO public.products_categories (category_id, product_id) VALUES (9, 45);
INSERT INTO public.products_categories (category_id, product_id) VALUES (13, 45);
INSERT INTO public.products_categories (category_id, product_id) VALUES (9, 46);
INSERT INTO public.products_categories (category_id, product_id) VALUES (13, 46);
INSERT INTO public.products_categories (category_id, product_id) VALUES (9, 47);
INSERT INTO public.products_categories (category_id, product_id) VALUES (13, 47);
INSERT INTO public.products_categories (category_id, product_id) VALUES (9, 48);
INSERT INTO public.products_categories (category_id, product_id) VALUES (13, 48);
INSERT INTO public.products_categories (category_id, product_id) VALUES (9, 49);
INSERT INTO public.products_categories (category_id, product_id) VALUES (13, 49);
INSERT INTO public.products_categories (category_id, product_id) VALUES (9, 50);
INSERT INTO public.products_categories (category_id, product_id) VALUES (13, 50);
INSERT INTO public.products_categories (category_id, product_id) VALUES (9, 51);
INSERT INTO public.products_categories (category_id, product_id) VALUES (13, 51);
INSERT INTO public.products_categories (category_id, product_id) VALUES (9, 52);
INSERT INTO public.products_categories (category_id, product_id) VALUES (13, 52);
INSERT INTO public.products_categories (category_id, product_id) VALUES (9, 53);
INSERT INTO public.products_categories (category_id, product_id) VALUES (13, 53);
INSERT INTO public.products_categories (category_id, product_id) VALUES (9, 54);
INSERT INTO public.products_categories (category_id, product_id) VALUES (13, 54);
INSERT INTO public.products_categories (category_id, product_id) VALUES (9, 55);
INSERT INTO public.products_categories (category_id, product_id) VALUES (13, 55);
INSERT INTO public.products_categories (category_id, product_id) VALUES (9, 56);
INSERT INTO public.products_categories (category_id, product_id) VALUES (9, 57);
INSERT INTO public.products_categories (category_id, product_id) VALUES (9, 58);
INSERT INTO public.products_categories (category_id, product_id) VALUES (9, 59);
INSERT INTO public.products_categories (category_id, product_id) VALUES (9, 60);
INSERT INTO public.products_categories (category_id, product_id) VALUES (9, 61);
INSERT INTO public.products_categories (category_id, product_id) VALUES (10, 61);
INSERT INTO public.products_categories (category_id, product_id) VALUES (9, 62);
INSERT INTO public.products_categories (category_id, product_id) VALUES (10, 62);
INSERT INTO public.products_categories (category_id, product_id) VALUES (9, 63);
INSERT INTO public.products_categories (category_id, product_id) VALUES (10, 63);
INSERT INTO public.products_categories (category_id, product_id) VALUES (9, 64);
INSERT INTO public.products_categories (category_id, product_id) VALUES (10, 64);
INSERT INTO public.products_categories (category_id, product_id) VALUES (9, 65);
INSERT INTO public.products_categories (category_id, product_id) VALUES (10, 65);
INSERT INTO public.products_categories (category_id, product_id) VALUES (9, 66);
INSERT INTO public.products_categories (category_id, product_id) VALUES (10, 66);
INSERT INTO public.products_categories (category_id, product_id) VALUES (9, 67);
INSERT INTO public.products_categories (category_id, product_id) VALUES (10, 67);
INSERT INTO public.products_categories (category_id, product_id) VALUES (9, 68);
INSERT INTO public.products_categories (category_id, product_id) VALUES (10, 68);
INSERT INTO public.products_categories (category_id, product_id) VALUES (9, 69);
INSERT INTO public.products_categories (category_id, product_id) VALUES (10, 69);
INSERT INTO public.products_categories (category_id, product_id) VALUES (9, 70);
INSERT INTO public.products_categories (category_id, product_id) VALUES (11, 70);
INSERT INTO public.products_categories (category_id, product_id) VALUES (9, 71);
INSERT INTO public.products_categories (category_id, product_id) VALUES (11, 71);
INSERT INTO public.products_categories (category_id, product_id) VALUES (9, 72);
INSERT INTO public.products_categories (category_id, product_id) VALUES (11, 72);
INSERT INTO public.products_categories (category_id, product_id) VALUES (9, 73);
INSERT INTO public.products_categories (category_id, product_id) VALUES (11, 73);
INSERT INTO public.products_categories (category_id, product_id) VALUES (9, 74);
INSERT INTO public.products_categories (category_id, product_id) VALUES (11, 74);
INSERT INTO public.products_categories (category_id, product_id) VALUES (9, 75);
INSERT INTO public.products_categories (category_id, product_id) VALUES (11, 75);
INSERT INTO public.products_categories (category_id, product_id) VALUES (9, 76);
INSERT INTO public.products_categories (category_id, product_id) VALUES (11, 76);
INSERT INTO public.products_categories (category_id, product_id) VALUES (12, 77);
INSERT INTO public.products_categories (category_id, product_id) VALUES (12, 78);
INSERT INTO public.products_categories (category_id, product_id) VALUES (12, 79);
INSERT INTO public.products_categories (category_id, product_id) VALUES (12, 80);
INSERT INTO public.products_categories (category_id, product_id) VALUES (12, 81);
INSERT INTO public.products_categories (category_id, product_id) VALUES (13, 82);
INSERT INTO public.products_categories (category_id, product_id) VALUES (13, 83);
INSERT INTO public.products_categories (category_id, product_id) VALUES (13, 84);
INSERT INTO public.products_categories (category_id, product_id) VALUES (13, 85);
INSERT INTO public.products_categories (category_id, product_id) VALUES (13, 86);
INSERT INTO public.products_categories (category_id, product_id) VALUES (13, 87);
INSERT INTO public.products_categories (category_id, product_id) VALUES (14, 120);
INSERT INTO public.products_categories (category_id, product_id) VALUES (14, 121);
INSERT INTO public.products_categories (category_id, product_id) VALUES (14, 122);
INSERT INTO public.products_categories (category_id, product_id) VALUES (14, 123);
INSERT INTO public.products_categories (category_id, product_id) VALUES (14, 124);
INSERT INTO public.products_categories (category_id, product_id) VALUES (14, 125);
INSERT INTO public.products_categories (category_id, product_id) VALUES (14, 126);
INSERT INTO public.products_categories (category_id, product_id) VALUES (14, 127);
INSERT INTO public.products_categories (category_id, product_id) VALUES (14, 128);
INSERT INTO public.products_categories (category_id, product_id) VALUES (14, 129);
INSERT INTO public.products_categories (category_id, product_id) VALUES (14, 130);
INSERT INTO public.products_categories (category_id, product_id) VALUES (14, 131);
INSERT INTO public.products_categories (category_id, product_id) VALUES (14, 132);
INSERT INTO public.products_categories (category_id, product_id) VALUES (14, 133);
INSERT INTO public.products_categories (category_id, product_id) VALUES (14, 134);
INSERT INTO public.products_categories (category_id, product_id) VALUES (14, 135);
INSERT INTO public.products_categories (category_id, product_id) VALUES (14, 136);
INSERT INTO public.products_categories (category_id, product_id) VALUES (15, 137);
INSERT INTO public.products_categories (category_id, product_id) VALUES (15, 138);
INSERT INTO public.products_categories (category_id, product_id) VALUES (15, 139);
INSERT INTO public.products_categories (category_id, product_id) VALUES (15, 140);
INSERT INTO public.products_categories (category_id, product_id) VALUES (15, 141);


--
-- Name: accounts_id_seq; Type: SEQUENCE SET; Schema: public; Owner: phong
--

SELECT pg_catalog.setval('public.accounts_id_seq', 9, true);


--
-- Name: blogs_id_seq; Type: SEQUENCE SET; Schema: public; Owner: phong
--

SELECT pg_catalog.setval('public.blogs_id_seq', 7, true);


--
-- Name: categories_id_seq; Type: SEQUENCE SET; Schema: public; Owner: phong
--

SELECT pg_catalog.setval('public.categories_id_seq', 15, true);


--
-- Name: comments_id_seq; Type: SEQUENCE SET; Schema: public; Owner: phong
--

SELECT pg_catalog.setval('public.comments_id_seq', 11, true);


--
-- Name: coupons_id_seq; Type: SEQUENCE SET; Schema: public; Owner: phong
--

SELECT pg_catalog.setval('public.coupons_id_seq', 3, true);


--
-- Name: genre1_id_seq; Type: SEQUENCE SET; Schema: public; Owner: phong
--

SELECT pg_catalog.setval('public.genre1_id_seq', 4, true);


--
-- Name: genre2_id_seq; Type: SEQUENCE SET; Schema: public; Owner: phong
--

SELECT pg_catalog.setval('public.genre2_id_seq', 13, true);


--
-- Name: keywords_id_seq; Type: SEQUENCE SET; Schema: public; Owner: phong
--

SELECT pg_catalog.setval('public.keywords_id_seq', 1, false);


--
-- Name: notification_prod_keys_seq; Type: SEQUENCE SET; Schema: public; Owner: phong
--

SELECT pg_catalog.setval('public.notification_prod_keys_seq', 301, true);


--
-- Name: order_details_id_seq; Type: SEQUENCE SET; Schema: public; Owner: phong
--

SELECT pg_catalog.setval('public.order_details_id_seq', 7, true);


--
-- Name: orders_id_seq; Type: SEQUENCE SET; Schema: public; Owner: phong
--

SELECT pg_catalog.setval('public.orders_id_seq', 6, true);


--
-- Name: payments_id_seq; Type: SEQUENCE SET; Schema: public; Owner: phong
--

SELECT pg_catalog.setval('public.payments_id_seq', 7, true);


--
-- Name: product_description_id_seq; Type: SEQUENCE SET; Schema: public; Owner: phong
--

SELECT pg_catalog.setval('public.product_description_id_seq', 140, true);


--
-- Name: product_groups_id_seq; Type: SEQUENCE SET; Schema: public; Owner: phong
--

SELECT pg_catalog.setval('public.product_groups_id_seq', 26, true);


--
-- Name: product_items_id_seq; Type: SEQUENCE SET; Schema: public; Owner: phong
--

SELECT pg_catalog.setval('public.product_items_id_seq', 572, true);


--
-- Name: product_items_used_id_seq; Type: SEQUENCE SET; Schema: public; Owner: phong
--

SELECT pg_catalog.setval('public.product_items_used_id_seq', 19, true);


--
-- Name: products_id_seq; Type: SEQUENCE SET; Schema: public; Owner: phong
--

SELECT pg_catalog.setval('public.products_id_seq', 141, true);


--
-- Name: profiles_id_seq; Type: SEQUENCE SET; Schema: public; Owner: phong
--

SELECT pg_catalog.setval('public.profiles_id_seq', 7, true);


--
-- PostgreSQL database dump complete
--

